BSU24280	IspA	K13789
BSU22740	HepT	K00805
BSU22760	HepS	K00805
BSU16530	UppS	K00806
BSU10810	YisP	K02291
BSU17330	MiaA	K00791
BSU38490	MenA	K02548
BSU12080	CtaO	K02301
BSU14880	CtaB	K02301
BSU29100	PhoR	K07636
BSU29110	PhoP	K07658
BSU33020	CssS	K07650
BSU33010	CssR	K07770
BSU23110	ResE	K07651
BSU23120	ResD	K07775
BSU40400	WalK	K07652
BSU40410	WalR	K07668
BSU30390	BceS	K11629
BSU30400	BceR	K11630
BSU39650	YxdK	K11633
BSU39660	YxdJ	K11634
BSU02010	YbdK	K02484
BSU02560	YcbM	K02484
BSU03760	YclK	K02484
BSU26420	YrkQ	K02484
BSU33210	YvrG	K02484
BSU34710	YvcQ	K02484
BSU02000	YbdJ	K02483
BSU02550	YcbL	K02483
BSU03750	YclJ	K02483
BSU13250	YkoG	K02483
BSU26430	YrkP	K02483
BSU34720	YvcP	K02483
BSU31690	ComP	K07680
BSU31680	ComA	K07691
BSU35500	DegS	K07777
BSU35490	DegU	K07692
BSU19190	DesK	K07778
BSU34070	YvfT	K07778
BSU19200	DesR	K07693
BSU33090	LiaS	K11617
BSU33080	LiaR	K11618
BSU05410	YdfH	K11623
BSU05420	YdfI	K11624
BSU08290	YfiJ	K02480
BSU09320	YhcY	K02480
BSU38900	YxjM	K02480
BSU08300	YfiK	K02479
BSU09330	YhcZ	K02479
BSU34060	YvfU	K02479
BSU38910	YxjL	K02479
BSU13990	KinA	K02491
BSU31450	KinB	K07697
BSU14490	KinC	K07698
BSU13660	KinD	K13532
BSU13530	KinE	K13533
BSU37130	Spo0f	K02490
BSU24220	Spo0a	K07699
BSU07580	CitS	K11637
BSU07590	CitT	K11638
BSU31520	YufL	K11614
BSU31530	YufM	K11615
BSU28930	LytS	K07704
BSU28920	LytT	K07705
BSU02730	NatK	K11640
BSU02740	NatR	K11641
BSU16430	CheA	K03407
BSU16330	CheY	K03413
BSU17940	YneI	K03413
BSU16420	CheB	K03412
BSU14010	CheV	K03415
BSU04450	DctS	K11711
BSU04460	DctR	K11712
BSU02440	GlnJ	K07717
BSU02450	GlnL	K07719
BSU06950	YesM	K07718
BSU06960	YesN	K07720
BSU18410	Ggt	K00681
BSU36100	YwrD	K00681
BSU08690	YgaD	K11085
BSU08210	MalQ	K06147
BSU08220	YfiC	K06147
BSU09710	YheI	K06147
BSU09720	YheH	K06147
BSU14320	YknU	K06147
BSU14330	YknV	K06147
BSU34820	BmrA	K06147
BSU37230	YwjA	K06147
BSU21470	SunT	K06148
BSU38730	CydD	K06148
BSU38740	CydC	K06148
BSU08840	SsuA	K02051
BSU08850	SsuC	K02050
BSU30620	YtlD	K02050
BSU08830	SsuB	K02049
BSU30610	YtlC	K02049
BSU33380	YvgL	K02020
BSU33390	YvgM	K02018
BSU03000	OpuAc	K02002
BSU02990	OpuAb	K02001
BSU02980	OpuAa	K02000
BSU33710	OpuBc	K05845
BSU33810	OpuCc	K05845
BSU33700	OpuBd	K05846
BSU33720	OpuBb	K05846
BSU33800	OpuCd	K05846
BSU33820	OpuCb	K05846
BSU33730	OpuBa	K05847
BSU33830	OpuCa	K05847
BSU34160	CycB	K10108
BSU34610	MdxE	K10108
BSU34150	GanP	K10109
BSU34600	MdxF	K10109
BSU34140	GanQ	K10110
BSU34590	MdxG	K10110
BSU38810	MsmX	K10112
BSU30270	MsmE	K10117
BSU32600	FrlO	K10117
BSU30280	AmyD	K10118
BSU32590	FrlN	K10118
BSU30290	AmyC	K10119
BSU32580	FrlM	K10119
BSU38810	MsmX	K10112
BSU38810	MsmX	K10112
BSU28750	AraN	K10188
BSU28740	AraP	K10189
BSU28730	AraQ	K10190
BSU06970	YesO	K02027
BSU07100	LplA	K02027
BSU30160	YtcQ	K02027
BSU06980	YesP	K02025
BSU07110	LplB	K02025
BSU06990	YesQ	K02026
BSU07120	LplC	K02026
BSU30170	YtcP	K02026
BSU32550	YurJ	K02023
BSU12240	YjkA	K02069
BSU12250	YjkB	K02068
BSU35960	RbsB	K10439
BSU35950	RbsC	K10440
BSU35940	RbsA	K10441
BSU31560	YufP	K02057
BSU31570	YufQ	K02057
BSU31550	YufO	K02056
BSU24990	PstS	K02040
BSU24980	PstC	K02037
BSU24970	PstA	K02038
BSU24950	PstBb	K02036
BSU24960	PstBa	K02036
BSU27440	GlnH	K10039
BSU27450	GlnM	K10040
BSU27430	GlnQ	K10041
BSU03380	YckB	K02030
BSU03610	TcyA	K02030
BSU23980	ArtP	K02030
BSU29370	TcyK	K02030
BSU29380	TcyJ	K02030
BSU39500	YxeM	K02030
BSU03370	YckA	K02029
BSU03600	TcyB	K02029
BSU23970	ArtQ	K02029
BSU27460	GlnP	K02029
BSU29350	TcyM	K02029
BSU29360	TcyL	K02029
BSU39490	YxeN	K02029
BSU03590	TcyC	K02028
BSU23960	ArtR	K02028
BSU29340	TcyN	K02028
BSU39480	YxeO	K02028
BSU09110	YhcJ	K02073
BSU32730	MetN	K02073
BSU32740	MetP	K02072
BSU32750	MetQ	K02071
BSU11430	OppA	K02035
BSU12920	DppA	K02035
BSU12960	DppE	K02035
BSU11390	AppB	K02033
BSU11440	OppB	K02033
BSU12930	DppB	K02033
BSU11400	AppC	K02034
BSU11450	OppC	K02034
BSU12940	DppC	K02034
BSU11360	AppD	K02031
BSU11460	OppD	K02031
BSU12950	DppD	K02031
BSU11370	AppF	K02032
BSU11470	OppF	K02032
BSU13000	YkfD	K02032
BSU01630	FeuA	K02016
BSU03830	YclQ	K02016
BSU07520	YfmC	K02016
BSU08440	YfiY	K02016
BSU10330	YhfQ	K02016
BSU33180	YvrC	K02016
BSU33320	FhuD	K02016
BSU39610	YxeB	K02016
BSU01610	FeuC	K02015
BSU01620	FeuB	K02015
BSU03800	YclN	K02015
BSU03810	YclO	K02015
BSU07500	YfmE	K02015
BSU07510	YfmD	K02015
BSU08450	YfiZ	K02015
BSU08460	YfhA	K02015
BSU33170	YvrB	K02015
BSU33300	FhuG	K02015
BSU33310	FhuB	K02015
BSU03820	YclP	K02013
BSU07490	YfmF	K02013
BSU15340	YlmA	K02013
BSU32940	YusV	K02013
BSU33160	YvrA	K02013
BSU33290	FhuC	K02013
BSU02850	AdcA	K09815
BSU26830	YrpE	K09815
BSU02870	AdcB	K09816
BSU02860	AdcC	K09817
BSU30770	MntA	K11707
BSU30750	MntC	K11708
BSU30740	MntD	K11709
BSU30760	MntB	K11710
BSU01470	YbaF	K02008
BSU13210	ThiX	K02008
BSU01450	CbiO	K02006
BSU01460	CbiO	K02006
BSU13220	ThiW	K02006
BSU01470	YbaF	K02008
BSU13210	ThiX	K02008
BSU01450	CbiO	K02006
BSU01460	CbiO	K02006
BSU13220	ThiW	K02006
BSU04500	YdbK	K09686
BSU08320	YfiM	K09686
BSU08330	YfiN	K09686
BSU09090	YhcI	K09686
BSU34080	YvfS	K09686
BSU40140	YydJ	K09686
BSU02570	YcbN	K09687
BSU04490	YdbJ	K09687
BSU08310	YfiL	K09687
BSU09080	YhcH	K09687
BSU30450	YtrB	K09687
BSU34090	YvfR	K09687
BSU40150	YydI	K09687
BSU40620	YybJ	K09687
BSU35710	TagG	K09692
BSU35700	TagH	K09693
BSU02760	NatB	K09696
BSU02750	NatA	K09697
BSU09900	NatB	K01992
BSU10050	EcsB	K01992
BSU30000	YthQ	K01992
BSU38650	YxlG	K01992
BSU09070	YhcG	K01990
BSU09890	NatA	K01990
BSU10040	EcsA	K01990
BSU30010	YthP	K01990
BSU37390	AlbC	K01990
BSU38660	YxlF	K01990
BSU30370	BceB	K11632
BSU30380	BceA	K11631
BSU39630	YxdM	K11636
BSU39640	YxdL	K11635
BSU33270	YvrO	K09810
BSU35250	FtsX	K09811
BSU35260	FtsE	K09812
BSU32710	SufC	K09013
BSU33960	AraE	K02100
BSU35830	YwtG	K08139
BSU06230	IolT	K06609
BSU39710	IolF	K06610
BSU10520	GlcP	K08174
BSU06370	PbuG	K06901
BSU29990	PbuO	K06901
BSU02480	GudP	K03535
BSU12360	ExuT	K08191
BSU40480	YycB	K03449
BSU02140	GlpT	K02445
BSU03330	NasA	K02575
BSU37320	NarK	K02575
BSU05680	YdgK	K07552
BSU24010	Bmr	K08153
BSU26590	Blt	K08153
BSU01890	YbcL	K08164
BSU05800	PbuE	K08164
BSU37570	Mmr	K08166
BSU40770	TetB	K08168
BSU10980	YitG	K08221
BSU07320	YfnC	K08223
BSU39100	YxiO	K06902
BSU25010	YqgE	K08222
BSU02950	YceI	K08369
BSU40840	YyaJ	K08369
BSU13910	PtsI	K08483
BSU13900	PtsH	K11189
BSU22230	YpqE	K02777
BSU40120	YyzE	K02777
BSU07700	NagP	K02803
BSU22230	YpqE	K02777
BSU40120	YyzE	K02777
BSU02350	NagP	K02763
BSU13890	PtsG	K02763
BSU01680	YbbF	K02809
BSU38050	SacP	K02809
BSU38410	SacX	K02809
BSU39270	BglP	K02755
BSU22230	YpqE	K02777
BSU40120	YyzE	K02777
BSU22230	YpqE	K02777
BSU40120	YyzE	K02777
BSU07800	TreP	K02818
BSU22230	YpqE	K02777
BSU40120	YyzE	K02777
BSU22230	YpqE	K02777
BSU40120	YyzE	K02777
BSU08200	MalP	K02749
BSU14400	FruA	K02768
BSU03982	MtlF	K02798
BSU03981	MtlA	K02799
BSU05820	GmuA	K02759
BSU38570	LicA	K02759
BSU05810	GmuB	K02760
BSU38590	LicB	K02760
BSU05830	GmuC	K02761
BSU38390	YwbA	K02761
BSU38580	LicC	K02761
BSU12010	ManP	K02793
BSU27050	LevF	K02795
BSU27070	LevD	K11194
BSU27060	LevE	K11195
BSU27040	LevG	K02771
BSU15900	FabD	K00645
BSU11340	FabF	K09458
BSU10170	FabHb	K00648
BSU11330	FabHa	K00648
BSU15910	FabG	K00059
BSU16870	FabG	K00059
BSU29420	FabG	K00059
BSU36370	FabZ	K02372
BSU11720	FabI	K00208
BSU08650	FabL	K10780
BSU19180	Des	K10255
BSU17180	PksJ	K13611
BSU17190	PksL	K13612
BSU17200	PksM	K13613
BSU17210	PksN	K13614
BSU17220	PksR	K13615
BSU29560	YtcI	K01895
BSU29680	AcsA	K01895
BSU10270	YhfL	K01897
BSU28560	LcfA	K01897
BSU10360	YhfT	K00666
BSU18250	YngI	K00666
BSU15890	PlsX	K03621
BSU18070	YneS	K08591
BSU24850	GlcK	K00845
BSU31350	Pgi	K01810
BSU29190	PfkA	K00850
BSU37090	GlpX	K02446
BSU40190	Fbp	K04041
BSU37120	FbaA	K01624
BSU33920	TpiA	K01803
BSU29020	GapB	K00134
BSU33940	GapA	K00134
BSU33930	Pgk	K00927
BSU10340	PhoE	K01834
BSU33910	Pgm	K01834
BSU33900	Eno	K01689
BSU29180	Pyk	K00873
BSU08060	AcoA	K00161
BSU14580	PdhA	K00161
BSU08070	AcoB	K00162
BSU14590	PdhB	K00162
BSU08080	AcoC	K00627
BSU14600	PdhC	K00627
BSU08090	AcoL	K00382
BSU14610	PdhD	K00382
BSU24060	LpdV	K00382
BSU03050	Ldh	K00016
BSU26970	AdhB	K00121
BSU02470	YcbD	K00128
BSU07350	YfmT	K00128
BSU19310	DhaS	K00128
BSU37960	YwdH	K00128
BSU38830	AldY	K00128
BSU39860	AldX	K00128
BSU29560	YtcI	K01895
BSU29680	AcsA	K01895
BSU34550	PgcM	K01838
BSU09310	PgcA	K01835
BSU30560	PckA	K01610
BSU38560	LicH	K01222
BSU40110	BglA	K01223
BSU22230	YpqE	K02777
BSU40120	YyzE	K02777
BSU08200	MalP	K02749
BSU09440	CitA	K01647
BSU24140	MmgD	K01647
BSU29140	CitZ	K01647
BSU18000	CitB	K01681
BSU29130	Icd	K00031
BSU19370	SucA	K00164
BSU19360	OdhB	K00658
BSU08090	AcoL	K00382
BSU14610	PdhD	K00382
BSU24060	LpdV	K00382
BSU16100	SucD	K01902
BSU16090	SucC	K01903
BSU28440	SdhA	K00239
BSU28430	SdhB	K00240
BSU28450	SdhC	K00241
BSU33040	FumC	K01679
BSU29120	Mdh	K00024
BSU14860	PycA	K01958
BSU30560	PckA	K01610
BSU08060	AcoA	K00161
BSU14580	PdhA	K00161
BSU08070	AcoB	K00162
BSU14590	PdhB	K00162
BSU08080	AcoC	K00627
BSU14600	PdhC	K00627
BSU31350	Pgi	K01810
BSU23850	Zwf	K00036
BSU13010	YkgB	K07404
BSU23860	YqjI	K00033
BSU25730	YqeC	K00033
BSU40080	GntZ	K00033
BSU15790	Rpe	K01783
BSU17890	Tkt	K00615
BSU37110	YwjH	K00616
BSU36920	YwlF	K01808
BSU39420	DeoC	K01619
BSU35920	RbsK	K00852
BSU23500	Drm	K01839
BSU09310	PgcA	K01835
BSU00510	Prs	K00948
BSU22100	KdgA	K01625
BSU02830	YcdF	K00034
BSU03930	Gdh	K00034
BSU34680	YvcT	K00090
BSU40060	GntK	K00851
BSU22110	KdgK	K00874
BSU37120	FbaA	K01624
BSU29190	PfkA	K00850
BSU37090	GlpX	K02446
BSU40190	Fbp	K04041
BSU07560	Pel	K01728
BSU22130	KduI	K01815
BSU22140	KduD	K00065
BSU22110	KdgK	K00874
BSU22100	KdgA	K01625
BSU12300	UxaC	K01812
BSU12380	UxaB	K00041
BSU12390	UxaA	K01685
BSU12340	UxuA	K01686
BSU30860	YtcA	K00012
BSU35580	TuaD	K00012
BSU36230	YwqF	K00012
BSU18180	YngB	K00963
BSU30850	YtdA	K00963
BSU35670	GtaB	K00963
BSU28780	AraD	K01786
BSU15790	Rpe	K01783
BSU03460	HxlA	K08093
BSU03450	HxlB	K08094
BSU28800	AraA	K01804
BSU28790	AraB	K00853
BSU17610	XylB	K00854
BSU17600	XylA	K01805
BSU02470	YcbD	K00128
BSU07350	YfmT	K00128
BSU19310	DhaS	K00128
BSU37960	YwdH	K00128
BSU38830	AldY	K00128
BSU39860	AldX	K00128
BSU05880	GmuG	K01218
BSU05860	GmuE	K00847
BSU06170	YdjE	K00847
BSU05870	GmuF	K01809
BSU12020	ManA	K01809
BSU35790	YvyI	K01809
BSU09310	PgcA	K01835
BSU31180	YulE	K01813
BSU29190	PfkA	K00850
BSU37090	GlpX	K02446
BSU40190	Fbp	K04041
BSU03990	MtlD	K00009
BSU12330	YjmD	K00100
BSU31370	YugJ	K00100
BSU14390	FruK	K00882
BSU06150	GutB	K00008
BSU17600	XylA	K01805
BSU37120	FbaA	K01624
BSU33920	TpiA	K01803
BSU14400	FruA	K02768
BSU12010	ManP	K02793
BSU27050	LevF	K02795
BSU03982	MtlF	K02798
BSU03981	MtlA	K02799
BSU38200	GalK	K00849
BSU38860	GalE	K01784
BSU18180	YngB	K00963
BSU30850	YtdA	K00963
BSU35670	GtaB	K00963
BSU09310	PgcA	K01835
BSU24850	GlcK	K00845
BSU07080	YesZ	K01190
BSU34130	GanA	K12308
BSU38190	GalT	K00965
BSU30300	MelA	K07406
BSU29190	PfkA	K00850
BSU38040	SacA	K01193
BSU31290	YugT	K01187
BSU30860	YtcA	K00012
BSU35580	TuaD	K00012
BSU36230	YwqF	K00012
BSU02470	YcbD	K00128
BSU07350	YfmT	K00128
BSU19310	DhaS	K00128
BSU37960	YwdH	K00128
BSU38830	AldY	K00128
BSU39860	AldX	K00128
BSU02490	GudD	K01706
BSU02460	YcbC	K01707
BSU02510	GarD	K01708
BSU27030	SacC	K01212
BSU34460	LevB	K01212
BSU34450	SacB	K00692
BSU01680	YbbF	K02809
BSU38050	SacP	K02809
BSU38410	SacX	K02809
BSU38040	SacA	K01193
BSU31290	YugT	K01187
BSU03410	BglC	K01188
BSU39260	BglH	K01188
BSU05840	GmuD	K05350
BSU07810	TreA	K01226
BSU34550	PgcM	K01838
BSU08180	MalA	K01232
BSU22230	YpqE	K02777
BSU40120	YyzE	K02777
BSU07800	TreP	K02818
BSU34570	YvdK	K00691
BSU30860	YtcA	K00012
BSU35580	TuaD	K00012
BSU36230	YwqF	K00012
BSU17580	XynB	K01198
BSU18180	YngB	K00963
BSU30850	YtdA	K00963
BSU35670	GtaB	K00963
BSU09310	PgcA	K01835
BSU24850	GlcK	K00845
BSU31350	Pgi	K01810
BSU05860	GmuE	K00847
BSU06170	YdjE	K00847
BSU30960	GlgD	K00975
BSU30970	GlgC	K00975
BSU30950	GlgA	K00703
BSU30980	GlgB	K00700
BSU30940	GlgP	K00688
BSU03040	AmyE	K01176
BSU02840	YcdG	K01182
BSU34560	MalL	K01182
BSU18130	EglS	K01179
BSU28820	YsdC	K01179
BSU01660	YbbD	K01207
BSU26890	Csn	K01233
BSU22230	YpqE	K02777
BSU40120	YyzE	K02777
BSU01700	MurQ	K07106
BSU07700	NagP	K02803
BSU00500	GlmU	K04042
BSU35660	MnaA	K01791
BSU36760	MurAa	K00790
BSU37100	MurAb	K00790
BSU15230	MurB	K00075
BSU02350	NagP	K02763
BSU13890	PtsG	K02763
BSU01770	GlmM	K03431
BSU35010	NagA	K01443
BSU05860	GmuE	K00847
BSU06170	YdjE	K00847
BSU02360	NagBb	K02564
BSU35020	NagBa	K02564
BSU01780	GlmS	K00820
BSU01900	YbcM	K00820
BSU09650	YhdZ	K12410
BSU28510	Xsa	K01209
BSU28720	AbfA	K01209
BSU17580	XynB	K01198
BSU24850	GlcK	K00845
BSU31350	Pgi	K01810
BSU09310	PgcA	K01835
BSU18180	YngB	K00963
BSU30850	YtdA	K00963
BSU35670	GtaB	K00963
BSU38190	GalT	K00965
BSU30860	YtcA	K00012
BSU35580	TuaD	K00012
BSU36230	YwqF	K00012
BSU38200	GalK	K00849
BSU38860	GalE	K01784
BSU12010	ManP	K02793
BSU27050	LevF	K02795
BSU05870	GmuF	K01809
BSU12020	ManA	K01809
BSU35790	YvyI	K01809
BSU27070	LevD	K11194
BSU27060	LevE	K11195
BSU27040	LevG	K02771
BSU30960	GlgD	K00975
BSU30970	GlgC	K00975
BSU29560	YtcI	K01895
BSU29680	AcsA	K01895
BSU08060	AcoA	K00161
BSU14580	PdhA	K00161
BSU08070	AcoB	K00162
BSU14590	PdhB	K00162
BSU08080	AcoC	K00627
BSU14600	PdhC	K00627
BSU08090	AcoL	K00382
BSU14610	PdhD	K00382
BSU24060	LpdV	K00382
BSU29470	AckA	K00925
BSU37660	EutD	K00625
BSU29180	Pyk	K00873
BSU29200	AccA	K01962
BSU24350	AccB	K02160
BSU18240	YngH	K01961
BSU24340	AccC	K01961
BSU29210	AccD	K01963
BSU07640	YflL	K01512
BSU02470	YcbD	K00128
BSU07350	YfmT	K00128
BSU19310	DhaS	K00128
BSU37960	YwdH	K00128
BSU38830	AldY	K00128
BSU39860	AldX	K00128
BSU04340	YdaP	K00158
BSU03050	Ldh	K00016
BSU38370	YwbC	K01759
BSU40860	YyaH	K01759
BSU22480	MgsA	K01734
BSU23550	MleA	K00027
BSU29220	YtsJ	K00027
BSU29880	MalS	K00027
BSU37050	YwkA	K00027
BSU14860	PycA	K01958
BSU29120	Mdh	K00024
BSU30560	PckA	K01610
BSU18830	Pps	K01007
BSU10350	YhfS	K00626
BSU24170	MmgA	K00626
BSU28280	LeuA	K01649
BSU29120	Mdh	K00024
BSU09440	CitA	K01647
BSU24140	MmgD	K01647
BSU29140	CitZ	K01647
BSU18000	CitB	K01681
BSU28680	GlcD	K00104
BSU28690	GlcF	K11473
BSU40040	GlxK	K00865
BSU04000	YcsA	K07246
BSU22100	KdgA	K01625
BSU18670	YoaN	K01569
BSU33240	OxdC	K01569
BSU12160	YjgC	K00123
BSU18570	YoaE	K00123
BSU27220	YrhE	K00123
BSU24310	FolD	K01491
BSU13110	PurU	K01433
BSU10350	YhfS	K00626
BSU24170	MmgA	K00626
BSU29560	YtcI	K01895
BSU29680	AcsA	K01895
BSU29470	AckA	K00925
BSU37660	EutD	K00625
BSU09880	YhaR	K01692
BSU17160	PksH	K01692
BSU18220	YngF	K01692
BSU29200	AccA	K01962
BSU24350	AccB	K02160
BSU18240	YngH	K01961
BSU24340	AccC	K01961
BSU29210	AccD	K01963
BSU03900	GabT	K07250
BSU18210	YngE	K01966
BSU23920	YqjD	K01966
BSU16090	SucC	K01903
BSU16100	SucD	K01902
BSU39760	MmsA	K00140
BSU24130	PrpD	K01720
BSU02470	YcbD	K00128
BSU07350	YfmT	K00128
BSU19310	DhaS	K00128
BSU37960	YwdH	K00128
BSU38830	AldY	K00128
BSU39860	AldX	K00128
BSU03050	Ldh	K00016
BSU10350	YhfS	K00626
BSU24170	MmgA	K00626
BSU24160	MmgB	K00074
BSU09880	YhaR	K01692
BSU17160	PksH	K01692
BSU18220	YngF	K01692
BSU24070	Buk	K00929
BSU24090	Ptb	K00634
BSU12330	YjmD	K00100
BSU31370	YugJ	K00100
BSU04000	YcsA	K07246
BSU28440	SdhA	K00239
BSU28430	SdhB	K00240
BSU28450	SdhC	K00241
BSU03910	GabD	K00135
BSU03900	GabT	K07250
BSU17150	PksG	K01641
BSU18230	YngG	K01640
BSU38990	ScoA	K01028
BSU38980	ScoB	K01029
BSU38970	YxjF	K00019
BSU08060	AcoA	K00161
BSU14580	PdhA	K00161
BSU08070	AcoB	K00162
BSU14590	PdhB	K00162
BSU28310	IlvB	K01652
BSU36010	AlsS	K01652
BSU28300	IlvH	K01653
BSU36000	AlsD	K01575
BSU28310	IlvB	K01652
BSU36010	AlsS	K01652
BSU28300	IlvH	K01653
BSU36000	AlsD	K01575
BSU16090	SucC	K01903
BSU16100	SucD	K01902
BSU28260	LeuC	K01703
BSU28250	LeuD	K01704
BSU14670	SuhB	K01092
BSU19800	Phy	K01083
BSU27770	YrbE	K00010
BSU39700	IolG	K00010
BSU39720	IolE	K03335
BSU39730	IolD	K03336
BSU39750	IolB	K03337
BSU39740	IolC	K03338
BSU39670	IolJ	K03339
BSU39760	MmsA	K00140
BSU33920	TpiA	K01803
BSU01830	NdhF	K05577
BSU12290	Ndh	K03885
BSU32100	YumB	K03885
BSU32200	YutJ	K03885
BSU28440	SdhA	K00239
BSU28430	SdhB	K00240
BSU28450	SdhC	K00241
BSU22560	QcrA	K03886
BSU22550	QcrB	K03887
BSU22540	QcrC	K03888
BSU12080	CtaO	K02301
BSU14880	CtaB	K02301
BSU14920	CtaF	K02277
BSU14910	CtaE	K02276
BSU14900	CtaD	K02274
BSU14890	CtaC	K02275
BSU14870	CtaA	K02259
BSU38140	QoxD	K02829
BSU38150	QoxC	K02828
BSU38160	QoxB	K02827
BSU38170	QoxA	K02826
BSU30710	YthA	K00425
BSU38760	CydA	K00425
BSU30720	YthB	K00426
BSU38750	CydB	K00426
BSU36800	AtpC	K02114
BSU36810	AtpD	K02112
BSU36820	AtpG	K02115
BSU36830	AtpA	K02111
BSU36840	AtpH	K02113
BSU36850	AtpF	K02109
BSU36860	AtpE	K02110
BSU36870	AtpB	K02108
BSU40550	PpaC	K01507
BSU34970	HprP	K06019
BSU08820	KatA	K03781
BSU38630	KatX	K03781
BSU39050	KatE	K03781
BSU26970	AdhB	K00121
BSU12160	YjgC	K00123
BSU18570	YoaE	K00123
BSU27220	YrhE	K00123
BSU36900	GlyA	K00600
BSU40040	GlxK	K00865
BSU33900	Eno	K01689
BSU29120	Mdh	K00024
BSU37120	FbaA	K01624
BSU29190	PfkA	K00850
BSU03450	HxlB	K08094
BSU03460	HxlA	K08093
BSU29470	AckA	K00925
BSU37660	EutD	K00625
BSU10950	YitD	K08097
BSU10940	YitC	K05979
BSU29560	YtcI	K01895
BSU29680	AcsA	K01895
BSU18830	Pps	K01007
BSU10340	PhoE	K01834
BSU33910	Pgm	K01834
BSU18560	YoaD	K00058
BSU23070	SerA	K00058
BSU10020	SerC	K00831
BSU09680	NhaC	K03315
BSU23560	MleN	K03315
BSU30690	YtiB	K01673
BSU34670	YvdA	K01673
BSU37280	NarG	K00370
BSU37270	NarH	K00371
BSU37260	NarJ	K00373
BSU37250	NarI	K00374
BSU03310	NasC	K00372
BSU03300	NasD	K00362
BSU03320	NasB	K00362
BSU03290	NasE	K00363
BSU03130	NadE	K01916
BSU24570	GcvT	K00605
BSU39350	HutH	K01745
BSU23570	AspA	K01744
BSU02690	AnsZ	K01424
BSU23580	AnsA	K01424
BSU22960	GudB	K00260
BSU37790	RocG	K00260
BSU17460	GlnA	K01915
BSU02430	YbgJ	K01425
BSU14830	YlaM	K01425
BSU18450	GltA	K00265
BSU18440	GltD	K00266
BSU10790	AsnO	K01953
BSU30540	AsnB	K01953
BSU39920	AsnH	K01953
BSU11880	YjcJ	K01760
BSU27250	YrhB	K01760
BSU31440	PatB	K14155
BSU26800	YrpB	K00459
BSU15600	CysC	K00860
BSU10920	Sat	K00958
BSU15590	Sat	K00958
BSU10930	YitB	K00390
BSU15570	CysH	K00390
BSU33430	YvgQ	K00381
BSU33440	CysJ	K00380
BSU11880	YjcJ	K01760
BSU27250	YrhB	K01760
BSU31440	PatB	K14155
BSU11870	YjcI	K01739
BSU21910	MetA	K00651
BSU00930	CysE	K00640
BSU00730	CysK	K01738
BSU27260	MccA	K01738
BSU29970	YtkP	K01738
BSU29200	AccA	K01962
BSU24350	AccB	K02160
BSU18240	YngH	K01961
BSU24340	AccC	K01961
BSU29210	AccD	K01963
BSU15900	FabD	K00645
BSU11340	FabF	K09458
BSU10170	FabHb	K00648
BSU11330	FabHa	K00648
BSU15910	FabG	K00059
BSU16870	FabG	K00059
BSU29420	FabG	K00059
BSU36370	FabZ	K02372
BSU11720	FabI	K00208
BSU08650	FabL	K10780
BSU10350	YhfS	K00626
BSU24170	MmgA	K00626
BSU32830	YusK	K00632
BSU09880	YhaR	K01692
BSU17160	PksH	K01692
BSU18220	YngF	K01692
BSU32840	FadN	K07516
BSU28540	YsiB	K13767
BSU10270	YhfL	K01897
BSU28560	LcfA	K01897
BSU26970	AdhB	K00121
BSU02470	YcbD	K00128
BSU07350	YfmT	K00128
BSU19310	DhaS	K00128
BSU37960	YwdH	K00128
BSU38830	AldY	K00128
BSU39860	AldX	K00128
BSU07250	YetO	K14338
BSU27160	CypB	K14338
BSU17150	PksG	K01641
BSU18230	YngG	K01640
BSU38990	ScoA	K01028
BSU38980	ScoB	K01029
BSU10350	YhfS	K00626
BSU24170	MmgA	K00626
BSU38970	YxjF	K00019
BSU19320	SqhC	K06045
BSU40040	GlxK	K00865
BSU02470	YcbD	K00128
BSU07350	YfmT	K00128
BSU19310	DhaS	K00128
BSU37960	YwdH	K00128
BSU38830	AldY	K00128
BSU39860	AldX	K00128
BSU09290	GlpK	K00864
BSU15890	PlsX	K03621
BSU18070	YneS	K08591
BSU25310	DgkA	K00901
BSU02700	EstA	K01046
BSU21920	UgtP	K03429
BSU30300	MelA	K07406
BSU22830	GpsA	K00057
BSU09300	GlpD	K00111
BSU15890	PlsX	K03621
BSU18070	YneS	K08591
BSU35740	TagD	K00980
BSU25310	DgkA	K00901
BSU30510	YtpA	K01048
BSU02130	GlpQ	K01126
BSU09620	YhdW	K01126
BSU24180	YqiK	K01126
BSU16540	CdsA	K00981
BSU02270	PssA	K00998
BSU02290	Psd	K01613
BSU16920	PgsA	K00995
BSU36590	ClsA	K06131
BSU37190	ClsB	K06131
BSU37240	YwiE	K06131
BSU07080	YesZ	K01190
BSU30300	MelA	K07406
BSU21900	BsaA	K00432
BSU18410	Ggt	K00681
BSU36100	YwrD	K00681
BSU12330	YjmD	K00100
BSU31370	YugJ	K00100
BSU32830	YusK	K00632
BSU15910	FabG	K00059
BSU16870	FabG	K00059
BSU29420	FabG	K00059
BSU19180	Des	K10255
BSU03520	SrfAd	K01076
BSU23610	NudF	K01515
BSU23500	Drm	K01839
BSU09310	PgcA	K01835
BSU00510	Prs	K00948
BSU06490	PurF	K00764
BSU06530	PurD	K01945
BSU06510	PurN	K11175
BSU02230	PurT	K08289
BSU06460	PurS	K01952
BSU06470	PurQ	K01952
BSU06480	PurL	K01952
BSU06500	PurM	K01933
BSU06430	PurK	K01589
BSU06420	PurE	K01588
BSU06450	PurC	K01923
BSU06440	PurB	K01756
BSU06520	PurH	K00602
BSU27610	Apt	K00759
BSU23490	PupG	K03783
BSU19630	DeoD	K03784
BSU00680	HprT	K00760
BSU00090	GuaB	K00088
BSU09230	YhcV	K00088
BSU22730	Ndk	K00940
BSU22070	Xpt	K03816
BSU32470	PucE	K00087
BSU32480	PucD	K00087
BSU32490	PucC	K00087
BSU32500	PucB	K00087
BSU32510	PucA	K00087
BSU06360	GuaA	K01951
BSU32130	GuaC	K00364
BSU13170	GuaD	K01487
BSU15680	Gmk	K00942
BSU29180	Pyk	K00873
BSU17380	NrdE	K00525
BSU20060	NrdEb	K00525
BSU17390	NrdF	K00526
BSU20040	NrdF	K00526
BSU01430	RpoA	K03040
BSU01070	RpoB	K03043
BSU01080	RpoC	K03046
BSU37160	RpoE	K03048
BSU15690	RpoZ	K03060
BSU29090	PolA	K02335
BSU20340	YorL	K02337
BSU29230	DnaE	K02337
BSU16580	PolC	K03763
BSU00020	DnaN	K02338
BSU00190	DnaX	K02343
BSU25560	HolA	K02340
BSU00310	HolB	K02341
BSU27600	RelA	K00951
BSU11600	YjbM	K07816
BSU40420	PurA	K01939
BSU06560	YerA	K01486
BSU14520	AdeC	K01486
BSU07840	YfkN	K01119
BSU01370	Adk	K00939
BSU28360	YsnA	K01516
BSU16690	PnpA	K00962
BSU15600	CysC	K00860
BSU10920	Sat	K00958
BSU15590	Sat	K00958
BSU32450	PucL	K00365
BSU32460	PucM	K07127
BSU32410	PucH	K01466
BSU32530	YurH	K02083
BSU36640	UreC	K01428
BSU36650	UreB	K01429
BSU36660	UreA	K01430
BSU11240	CarB	K01955
BSU15520	CarB	K01955
BSU11230	CarA	K01956
BSU15510	PyrAa	K01956
BSU15490	PyrB	K00609
BSU15500	PyrC	K01465
BSU15540	PyrD	K00226
BSU15560	PyrE	K00762
BSU15550	PyrF	K01591
BSU22890	Cmk	K00945
BSU16510	PyrH	K09903
BSU22730	Ndk	K00940
BSU16690	PnpA	K00962
BSU37150	PyrG	K01937
BSU01430	RpoA	K03040
BSU01070	RpoB	K03043
BSU01080	RpoC	K03046
BSU37160	RpoE	K03048
BSU15690	RpoZ	K03060
BSU29090	PolA	K02335
BSU20340	YorL	K02337
BSU29230	DnaE	K02337
BSU16580	PolC	K03763
BSU00020	DnaN	K02338
BSU00190	DnaX	K02343
BSU25560	HolA	K02340
BSU00310	HolB	K02341
BSU27330	Udk	K00876
BSU36890	Upp	K00761
BSU15470	PyrR	K02825
BSU39400	Pdp	K00756
BSU03270	YcgT	K00384
BSU32110	YumC	K00384
BSU34790	TrxB	K00384
BSU17380	NrdE	K00525
BSU20060	NrdEb	K00525
BSU17390	NrdF	K00526
BSU20040	NrdF	K00526
BSU17660	YncF	K01520
BSU20020	YosS	K01520
BSU17680	ThyA	K00560
BSU21820	ThyA	K00560
BSU25300	Cdd	K01489
BSU23490	PupG	K03783
BSU19630	DeoD	K03784
BSU25580	ComEb	K01493
BSU37060	Tdk	K00857
BSU00280	Tmk	K00943
BSU07840	YfkN	K01119
BSU22370	AspB	K00812
BSU09570	YhdR	K11358
BSU27870	NadB	K00278
BSU02690	AnsZ	K01424
BSU23580	AnsA	K01424
BSU10790	AsnO	K01953
BSU30540	AsnB	K01953
BSU39920	AsnH	K01953
BSU31930	Ald	K00259
BSU23570	AspA	K01744
BSU29450	ArgG	K01940
BSU29440	ArgH	K01755
BSU40420	PurA	K01939
BSU06440	PurB	K01756
BSU15490	PyrB	K00609
BSU03900	GabT	K07250
BSU03910	GabD	K00135
BSU18450	GltA	K00265
BSU18440	GltD	K00266
BSU22960	GudB	K00260
BSU37790	RocG	K00260
BSU03210	YcgN	K00294
BSU37780	RocA	K00294
BSU17460	GlnA	K01915
BSU11240	CarB	K01955
BSU15520	CarB	K01955
BSU11230	CarA	K01956
BSU15510	PyrAa	K01956
BSU02430	YbgJ	K01425
BSU14830	YlaM	K01425
BSU01780	GlmS	K00820
BSU01900	YbcM	K00820
BSU06490	PurF	K00764
BSU03790	YclM	K00928
BSU16760	DapG	K00928
BSU28470	LysC	K00928
BSU16750	Asd	K00133
BSU32260	Hom	K00003
BSU32240	ThrB	K00872
BSU32250	ThrC	K01733
BSU36900	GlyA	K00600
BSU10020	SerC	K00831
BSU18560	YoaD	K00058
BSU23070	SerA	K00058
BSU40040	GlxK	K00865
BSU17000	Kbl	K00639
BSU16990	Tdh	K00060
BSU24560	GcvPa	K00282
BSU24550	GcvPb	K00283
BSU24570	GcvT	K00605
BSU08090	AcoL	K00382
BSU14610	PdhD	K00382
BSU24060	LpdV	K00382
BSU02270	PssA	K00998
BSU31050	GbsB	K11440
BSU31060	GbsA	K00130
BSU15850	SdaAb	K01752
BSU15860	SdaAa	K01752
BSU21770	IlvA	K01754
BSU23770	DsdA	K01753
BSU22630	TrpA	K01695
BSU22640	TrpB	K01696
BSU00930	CysE	K00640
BSU00730	CysK	K01738
BSU27260	MccA	K01738
BSU29970	YtkP	K01738
BSU11880	YjcJ	K01760
BSU27250	YrhB	K01760
BSU31440	PatB	K14155
BSU02410	MmuM	K00547
BSU11010	YitJ	K00547
BSU13180	MetE	K00549
BSU30550	MetK	K00789
BSU29010	SpeD	K01611
BSU37500	SpeE	K00797
BSU27270	Mtn	K01243
BSU13560	MtnK	K00899
BSU13550	MtnA	K08963
BSU13610	MtnB	K08964
BSU13590	MtnW	K08965
BSU13600	MtnX	K08966
BSU13620	MtnD	K08967
BSU13580	YkrV	K08969
BSU06060	YdiO	K00558
BSU06070	YdiP	K00558
BSU20250	MtbP	K00558
BSU30670	LuxS	K07173
BSU03790	YclM	K00928
BSU16760	DapG	K00928
BSU28470	LysC	K00928
BSU16750	Asd	K00133
BSU32260	Hom	K00003
BSU21910	MetA	K00651
BSU11870	YjcI	K01739
BSU22370	AspB	K00812
BSU09570	YhdR	K11358
BSU03050	Ldh	K00016
BSU15850	SdaAb	K01752
BSU15860	SdaAa	K01752
BSU02390	YbgE	K00826
BSU38550	YwaA	K00826
BSU24050	BkdAa	K00166
BSU24040	BkdAb	K00167
BSU24030	BkdB	K09699
BSU08090	AcoL	K00382
BSU14610	PdhD	K00382
BSU24060	LpdV	K00382
BSU09880	YhaR	K01692
BSU17160	PksH	K01692
BSU18220	YngF	K01692
BSU32830	YusK	K00632
BSU18210	YngE	K01966
BSU23920	YqjD	K01966
BSU07990	YfjR	K00020
BSU39760	MmsA	K00140
BSU02470	YcbD	K00128
BSU07350	YfmT	K00128
BSU19310	DhaS	K00128
BSU37960	YwdH	K00128
BSU38830	AldY	K00128
BSU39860	AldX	K00128
BSU03900	GabT	K07250
BSU18230	YngG	K01640
BSU38990	ScoA	K01028
BSU38980	ScoB	K01029
BSU10350	YhfS	K00626
BSU24170	MmgA	K00626
BSU17150	PksG	K01641
BSU24080	Bcd	K00263
BSU21770	IlvA	K01754
BSU28260	LeuC	K01703
BSU28250	LeuD	K01704
BSU28310	IlvB	K01652
BSU36010	AlsS	K01652
BSU28300	IlvH	K01653
BSU28290	IlvC	K00053
BSU21870	IlvD	K01687
BSU02390	YbgE	K00826
BSU38550	YwaA	K00826
BSU24080	Bcd	K00263
BSU28280	LeuA	K01649
BSU28270	LeuB	K00052
BSU30320	LeuS	K01869
BSU15430	IleS	K01870
BSU28090	ValS	K01873
BSU08060	AcoA	K00161
BSU14580	PdhA	K00161
BSU08070	AcoB	K00162
BSU14590	PdhB	K00162
BSU32260	Hom	K00003
BSU03790	YclM	K00928
BSU16760	DapG	K00928
BSU28470	LysC	K00928
BSU16750	Asd	K00133
BSU16770	DapA	K01714
BSU22490	DapB	K00215
BSU29980	YtjP	K01439
BSU32170	DapF	K01778
BSU23380	LysA	K01586
BSU14180	DapH	K05822
BSU14000	PatA	K00841
BSU14190	DapL	K05823
BSU11210	ArgB	K00930
BSU11190	ArgC	K00145
BSU15180	MurE	K01928
BSU04570	MurF	K01929
BSU19370	SucA	K00164
BSU19360	OdhB	K00658
BSU09880	YhaR	K01692
BSU17160	PksH	K01692
BSU18220	YngF	K01692
BSU10350	YhfS	K00626
BSU24170	MmgA	K00626
BSU19690	KamA	K01843
BSU09670	Dat	K00824
BSU02470	YcbD	K00128
BSU07350	YfmT	K00128
BSU19310	DhaS	K00128
BSU37960	YwdH	K00128
BSU38830	AldY	K00128
BSU39860	AldX	K00128
BSU14630	SpeA	K01585
BSU37490	SpeB	K01480
BSU37500	SpeE	K00797
BSU29010	SpeD	K01611
BSU02470	YcbD	K00128
BSU07350	YfmT	K00128
BSU19310	DhaS	K00128
BSU37960	YwdH	K00128
BSU38830	AldY	K00128
BSU39860	AldX	K00128
BSU26600	BltD	K00657
BSU40340	RocD	K00819
BSU12910	ProG	K00286
BSU18480	ProH	K00286
BSU23800	ProI	K00286
BSU03200	YcgM	K00318
BSU32850	FadM	K00318
BSU03210	YcgN	K00294
BSU37780	RocA	K00294
BSU13120	ProB	K00931
BSU18470	ProJ	K00931
BSU13130	ProA	K00147
BSU22370	AspB	K00812
BSU09570	YhdR	K11358
BSU09670	Dat	K00824
BSU22100	KdgA	K01625
BSU11250	ArgF	K00611
BSU29450	ArgG	K01940
BSU29440	ArgH	K01755
BSU40320	ArgI	K01476
BSU36640	UreC	K01428
BSU36650	UreB	K01429
BSU36660	UreA	K01430
BSU07630	NosA	K00491
BSU02430	YbgJ	K01425
BSU14830	YlaM	K01425
BSU17460	GlnA	K01915
BSU22960	GudB	K00260
BSU37790	RocG	K00260
BSU11200	ArgJ	K00620
BSU11210	ArgB	K00930
BSU11190	ArgC	K00145
BSU11220	ArgD	K00818
BSU39470	YxeP	K01436
BSU15350	YlmB	K01438
BSU19710	YodQ	K01438
BSU34920	HisG	K00765
BSU34930	HisZ	K02502
BSU34860	HisI	K11755
BSU34880	HisA	K01814
BSU34890	HisH	K02501
BSU34870	HisF	K02500
BSU34900	HisB	K01693
BSU22620	HisC	K00817
BSU29620	HisJ	K04486
BSU34910	HisD	K00013
BSU39350	HutH	K01745
BSU39360	HutU	K01712
BSU39370	HutI	K01468
BSU39380	HutG	K01479
BSU02470	YcbD	K00128
BSU07350	YfmT	K00128
BSU19310	DhaS	K00128
BSU37960	YwdH	K00128
BSU38830	AldY	K00128
BSU39860	AldX	K00128
BSU06730	YefA	K00599
BSU08020	YfjO	K00599
BSU22370	AspB	K00812
BSU09570	YhdR	K11358
BSU22620	HisC	K00817
BSU26970	AdhB	K00121
BSU18620	YoaI	K00483
BSU03910	GabD	K00135
BSU06730	YefA	K00599
BSU08020	YfjO	K00599
BSU22370	AspB	K00812
BSU09570	YhdR	K11358
BSU22620	HisC	K00817
BSU09670	Dat	K00824
BSU19370	SucA	K00164
BSU09880	YhaR	K01692
BSU17160	PksH	K01692
BSU18220	YngF	K01692
BSU10350	YhfS	K00626
BSU24170	MmgA	K00626
BSU02470	YcbD	K00128
BSU07350	YfmT	K00128
BSU19310	DhaS	K00128
BSU37960	YwdH	K00128
BSU38830	AldY	K00128
BSU39860	AldX	K00128
BSU07250	YetO	K14338
BSU27160	CypB	K14338
BSU11420	TrpS	K01867
BSU08820	KatA	K03781
BSU38630	KatX	K03781
BSU39050	KatE	K03781
BSU29750	AroA	K13853
BSU22700	AroB	K01735
BSU23080	AroD	K03785
BSU24470	YqhS	K03786
BSU25660	AroE	K00014
BSU03150	AroK	K00891
BSU22600	AroE	K00800
BSU22710	AroF	K01736
BSU22680	TrpE	K01657
BSU22670	TrpD	K00766
BSU22650	TrpF	K01817
BSU22660	TrpC	K01609
BSU22630	TrpA	K01695
BSU22640	TrpB	K01696
BSU22690	AroH	K06208
BSU27910	PheB	K06209
BSU22610	TyrA	K04517
BSU27900	PheA	K04518
BSU22370	AspB	K00812
BSU09570	YhdR	K11358
BSU22620	HisC	K00817
BSU22410	PanD	K01579
BSU22420	PanC	K01918
BSU02470	YcbD	K00128
BSU07350	YfmT	K00128
BSU19310	DhaS	K00128
BSU37960	YwdH	K00128
BSU38830	AldY	K00128
BSU39860	AldX	K00128
BSU03900	GabT	K07250
BSU37500	SpeE	K00797
BSU09880	YhaR	K01692
BSU17160	PksH	K01692
BSU18220	YngF	K01692
BSU18410	Ggt	K00681
BSU36100	YwrD	K00681
BSU31930	Ald	K00259
BSU37660	EutD	K00625
BSU29470	AckA	K00925
BSU36560	YwnH	K03823
BSU18410	Ggt	K00681
BSU36100	YwrD	K00681
BSU11870	YjcI	K01739
BSU11880	YjcJ	K01760
BSU27250	YrhB	K01760
BSU31440	PatB	K14155
BSU06730	YefA	K00599
BSU08020	YfjO	K00599
BSU30550	MetK	K00789
BSU00380	MetS	K01874
BSU00730	CysK	K01738
BSU27260	MccA	K01738
BSU29970	YtkP	K01738
BSU10920	Sat	K00958
BSU15590	Sat	K00958
BSU15600	CysC	K00860
BSU32690	SufS	K11717
BSU03410	BglC	K01188
BSU39260	BglH	K01188
BSU05840	GmuD	K05350
BSU18410	Ggt	K00681
BSU36100	YwrD	K00681
BSU02690	AnsZ	K01424
BSU23580	AnsA	K01424
BSU36900	GlyA	K00600
BSU26810	YrpC	K01776
BSU28390	RacE	K01776
BSU15200	MurD	K01925
BSU02430	YbgJ	K01425
BSU14830	YlaM	K01425
BSU29790	MurC	K01924
BSU09670	Dat	K00824
BSU04640	AlrA	K01775
BSU17640	AlrB	K01775
BSU04560	Ddl	K01921
BSU09670	Dat	K00824
BSU38500	DltA	K03367
BSU38520	DltC	K14188
BSU18410	Ggt	K00681
BSU36100	YwrD	K00681
BSU32050	YuiE	K01255
BSU29130	Icd	K00031
BSU23860	YqjI	K00033
BSU25730	YqeC	K00033
BSU40080	GntZ	K00033
BSU23850	Zwf	K00036
BSU21900	BsaA	K00432
BSU37500	SpeE	K00797
BSU36760	MurAa	K00790
BSU37100	MurAb	K00790
BSU15230	MurB	K00075
BSU29790	MurC	K01924
BSU15200	MurD	K01925
BSU15180	MurE	K01928
BSU04560	Ddl	K01921
BSU04570	MurF	K01929
BSU31150	YubB	K06153
BSU15190	MraY	K01000
BSU15220	MurG	K02563
BSU22320	PonA	K05366
BSU15160	PbpB	K08724
BSU00100	DacA	K07258
BSU23480	DacF	K07258
BSU18350	DacC	K07259
BSU19620	YodJ	K07260
BSU07080	YesZ	K01190
BSU35780	LytD	K01227
BSU08790	ThiC	K03147
BSU11710	YjbV	K00941
BSU11700	ThiF	K03148
BSU27510	IscS	K04487
BSU27880	NifS	K04487
BSU29590	IscS	K04487
BSU32690	SufS	K11717
BSU29580	YtbJ	K03151
BSU11690	ThiG	K03149
BSU11670	ThiO	K03153
BSU38300	ThiM	K00878
BSU38290	ThiE	K00788
BSU05900	ThiL	K00946
BSU28360	YsnA	K01516
BSU15800	ThiN	K00949
BSU11650	TenA	K03707
BSU23260	RibA	K01497
BSU23280	RibD	K11752
BSU23250	RibH	K00794
BSU23270	RibE	K00793
BSU16670	RibC	K11753
BSU38020	ThiD	K00868
BSU10020	SerC	K00831
BSU32250	ThrC	K01733
BSU00110	YaaD	K06215
BSU00120	YaaE	K08681
BSU27870	NadB	K00278
BSU27850	NadA	K03517
BSU27860	NadC	K00767
BSU31750	YueK	K00763
BSU25640	NadD	K00969
BSU03130	NadE	K01916
BSU23490	PupG	K03783
BSU19630	DeoD	K03784
BSU11610	PpnK	K00858
BSU29540	PpnK	K00858
BSU28310	IlvB	K01652
BSU36010	AlsS	K01652
BSU28300	IlvH	K01653
BSU28290	IlvC	K00053
BSU21870	IlvD	K01687
BSU22430	PanB	K00606
BSU14440	YkpB	K00077
BSU15110	YlbQ	K00077
BSU22420	PanC	K01918
BSU23760	CoaA	K00867
BSU00700	CoaX	K03525
BSU15700	CoaBc	K13038
BSU15020	CoaD	K00954
BSU29060	CoaE	K00859
BSU04620	AcpS	K00997
BSU02390	YbgE	K00826
BSU38550	YwaA	K00826
BSU22410	PanD	K01579
BSU30240	BioW	K01906
BSU30220	BioF	K00652
BSU30230	BioA	K00833
BSU30210	BioD	K01935
BSU30200	BioB	K01012
BSU22440	BirA	K03524
BSU32330	LipA	K03644
BSU10250	YhfJ	K03800
BSU24530	YqhM	K03800
BSU22780	FolE	K01495
BSU05740	PhoB	K01077
BSU09410	PhoA	K01077
BSU02620	PhoD	K01113
BSU00780	FolB	K01633
BSU00790	FolK	K00950
BSU00770	Sul	K00796
BSU21810	DfrA	K00287
BSU28080	FolC	K11754
BSU13730	QueD	K01737
BSU00740	PabB	K01665
BSU00750	PabA	K01664
BSU00760	PabC	K02619
BSU21810	DfrA	K00287
BSU24310	FolD	K01491
BSU36900	GlyA	K00600
BSU06510	PurN	K11175
BSU02230	PurT	K08289
BSU06520	PurH	K00602
BSU15730	Fmt	K00604
BSU24570	GcvT	K00605
BSU17680	ThyA	K00560
BSU21820	ThyA	K00560
BSU13110	PurU	K01433
BSU24890	YqgN	K01934
BSU28170	HemA	K02492
BSU08710	GsaB	K01845
BSU28120	HemL	K01845
BSU28130	HemB	K01698
BSU28150	HemC	K01749
BSU12230	HemD	K01719
BSU28140	HemD	K01719
BSU03280	NasF	K13542
BSU15610	SumT	K02303
BSU15630	SirC	K02304
BSU15620	SirB	K03794
BSU10120	HemE	K01599
BSU09840	HemZ	K02495
BSU25500	HemN	K02495
BSU10140	HemY	K00231
BSU10130	HemH	K01772
BSU12080	CtaO	K02301
BSU14880	CtaB	K02301
BSU14870	CtaA	K02259
BSU03630	YclB	K03186
BSU22750	UbiE	K03183
BSU30830	MenF	K02552
BSU31990	DhbC	K02361
BSU30820	MenD	K02551
BSU30810	YtxM	K08680
BSU30780	MenC	K02549
BSU30790	MenE	K01911
BSU30800	MenB	K01661
BSU38490	MenA	K02548
BSU24270	Dxs	K01662
BSU16550	Dxr	K00099
BSU00900	IspD	K00991
BSU00460	Ipk	K00919
BSU00910	IspF	K01770
BSU25070	IspG	K03526
BSU25160	IspH	K03527
BSU10350	YhfS	K00626
BSU24170	MmgA	K00626
BSU17150	PksG	K01641
BSU22870	Fni	K01823
BSU24280	IspA	K13789
BSU22740	HepT	K00805
BSU22760	HepS	K00805
BSU16530	UppS	K00806
BSU10810	YisP	K02291
BSU02470	YcbD	K00128
BSU07350	YfmT	K00128
BSU19310	DhaS	K00128
BSU37960	YwdH	K00128
BSU38830	AldY	K00128
BSU39860	AldX	K00128
BSU02100	CypC	K00517
BSU12210	YjiB	K00517
BSU30190	BioI	K00517
BSU35060	CypX	K00517
BSU09880	YhaR	K01692
BSU17160	PksH	K01692
BSU18220	YngF	K01692
BSU03520	SrfAd	K01076
BSU18230	YngG	K01640
BSU32830	YusK	K00632
BSU24150	MmgC	K00257
BSU37170	AcdA	K00257
BSU09880	YhaR	K01692
BSU17160	PksH	K01692
BSU18220	YngF	K01692
BSU17890	Tkt	K00615
BSU29200	AccA	K01962
BSU24350	AccB	K02160
BSU18240	YngH	K01961
BSU24340	AccC	K01961
BSU29210	AccD	K01963
BSU37840	SpsI	K00973
BSU37830	SpsJ	K01710
BSU37810	SpsL	K01790
BSU37820	SpsK	K00067
BSU30830	MenF	K02552
BSU31990	DhbC	K02361
BSU26760	YrdC	K05993
BSU36490	YwoC	K05993
BSU32000	DhbA	K00216
BSU31980	DhbE	K02312
BSU31970	DhbB	K04779
BSU31960	DhbF	K04780
BSU37830	SpsJ	K01710
BSU34730	YvcN	K00622
BSU32450	PucL	K00365
BSU03180	Cah	K01060
BSU02090	YbxI	K01467
BSU18800	PenP	K01467
BSU02090	YbxI	K01467
BSU18800	PenP	K01467
BSU24850	GlcK	K00845
BSU09310	PgcA	K01835
BSU14670	SuhB	K01092
BSU27770	YrbE	K00010
BSU39700	IolG	K00010
BSU37840	SpsI	K00973
BSU37830	SpsJ	K01710
BSU37810	SpsL	K01790
BSU37820	SpsK	K00067
BSU24850	GlcK	K00845
BSU22610	TyrA	K04517
BSU22370	AspB	K00812
BSU09570	YhdR	K11358
BSU22620	HisC	K00817
BSU32830	YusK	K00632
BSU37540	YwhB	K01821
BSU09880	YhaR	K01692
BSU17160	PksH	K01692
BSU18220	YngF	K01692
BSU24160	MmgB	K00074
BSU10350	YhfS	K00626
BSU24170	MmgA	K00626
BSU07640	YflL	K01512
BSU02100	CypC	K00517
BSU12210	YjiB	K00517
BSU30190	BioI	K00517
BSU35060	CypX	K00517
BSU09880	YhaR	K01692
BSU17160	PksH	K01692
BSU18220	YngF	K01692
BSU07250	YetO	K14338
BSU27160	CypB	K14338
BSU05740	PhoB	K01077
BSU09410	PhoA	K01077
BSU02620	PhoD	K01113
BSU26970	AdhB	K00121
BSU02470	YcbD	K00128
BSU07350	YfmT	K00128
BSU19310	DhaS	K00128
BSU37960	YwdH	K00128
BSU38830	AldY	K00128
BSU39860	AldX	K00128
BSU12330	YjmD	K00100
BSU31370	YugJ	K00100
BSU07330	YfnB	K01560
BSU07330	YfnB	K01560
BSU28440	SdhA	K00239
BSU28430	SdhB	K00240
BSU28450	SdhC	K00241
BSU34730	YvcN	K00622
BSU32830	YusK	K00632
BSU36640	UreC	K01428
BSU36650	UreB	K01429
BSU36660	UreA	K01430
BSU09880	YhaR	K01692
BSU17160	PksH	K01692
BSU18220	YngF	K01692
BSU02100	CypC	K00517
BSU12210	YjiB	K00517
BSU30190	BioI	K00517
BSU35060	CypX	K00517
BSU12330	YjmD	K00100
BSU31370	YugJ	K00100
BSU37540	YwhB	K01821
BSU26970	AdhB	K00121
BSU24150	MmgC	K00257
BSU37170	AcdA	K00257
BSU02100	CypC	K00517
BSU12210	YjiB	K00517
BSU30190	BioI	K00517
BSU35060	CypX	K00517
BSU06730	YefA	K00599
BSU08020	YfjO	K00599
BSU01430	RpoA	K03040
BSU01070	RpoB	K03043
BSU01080	RpoC	K03046
BSU25200	SigA	K03086
BSU16470	SigD	K02405
BSU01730	SigW	K03088
BSU09520	SigM	K03088
BSU12560	Xpf	K03088
BSU14730	YlaC	K03088
BSU23100	SigX	K03088
BSU26840	SigZ	K03088
BSU27120	SigV	K03088
BSU38700	SigY	K03088
BSU04730	SigB	K03090
BSU00980	SigH	K03091
BSU15320	SigE	K03091
BSU15330	SigG	K03091
BSU23450	SigF	K03091
BSU13450	SigI	K03093
BSU33230	SigO	K03093
BSU34200	SigL	K03092
BSU37160	RpoE	K03048
BSU15690	RpoZ	K03060
BSU22880	RpsA	K02945
BSU16490	RpsB	K02967
BSU01220	RpsC	K02982
BSU29660	RpsD	K02986
BSU01330	RpsE	K02988
BSU40910	RpsF	K02990
BSU01110	RpsG	K02992
BSU01300	RpsH	K02994
BSU01500	RpsI	K02996
BSU01150	RpsJ	K02946
BSU01420	RpsK	K02948
BSU01100	RpsL	K02950
BSU01410	RpsM	K02952
BSU01290	RpsN	K02954
BSU08880	RpsN	K02954
BSU16680	RpsO	K02956
BSU15990	RpsP	K02959
BSU01250	RpsQ	K02961
BSU40890	RpsR	K02963
BSU01200	RpsS	K02965
BSU25550	RpsT	K02968
BSU25410	RpsU	K02970
BSU01030	RplA	K02863
BSU01190	RplB	K02886
BSU01160	RplC	K02906
BSU01170	RplD	K02926
BSU01280	RplE	K02931
BSU01310	RplF	K02933
BSU01050	RplL	K02935
BSU40500	RplI	K02939
BSU01040	RplJ	K02864
BSU01020	RplK	K02867
BSU01490	RplM	K02871
BSU01260	RplN	K02874
BSU01350	RplO	K02876
BSU01230	RplP	K02878
BSU01440	RplQ	K02879
BSU01320	RplR	K02881
BSU16040	RplS	K02884
BSU28850	RplT	K02887
BSU27960	RplU	K02888
BSU01210	RplV	K02890
BSU01180	RplW	K02892
BSU01270	RplX	K02895
BSU00520	Ctc	K02897
BSU27940	RpmA	K02899
BSU15820	RpmB	K02902
BSU01240	RpmC	K02904
BSU01340	RpmD	K02907
BSU30700	RpmE2	K02909
BSU37070	RpmE	K02909
BSU15080	RpmF	K02911
BSU00990	RpmG	K02913
BSU24900	RpmG	K02913
BSU41060	RpmH	K02914
BSU28860	RpmI	K02916
BSU01400	RpmJ	K02919
BSU01090	YbxF	K07590
BSU_rRNA_1	RrnO-16s	K01977
BSU_rRNA_16	RrnH-16s	K01977
BSU_rRNA_19	RrnB-16s	K01977
BSU_rRNA_22	RrnD-16s	K01977
BSU_rRNA_23	RrnI-16s	K01977
BSU_rRNA_25	RrnG-16s	K01977
BSU_rRNA_30	RrnE-16s	K01977
BSU_rRNA_4	RrnA-16s	K01977
BSU_rRNA_6	RrnJ-16s	K01977
BSU_rRNA_9	RrnW-16s	K01977
BSU_rRNA_10	RrnW-23s	K01980
BSU_rRNA_12	RrnE-23s	K01980
BSU_rRNA_14	RrnI-23s	K01980
BSU_rRNA_17	RrnD-23s	K01980
BSU_rRNA_2	RrnO-23s	K01980
BSU_rRNA_20	RrnB-23s	K01980
BSU_rRNA_27	RrnG-23s	K01980
BSU_rRNA_29	RrnH-23s	K01980
BSU_rRNA_5	RrnA-23s	K01980
BSU_rRNA_7	RrnJ-23s	K01980
BSU_rRNA_11	RrnW-5s	K01985
BSU_rRNA_13	RrnE-5s	K01985
BSU_rRNA_15	RrnI-5s	K01985
BSU_rRNA_18	RrnD-5s	K01985
BSU_rRNA_21	RrnB-5s	K01985
BSU_rRNA_24	RrnH-5s	K01985
BSU_rRNA_26	RrnA-5s	K01985
BSU_rRNA_28	RrnG-5s	K01985
BSU_rRNA_3	RrnO-5s	K01985
BSU_rRNA_8	RrnJ-5s	K01985
BSU_tRNA_20	TrnJ-ala	K14218
BSU_tRNA_28	TrnI-ala	K14218
BSU_tRNA_6	TrnO-ala	K14218
BSU_tRNA_60	TrnB-ala	K14218
BSU_tRNA_18	TrnJ-arg	K14219
BSU_tRNA_26	TrnI-arg	K14219
BSU_tRNA_58	TrnB-arg	K14219
BSU_tRNA_79	TrnE-arg	K14219
BSU_tRNA_81	TrnQ-arg	K14219
BSU_tRNA_23	TrnI-asn	K14220
BSU_tRNA_29	TrnD-asn	K14220
BSU_tRNA_45	TrnS-asn	K14220
BSU_tRNA_70	TrnB-asn	K14220
BSU_tRNA_2	TrnY-asp	K14221
BSU_tRNA_22	TrnE-asp	K14221
BSU_tRNA_34	TrnD-asp	K14221
BSU_tRNA_65	TrnB-asp	K14221
BSU_tRNA_42	TrnD-cys	K14222
BSU_tRNA_40	TrnD-gln	K14223
BSU_tRNA_48	TrnS-gln	K14223
BSU_tRNA_3	TrnY-glu	K14224
BSU_tRNA_31	TrnD-glu	K14224
BSU_tRNA_47	TrnS-glu	K14224
BSU_tRNA_72	TrnB-glu	K14224
BSU_tRNA_16	TrnJ-gly	K14225
BSU_tRNA_25	TrnI-gly	K14225
BSU_tRNA_41	TrnD-gly	K14225
BSU_tRNA_56	TrnB-gly1	K14225
BSU_tRNA_68	TrnB-gly2	K14225
BSU_tRNA_80	TrnE-gly	K14225
BSU_tRNA_39	TrnD-his	K14226
BSU_tRNA_67	TrnB-his	K14226
BSU_tRNA_5	TrnO-ile	K14227
BSU_tRNA_69	TrnB-ile2	K14227
BSU_tRNA_15	TrnJ-leu1	K14228
BSU_tRNA_17	TrnJ-leu2	K14228
BSU_tRNA_43	TrnD-leu1	K14228
BSU_tRNA_44	TrnD-leu2	K14228
BSU_tRNA_50	TrnS-leu1	K14228
BSU_tRNA_51	TrnS-leu2	K14228
BSU_tRNA_55	TrnB-leu1	K14228
BSU_tRNA_57	TrnB-leu2	K14228
BSU_tRNA_14	TrnJ-lys	K14229
BSU_tRNA_4	TrnY-lys	K14229
BSU_tRNA_49	TrnS-lys	K14229
BSU_tRNA_54	TrnB-lys	K14229
BSU_tRNA_21	TrnE-met	K14230
BSU_tRNA_33	TrnD-met	K14230
BSU_tRNA_61	TrnB-met1	K14230
BSU_tRNA_62	TrnB-met3	K14230
BSU_tRNA_64	TrnB-met2	K14230
BSU_tRNA_1	TrnY-phe	K14231
BSU_tRNA_35	TrnD-phe	K14231
BSU_tRNA_66	TrnB-phe	K14231
BSU_tRNA_19	TrnJ-pro	K14232
BSU_tRNA_27	TrnI-pro	K14232
BSU_tRNA_59	TrnB-pro	K14232
BSU_tRNA_30	TrnD-ser	K14233
BSU_tRNA_46	TrnS-ser	K14233
BSU_tRNA_63	TrnB-ser1	K14233
BSU_tRNA_71	TrnB-ser2	K14233
BSU_tRNA_13	TrnJ-thr	K14234
BSU_tRNA_24	TrnI-thr	K14234
BSU_tRNA_36	TrnD-thr	K14234
BSU_tRNA_53	TrnB-thr	K14234
BSU_tRNA_38	TrnD-trp	K14235
BSU_tRNA_37	TrnD-tyr	K14236
BSU_tRNA_12	TrnJ-val	K14237
BSU_tRNA_32	TrnD-val	K14237
BSU_tRNA_52	TrnB-val	K14237
BSU00920	GltX	K09698
BSU06680	GatA	K02433
BSU06690	GatB	K02434
BSU06670	GatC	K02435
BSU27410	AlaS	K01872
BSU27550	AspS	K01876
BSU22360	AsnC	K01893
BSU25270	GlyQ	K01878
BSU25260	GlyS	K01879
BSU28950	ThrS	K01868
BSU37560	ThrZ	K01868
BSU00130	SerS	K01875
BSU00940	CysS	K01883
BSU00380	MetS	K01874
BSU15730	Fmt	K00604
BSU28090	ValS	K01873
BSU30320	LeuS	K01869
BSU15430	IleS	K01870
BSU00820	LysS	K04567
BSU37330	ArgS	K01887
BSU16570	ProS	K01881
BSU27560	HisS	K01892
BSU28640	PheS	K01889
BSU28630	PheT	K01890
BSU29670	TyrS	K01866
BSU38460	TyrZ	K01866
BSU11420	TrpS	K01867
BSU01360	SecY	K03076
BSU01000	SecE	K03073
BSU33630	SecG	K03075
BSU27650	SecDf	K12257
BSU27700	YajC	K03210
BSU23890	YqjG	K03217
BSU41040	SpoIiij	K03217
BSU35300	SecA	K03070
BSU15980	Ffh	K03106
BSU_misc_RNA_2	Scr	K01983
BSU15950	FtsY	K03110
BSU02630	TatAd	K03116
BSU05980	TatAy	K03116
BSU17710	TatAc	K03116
BSU02640	TatCd	K03118
BSU05990	TatCy	K03118
BSU04010	SipU	K03100
BSU10490	SipV	K03100
BSU14410	SipT	K03100
BSU23310	SipS	K03100
BSU15450	LspA	K03101
BSU24630	SipW	K13280
BSU27510	IscS	K04487
BSU27880	NifS	K04487
BSU29590	IscS	K04487
BSU14270	MoeB	K11996
BSU27500	MnmA	K00566
BSU14300	MoaE	K03635
BSU36700	MoaA	K03639
BSU14310	MoaD	K03636
BSU05960	MoaC	K03637
BSU29580	YtbJ	K03151
BSU11680	ThiS	K03154
BSU11700	ThiF	K03148
BSU33900	Eno	K01689
BSU16690	PnpA	K00962
BSU33610	Rnr	K12573
BSU19220	YocI	K03654
BSU23020	RecQ	K03654
BSU37080	Rho	K03628
BSU14530	RnjA	K12574
BSU16780	RnjB	K12574
BSU25470	DnaK	K04043
BSU06030	GroEl	K04077
BSU17340	Hfq	K03666
BSU20340	YorL	K02337
BSU29230	DnaE	K02337
BSU16580	PolC	K03763
BSU00190	DnaX	K02343
BSU00310	HolB	K02341
BSU25560	HolA	K02340
BSU00020	DnaN	K02338
BSU40440	DnaC	K02314
BSU25210	DnaG	K02316
BSU40900	SsbA	K03111
BSU21970	YpeP	K03469
BSU21990	YpdQ	K03469
BSU16060	RnhB	K03470
BSU28620	RnhC	K03471
BSU29090	PolA	K02335
BSU06620	LigA	K01972
BSU29080	MutM	K10563
BSU22340	Nth	K10773
BSU01800	AlkA	K01247
BSU08010	YfjP	K01247
BSU37970	Ung	K03648
BSU08630	YfhQ	K03575
BSU38620	YxlJ	K03652
BSU40880	ExoAa	K01142
BSU25130	YqfS	K01151
BSU29090	PolA	K02335
BSU27620	RecJ	K07462
BSU13400	LigD	K01971
BSU20500	LigB	K01971
BSU06620	LigA	K01972
BSU00550	Mfd	K03723
BSU35160	UvrA	K03701
BSU35170	UvrB	K03702
BSU28490	UvrC	K03703
BSU06610	PcrA	K03657
BSU11820	YjcD	K03657
BSU33450	HelD	K03657
BSU29090	PolA	K02335
BSU13400	LigD	K01971
BSU20500	LigB	K01971
BSU06620	LigA	K01972
BSU17040	MutS	K03555
BSU28580	MutSb	K07456
BSU17050	MutL	K03572
BSU06610	PcrA	K03657
BSU11820	YjcD	K03657
BSU33450	HelD	K03657
BSU24300	XseA	K03601
BSU24290	XseB	K03602
BSU27620	RecJ	K07462
BSU40900	SsbA	K03111
BSU20340	YorL	K02337
BSU29230	DnaE	K02337
BSU16580	PolC	K03763
BSU00020	DnaN	K02338
BSU00190	DnaX	K02343
BSU25560	HolA	K02340
BSU00310	HolB	K02341
BSU13400	LigD	K01971
BSU20500	LigB	K01971
BSU06620	LigA	K01972
BSU27620	RecJ	K07462
BSU40900	SsbA	K03111
BSU00040	RecF	K03629
BSU25280	RecO	K03584
BSU00210	RecR	K06187
BSU16940	RecA	K03553
BSU29090	PolA	K02335
BSU27740	RuvA	K03550
BSU27730	RuvB	K03551
BSU15870	RecG	K03655
BSU27480	YrrC	K03581
BSU20340	YorL	K02337
BSU29230	DnaE	K02337
BSU16580	PolC	K03763
BSU00020	DnaN	K02338
BSU00190	DnaX	K02343
BSU25560	HolA	K02340
BSU00310	HolB	K02341
BSU15710	PriA	K04066
BSU13410	YkoV	K10979
BSU13400	LigD	K01971
BSU20500	LigB	K01971
BSU_tRNA_20	TrnJ-ala	K14218
BSU_tRNA_28	TrnI-ala	K14218
BSU_tRNA_6	TrnO-ala	K14218
BSU_tRNA_60	TrnB-ala	K14218
BSU_tRNA_18	TrnJ-arg	K14219
BSU_tRNA_26	TrnI-arg	K14219
BSU_tRNA_58	TrnB-arg	K14219
BSU_tRNA_79	TrnE-arg	K14219
BSU_tRNA_81	TrnQ-arg	K14219
BSU_tRNA_23	TrnI-asn	K14220
BSU_tRNA_29	TrnD-asn	K14220
BSU_tRNA_45	TrnS-asn	K14220
BSU_tRNA_70	TrnB-asn	K14220
BSU_tRNA_2	TrnY-asp	K14221
BSU_tRNA_22	TrnE-asp	K14221
BSU_tRNA_34	TrnD-asp	K14221
BSU_tRNA_65	TrnB-asp	K14221
BSU_tRNA_42	TrnD-cys	K14222
BSU_tRNA_40	TrnD-gln	K14223
BSU_tRNA_48	TrnS-gln	K14223
BSU_tRNA_3	TrnY-glu	K14224
BSU_tRNA_31	TrnD-glu	K14224
BSU_tRNA_47	TrnS-glu	K14224
BSU_tRNA_72	TrnB-glu	K14224
BSU_tRNA_16	TrnJ-gly	K14225
BSU_tRNA_25	TrnI-gly	K14225
BSU_tRNA_41	TrnD-gly	K14225
BSU_tRNA_56	TrnB-gly1	K14225
BSU_tRNA_68	TrnB-gly2	K14225
BSU_tRNA_80	TrnE-gly	K14225
BSU_tRNA_39	TrnD-his	K14226
BSU_tRNA_67	TrnB-his	K14226
BSU_tRNA_5	TrnO-ile	K14227
BSU_tRNA_69	TrnB-ile2	K14227
BSU_tRNA_15	TrnJ-leu1	K14228
BSU_tRNA_17	TrnJ-leu2	K14228
BSU_tRNA_43	TrnD-leu1	K14228
BSU_tRNA_44	TrnD-leu2	K14228
BSU_tRNA_50	TrnS-leu1	K14228
BSU_tRNA_51	TrnS-leu2	K14228
BSU_tRNA_55	TrnB-leu1	K14228
BSU_tRNA_57	TrnB-leu2	K14228
BSU_tRNA_14	TrnJ-lys	K14229
BSU_tRNA_4	TrnY-lys	K14229
BSU_tRNA_49	TrnS-lys	K14229
BSU_tRNA_54	TrnB-lys	K14229
BSU_tRNA_21	TrnE-met	K14230
BSU_tRNA_33	TrnD-met	K14230
BSU_tRNA_61	TrnB-met1	K14230
BSU_tRNA_62	TrnB-met3	K14230
BSU_tRNA_64	TrnB-met2	K14230
BSU_tRNA_1	TrnY-phe	K14231
BSU_tRNA_35	TrnD-phe	K14231
BSU_tRNA_66	TrnB-phe	K14231
BSU_tRNA_19	TrnJ-pro	K14232
BSU_tRNA_27	TrnI-pro	K14232
BSU_tRNA_59	TrnB-pro	K14232
BSU_tRNA_30	TrnD-ser	K14233
BSU_tRNA_46	TrnS-ser	K14233
BSU_tRNA_63	TrnB-ser1	K14233
BSU_tRNA_71	TrnB-ser2	K14233
BSU_tRNA_13	TrnJ-thr	K14234
BSU_tRNA_24	TrnI-thr	K14234
BSU_tRNA_36	TrnD-thr	K14234
BSU_tRNA_53	TrnB-thr	K14234
BSU_tRNA_38	TrnD-trp	K14235
BSU_tRNA_37	TrnD-tyr	K14236
BSU_tRNA_12	TrnJ-val	K14237
BSU_tRNA_32	TrnD-val	K14237
BSU_tRNA_52	TrnB-val	K14237
BSU_rRNA_1	RrnO-16s	K01977
BSU_rRNA_16	RrnH-16s	K01977
BSU_rRNA_19	RrnB-16s	K01977
BSU_rRNA_22	RrnD-16s	K01977
BSU_rRNA_23	RrnI-16s	K01977
BSU_rRNA_25	RrnG-16s	K01977
BSU_rRNA_30	RrnE-16s	K01977
BSU_rRNA_4	RrnA-16s	K01977
BSU_rRNA_6	RrnJ-16s	K01977
BSU_rRNA_9	RrnW-16s	K01977
BSU_rRNA_10	RrnW-23s	K01980
BSU_rRNA_12	RrnE-23s	K01980
BSU_rRNA_14	RrnI-23s	K01980
BSU_rRNA_17	RrnD-23s	K01980
BSU_rRNA_2	RrnO-23s	K01980
BSU_rRNA_20	RrnB-23s	K01980
BSU_rRNA_27	RrnG-23s	K01980
BSU_rRNA_29	RrnH-23s	K01980
BSU_rRNA_5	RrnA-23s	K01980
BSU_rRNA_7	RrnJ-23s	K01980
BSU_rRNA_11	RrnW-5s	K01985
BSU_rRNA_13	RrnE-5s	K01985
BSU_rRNA_15	RrnI-5s	K01985
BSU_rRNA_18	RrnD-5s	K01985
BSU_rRNA_21	RrnB-5s	K01985
BSU_rRNA_24	RrnH-5s	K01985
BSU_rRNA_26	RrnA-5s	K01985
BSU_rRNA_28	RrnG-5s	K01985
BSU_rRNA_3	RrnO-5s	K01985
BSU_rRNA_8	RrnJ-5s	K01985
BSU_misc_RNA_2	Scr	K01983
BSU_misc_RNA_35	RnpB	K01978
BSU08840	SsuA	K02051
BSU08850	SsuC	K02050
BSU30620	YtlD	K02050
BSU08830	SsuB	K02049
BSU30610	YtlC	K02049
BSU33380	YvgL	K02020
BSU33390	YvgM	K02018
BSU03000	OpuAc	K02002
BSU02990	OpuAb	K02001
BSU02980	OpuAa	K02000
BSU33710	OpuBc	K05845
BSU33810	OpuCc	K05845
BSU33700	OpuBd	K05846
BSU33720	OpuBb	K05846
BSU33800	OpuCd	K05846
BSU33820	OpuCb	K05846
BSU33730	OpuBa	K05847
BSU33830	OpuCa	K05847
BSU34160	CycB	K10108
BSU34610	MdxE	K10108
BSU34150	GanP	K10109
BSU34600	MdxF	K10109
BSU34140	GanQ	K10110
BSU34590	MdxG	K10110
BSU38810	MsmX	K10112
BSU30270	MsmE	K10117
BSU32600	FrlO	K10117
BSU30280	AmyD	K10118
BSU32590	FrlN	K10118
BSU30290	AmyC	K10119
BSU32580	FrlM	K10119
BSU28750	AraN	K10188
BSU28740	AraP	K10189
BSU28730	AraQ	K10190
BSU35960	RbsB	K10439
BSU35950	RbsC	K10440
BSU35940	RbsA	K10441
BSU35930	RbsD	K06726
BSU24990	PstS	K02040
BSU24980	PstC	K02037
BSU24970	PstA	K02038
BSU24950	PstBb	K02036
BSU24960	PstBa	K02036
BSU27440	GlnH	K10039
BSU27450	GlnM	K10040
BSU27430	GlnQ	K10041
BSU09110	YhcJ	K02073
BSU32730	MetN	K02073
BSU32740	MetP	K02072
BSU32750	MetQ	K02071
BSU11430	OppA	K02035
BSU12920	DppA	K02035
BSU12960	DppE	K02035
BSU11390	AppB	K02033
BSU11440	OppB	K02033
BSU12930	DppB	K02033
BSU11400	AppC	K02034
BSU11450	OppC	K02034
BSU12940	DppC	K02034
BSU11360	AppD	K02031
BSU11460	OppD	K02031
BSU12950	DppD	K02031
BSU11370	AppF	K02032
BSU11470	OppF	K02032
BSU13000	YkfD	K02032
BSU01630	FeuA	K02016
BSU03830	YclQ	K02016
BSU07520	YfmC	K02016
BSU08440	YfiY	K02016
BSU10330	YhfQ	K02016
BSU33180	YvrC	K02016
BSU33320	FhuD	K02016
BSU39610	YxeB	K02016
BSU01610	FeuC	K02015
BSU01620	FeuB	K02015
BSU03800	YclN	K02015
BSU03810	YclO	K02015
BSU07500	YfmE	K02015
BSU07510	YfmD	K02015
BSU08450	YfiZ	K02015
BSU08460	YfhA	K02015
BSU33170	YvrB	K02015
BSU33300	FhuG	K02015
BSU33310	FhuB	K02015
BSU03820	YclP	K02013
BSU07490	YfmF	K02013
BSU15340	YlmA	K02013
BSU32940	YusV	K02013
BSU33160	YvrA	K02013
BSU33290	FhuC	K02013
BSU02850	AdcA	K09815
BSU26830	YrpE	K09815
BSU02870	AdcB	K09816
BSU02860	AdcC	K09817
BSU30770	MntA	K11707
BSU30750	MntC	K11708
BSU30740	MntD	K11709
BSU30760	MntB	K11710
BSU01470	YbaF	K02008
BSU13210	ThiX	K02008
BSU01450	CbiO	K02006
BSU01460	CbiO	K02006
BSU13220	ThiW	K02006
BSU04500	YdbK	K09686
BSU08320	YfiM	K09686
BSU08330	YfiN	K09686
BSU09090	YhcI	K09686
BSU34080	YvfS	K09686
BSU40140	YydJ	K09686
BSU02570	YcbN	K09687
BSU04490	YdbJ	K09687
BSU08310	YfiL	K09687
BSU09080	YhcH	K09687
BSU30450	YtrB	K09687
BSU34090	YvfR	K09687
BSU40150	YydI	K09687
BSU40620	YybJ	K09687
BSU35710	TagG	K09692
BSU35700	TagH	K09693
BSU02760	NatB	K09696
BSU02750	NatA	K09697
BSU30370	BceB	K11632
BSU30380	BceA	K11631
BSU33270	YvrO	K09810
BSU35250	FtsX	K09811
BSU35260	FtsE	K09812
BSU08690	YgaD	K11085
BSU21470	SunT	K06148
BSU38730	CydD	K06148
BSU38740	CydC	K06148
BSU13910	PtsI	K08483
BSU22230	YpqE	K02777
BSU40120	YyzE	K02777
BSU07700	NagP	K02803
BSU02350	NagP	K02763
BSU13890	PtsG	K02763
BSU01680	YbbF	K02809
BSU38050	SacP	K02809
BSU38410	SacX	K02809
BSU39270	BglP	K02755
BSU07800	TreP	K02818
BSU08200	MalP	K02749
BSU05820	GmuA	K02759
BSU38570	LicA	K02759
BSU05810	GmuB	K02760
BSU38590	LicB	K02760
BSU05830	GmuC	K02761
BSU38390	YwbA	K02761
BSU38580	LicC	K02761
BSU03982	MtlF	K02798
BSU03981	MtlA	K02799
BSU12010	ManP	K02793
BSU27050	LevF	K02795
BSU27070	LevD	K11194
BSU27060	LevE	K11195
BSU27040	LevG	K02771
BSU14400	FruA	K02768
BSU27650	SecDf	K12257
BSU01000	SecE	K03073
BSU33630	SecG	K03075
BSU01360	SecY	K03076
BSU27700	YajC	K03210
BSU23890	YqjG	K03217
BSU41040	SpoIiij	K03217
BSU35300	SecA	K03070
BSU15950	FtsY	K03110
BSU15980	Ffh	K03106
BSU02630	TatAd	K03116
BSU05980	TatAy	K03116
BSU17710	TatAc	K03116
BSU02640	TatCd	K03118
BSU05990	TatCy	K03118
BSU29100	PhoR	K07636
BSU29110	PhoP	K07658
BSU05740	PhoB	K01077
BSU09410	PhoA	K01077
BSU02620	PhoD	K01113
BSU24990	PstS	K02040
BSU33020	CssS	K07650
BSU33010	CssR	K07770
BSU35150	YvzB	K02406
BSU35360	Hag	K02406
BSU16470	SigD	K02405
BSU13690	MotA	K02556
BSU29730	YtxD	K02556
BSU23110	ResE	K07651
BSU23120	ResD	K07775
BSU14870	CtaA	K02259
BSU40400	WalK	K07652
BSU40410	WalR	K07668
BSU34450	SacB	K00692
BSU00010	DnaA	K02313
BSU30390	BceS	K11629
BSU30400	BceR	K11630
BSU30380	BceA	K11631
BSU30370	BceB	K11632
BSU39650	YxdK	K11633
BSU39660	YxdJ	K11634
BSU39640	YxdL	K11635
BSU39630	YxdM	K11636
BSU13990	KinA	K02491
BSU31450	KinB	K07697
BSU31460	KapB	K06347
BSU14490	KinC	K07698
BSU13660	KinD	K13532
BSU13530	KinE	K13533
BSU37130	Spo0f	K02490
BSU27930	Spo0b	K06375
BSU24220	Spo0a	K07699
BSU07580	CitS	K11637
BSU07590	CitT	K11638
BSU07610	CitM	K11639
BSU31520	YufL	K11614
BSU31530	YufM	K11615
BSU23550	MleA	K00027
BSU29220	YtsJ	K00027
BSU29880	MalS	K00027
BSU37050	YwkA	K00027
BSU31580	MaeN	K11616
BSU28930	LytS	K07704
BSU28920	LytT	K07705
BSU28910	YsbA	K05338
BSU28900	YsbB	K05339
BSU02730	NatK	K11640
BSU02740	NatR	K11641
BSU02750	NatA	K09697
BSU02760	NatB	K09696
BSU37280	NarG	K00370
BSU37270	NarH	K00371
BSU37260	NarJ	K00373
BSU37250	NarI	K00374
BSU35370	CsrA	K03563
BSU31690	ComP	K07680
BSU31680	ComA	K07691
BSU03500	ComS	K02252
BSU02090	YbxI	K01467
BSU18800	PenP	K01467
BSU35500	DegS	K07777
BSU35490	DegU	K07692
BSU19190	DesK	K07778
BSU34070	YvfT	K07778
BSU19200	DesR	K07693
BSU19180	Des	K10255
BSU33090	LiaS	K11617
BSU33080	LiaR	K11618
BSU33130	LiaI	K11619
BSU33120	LiaH	K11620
BSU33110	LiaG	K11621
BSU33100	LiaF	K11622
BSU05410	YdfH	K11623
BSU05420	YdfI	K11624
BSU05430	YdfJ	K11625
BSU36520	GlnK	K04751
BSU17460	GlnA	K01915
BSU10350	YhfS	K00626
BSU24170	MmgA	K00626
BSU04470	DctP	K11103
BSU22720	CheR	K00575
BSU03440	TlpC	K03406
BSU13950	McpC	K03406
BSU31230	TlpB	K03406
BSU31240	McpA	K03406
BSU31250	TlpA	K03406
BSU31260	McpB	K03406
BSU16440	CheW	K03408
BSU16430	CheA	K03407
BSU16330	CheY	K03413
BSU17940	YneI	K03413
BSU16420	CheB	K03412
BSU14010	CheV	K03415
BSU04450	DctS	K11711
BSU04460	DctR	K11712
BSU04440	DctB	K11688
BSU34200	SigL	K03092
BSU02440	GlnJ	K07717
BSU02450	GlnL	K07719
BSU02420	GlnT	K11626
BSU06950	YesM	K07718
BSU06960	YesN	K07720
BSU02430	YbgJ	K01425
BSU07570	YflS	K03319
BSU03440	TlpC	K03406
BSU13950	McpC	K03406
BSU31230	TlpB	K03406
BSU31240	McpA	K03406
BSU31250	TlpA	K03406
BSU31260	McpB	K03406
BSU34160	CycB	K10108
BSU34610	MdxE	K10108
BSU35960	RbsB	K10439
BSU16430	CheA	K03407
BSU16440	CheW	K03408
BSU16330	CheY	K03413
BSU17940	YneI	K03413
BSU16450	CheC	K03410
BSU16420	CheB	K03412
BSU14010	CheV	K03415
BSU16460	CheD	K03411
BSU22720	CheR	K00575
BSU16220	FliG	K02410
BSU16310	FliM	K02416
BSU16320	FliY	K02417
BSU13690	MotA	K02556
BSU29730	YtxD	K02556
BSU13680	MotB	K02557
BSU29720	YtxE	K02557
BSU16410	YlxH	K04562
BSU16390	FlhA	K02400
BSU16380	FlhB	K02401
BSU16370	FliR	K02421
BSU16360	FliQ	K02420
BSU16350	FliP	K02419
BSU16340	FliZ	K02418
BSU16320	FliY	K02417
BSU16310	FliM	K02416
BSU13680	MotB	K02557
BSU29720	YtxE	K02557
BSU13690	MotA	K02556
BSU29730	YtxD	K02556
BSU16290	FlgG	K02390
BSU16280	FlgD	K02389
BSU16270	FliK	K02414
BSU16250	FliJ	K02413
BSU16240	FliI	K02412
BSU16230	FliH	K02411
BSU16220	FliG	K02410
BSU16210	FliF	K02409
BSU16200	FliE	K02408
BSU16190	FlgC	K02388
BSU16180	FlgB	K02387
BSU35430	FlgM	K02398
BSU36390	FlhP	K02392
BSU36400	FlhO	K02392
BSU35410	FlgK	K02396
BSU35400	FlgL	K02397
BSU35150	YvzB	K02406
BSU35360	Hag	K02406
BSU35340	FliD	K02407
BSU35330	FliS	K02422
BSU35320	FliT	K02423
BSU39820	HtpG	K04079
BSU21970	YpeP	K03469
BSU21990	YpdQ	K03469
BSU06060	YdiO	K00558
BSU06070	YdiP	K00558
BSU20250	MtbP	K00558
BSU21050	YonN	K03530
BSU22790	Hbs	K03530
BSU00010	DnaA	K02313
BSU40440	DnaC	K02314
BSU25210	DnaG	K02316
BSU28990	DnaB	K03346
BSU28980	DnaI	K11144
BSU40900	SsbA	K03111
BSU20340	YorL	K02337
BSU29230	DnaE	K02337
BSU16580	PolC	K03763
BSU00020	DnaN	K02338
BSU25560	HolA	K02340
BSU00310	HolB	K02341
BSU00190	DnaX	K02343
BSU21970	YpeP	K03469
BSU21990	YpdQ	K03469
BSU16060	RnhB	K03470
BSU28620	RnhC	K03471
BSU29090	PolA	K02335
BSU06620	LigA	K01972
BSU00070	GyrA	K02469
BSU00060	GyrB	K02470
BSU18100	ParC	K02621
BSU18090	ParE	K02622
BSU16120	TopA	K03168
BSU04260	TopB	K03169
BSU09280	GlpF	K02440
BSU16430	CheA	K03407
BSU16440	CheW	K03408
BSU16450	CheC	K03410
BSU16460	CheD	K03411
BSU22720	CheR	K00575
BSU16420	CheB	K03412
BSU16330	CheY	K03413
BSU17940	YneI	K03413
BSU14010	CheV	K03415
BSU03440	TlpC	K03406
BSU13950	McpC	K03406
BSU31230	TlpB	K03406
BSU31240	McpA	K03406
BSU31250	TlpA	K03406
BSU31260	McpB	K03406
BSU10380	HemAt	K06595
BSU16230	FliH	K02411
BSU16240	FliI	K02412
BSU16340	FliZ	K02418
BSU16350	FliP	K02419
BSU16360	FliQ	K02420
BSU16370	FliR	K02421
BSU16390	FlhA	K02400
BSU16380	FlhB	K02401
BSU16400	FlhF	K02404
BSU13690	MotA	K02556
BSU29730	YtxD	K02556
BSU13680	MotB	K02557
BSU29720	YtxE	K02557
BSU16220	FliG	K02410
BSU16310	FliM	K02416
BSU16320	FliY	K02417
BSU16210	FliF	K02409
BSU16180	FlgB	K02387
BSU16190	FlgC	K02388
BSU16280	FlgD	K02389
BSU36390	FlhP	K02392
BSU36400	FlhO	K02392
BSU16290	FlgG	K02390
BSU16200	FliE	K02408
BSU35410	FlgK	K02396
BSU35400	FlgL	K02397
BSU35340	FliD	K02407
BSU16270	FliK	K02414
BSU16300	FliL	K02415
BSU35150	YvzB	K02406
BSU35360	Hag	K02406
BSU35350	YvyC	K06603
BSU16470	SigD	K02405
BSU35430	FlgM	K02398
BSU16250	FliJ	K02413
BSU35330	FliS	K02422
BSU35320	FliT	K02423
BSU35380	YviF	K13626
BSU26970	AdhB	K00121
BSU31050	GbsB	K11440
BSU32260	Hom	K00003
BSU06150	GutB	K00008
BSU03990	MtlD	K00009
BSU27770	YrbE	K00010
BSU39700	IolG	K00010
BSU30860	YtcA	K00012
BSU35580	TuaD	K00012
BSU36230	YwqF	K00012
BSU34910	HisD	K00013
BSU25660	AroE	K00014
BSU03050	Ldh	K00016
BSU38970	YxjF	K00019
BSU07990	YfjR	K00020
BSU32840	FadN	K07516
BSU29120	Mdh	K00024
BSU23550	MleA	K00027
BSU29220	YtsJ	K00027
BSU29880	MalS	K00027
BSU37050	YwkA	K00027
BSU29130	Icd	K00031
BSU23860	YqjI	K00033
BSU25730	YqeC	K00033
BSU40080	GntZ	K00033
BSU02830	YcdF	K00034
BSU03930	Gdh	K00034
BSU23850	Zwf	K00036
BSU12380	UxaB	K00041
BSU04000	YcsA	K07246
BSU28270	LeuB	K00052
BSU28290	IlvC	K00053
BSU04000	YcsA	K07246
BSU22830	GpsA	K00057
BSU18560	YoaD	K00058
BSU23070	SerA	K00058
BSU15910	FabG	K00059
BSU16870	FabG	K00059
BSU29420	FabG	K00059
BSU16990	Tdh	K00060
BSU22140	KduD	K00065
BSU37820	SpsK	K00067
BSU24160	MmgB	K00074
BSU15230	MurB	K00075
BSU14440	YkpB	K00077
BSU15110	YlbQ	K00077
BSU23280	RibD	K11752
BSU00090	GuaB	K00088
BSU09230	YhcV	K00088
BSU34680	YvcT	K00090
BSU16550	Dxr	K00099
BSU26970	AdhB	K00121
BSU12330	YjmD	K00100
BSU31370	YugJ	K00100
BSU39780	IolS	K06607
BSU28680	GlcD	K00104
BSU09300	GlpD	K00111
BSU12160	YjgC	K00123
BSU18570	YoaE	K00123
BSU27220	YrhE	K00123
BSU02470	YcbD	K00128
BSU07350	YfmT	K00128
BSU19310	DhaS	K00128
BSU37960	YwdH	K00128
BSU38830	AldY	K00128
BSU39860	AldX	K00128
BSU31060	GbsA	K00130
BSU16750	Asd	K00133
BSU29020	GapB	K00134
BSU33940	GapA	K00134
BSU03910	GabD	K00135
BSU39760	MmsA	K00140
BSU11190	ArgC	K00145
BSU13130	ProA	K00147
BSU28170	HemA	K02492
BSU11190	ArgC	K00145
BSU04340	YdaP	K00158
BSU08060	AcoA	K00161
BSU14580	PdhA	K00161
BSU08070	AcoB	K00162
BSU14590	PdhB	K00162
BSU19370	SucA	K00164
BSU24050	BkdAa	K00166
BSU24040	BkdAb	K00167
BSU11720	FabI	K00208
BSU22610	TyrA	K04517
BSU22490	DapB	K00215
BSU32000	DhbA	K00216
BSU15630	SirC	K02304
BSU08650	FabL	K10780
BSU15540	PyrD	K00226
BSU10140	HemY	K00231
BSU28440	SdhA	K00239
BSU28430	SdhB	K00240
BSU28450	SdhC	K00241
BSU09840	HemZ	K02495
BSU25500	HemN	K02495
BSU24150	MmgC	K00257
BSU37170	AcdA	K00257
BSU31930	Ald	K00259
BSU22960	GudB	K00260
BSU37790	RocG	K00260
BSU24080	Bcd	K00263
BSU18450	GltA	K00265
BSU18440	GltD	K00266
BSU18450	GltA	K00265
BSU18440	GltD	K00266
BSU27870	NadB	K00278
BSU11670	ThiO	K03153
BSU24560	GcvPa	K00282
BSU24550	GcvPb	K00283
BSU12910	ProG	K00286
BSU18480	ProH	K00286
BSU23800	ProI	K00286
BSU21810	DfrA	K00287
BSU24310	FolD	K01491
BSU03210	YcgN	K00294
BSU37780	RocA	K00294
BSU03200	YcgM	K00318
BSU32850	FadM	K00318
BSU07250	YetO	K14338
BSU27160	CypB	K14338
BSU01830	NdhF	K05577
BSU12290	Ndh	K03885
BSU32100	YumB	K03885
BSU32200	YutJ	K03885
BSU03300	NasD	K00362
BSU03320	NasB	K00362
BSU03290	NasE	K00363
BSU32130	GuaC	K00364
BSU13750	YkvM	K09457
BSU32450	PucL	K00365
BSU37280	NarG	K00370
BSU37270	NarH	K00371
BSU03310	NasC	K00372
BSU37260	NarJ	K00373
BSU37250	NarI	K00374
BSU33440	CysJ	K00380
BSU33430	YvgQ	K00381
BSU08090	AcoL	K00382
BSU14610	PdhD	K00382
BSU24060	LpdV	K00382
BSU03270	YcgT	K00384
BSU32110	YumC	K00384
BSU34790	TrxB	K00384
BSU10930	YitB	K00390
BSU15570	CysH	K00390
BSU21690	MsrA	K07304
BSU21680	YppQ	K07305
BSU14900	CtaD	K02274
BSU14890	CtaC	K02275
BSU14910	CtaE	K02276
BSU14920	CtaF	K02277
BSU30710	YthA	K00425
BSU38760	CydA	K00425
BSU30720	YthB	K00426
BSU38750	CydB	K00426
BSU08820	KatA	K03781
BSU38630	KatX	K03781
BSU39050	KatE	K03781
BSU21900	BsaA	K00432
BSU40090	AhpC	K03386
BSU08720	YgaF	K03564
BSU29490	Tpx	K11065
BSU39980	QodI	K07155
BSU13620	MtnD	K08967
BSU13620	MtnD	K08967
BSU26800	YrpB	K00459
BSU13040	Hmp	K05916
BSU18620	YoaI	K00483
BSU07630	NosA	K00491
BSU07250	YetO	K14338
BSU27160	CypB	K14338
BSU08860	SsuD	K04091
BSU19180	Des	K10255
BSU02100	CypC	K00517
BSU12210	YjiB	K00517
BSU30190	BioI	K00517
BSU35060	CypX	K00517
BSU19330	SodF	K04564
BSU25020	SodA	K04564
BSU19400	SodC	K04565
BSU25160	IspH	K03527
BSU32470	PucE	K00087
BSU32480	PucD	K00087
BSU32490	PucC	K00087
BSU32500	PucB	K00087
BSU32510	PucA	K00087
BSU17380	NrdE	K00525
BSU20060	NrdEb	K00525
BSU17390	NrdF	K00526
BSU20040	NrdF	K00526
BSU25070	IspG	K03526
BSU24770	MgsR	K00537
BSU32810	YusI	K00537
BSU25780	ArsC	K03741
BSU05660	YdgI	K00540
BSU07830	YfkO	K00540
BSU10400	YhxC	K00540
BSU10430	YhxD	K00540
BSU12350	YjmF	K00540
BSU18500	FabG	K00540
BSU19550	YodC	K00540
BSU23820	YqjM	K00540
BSU24210	YqiG	K00540
BSU31220	YuxG	K00540
BSU32630	YurR	K00540
BSU37680	YwfH	K00540
BSU37720	BacC	K00540
BSU38110	NfrA	K00540
BSU39840	YxbG	K00540
BSU27010	AdhA	K13979
BSU38540	DltE	K14189
BSU02410	MmuM	K00547
BSU11010	YitJ	K00547
BSU13180	MetE	K00549
BSU16030	TrmD	K00554
BSU29900	TrmB	K03439
BSU06060	YdiO	K00558
BSU06070	YdiP	K00558
BSU20250	MtbP	K00558
BSU17680	ThyA	K00560
BSU21820	ThyA	K00560
BSU13540	Ogt	K00567
BSU01820	AdaB	K13531
BSU29480	YtxK	K00571
BSU22720	CheR	K00575
BSU15610	SumT	K02303
BSU03280	NasF	K13542
BSU00420	KsgA	K02528
BSU39010	YxjB	K00563
BSU06730	YefA	K00599
BSU08020	YfjO	K00599
BSU28070	ComC	K02236
BSU37000	PrmC	K02493
BSU25450	PrmA	K02687
BSU22750	UbiE	K03183
BSU08930	CspR	K03216
BSU00960	RlmB	K03218
BSU15140	MraW	K03438
BSU15740	RsmB	K03500
BSU15750	YloN	K06941
BSU38360	YwbD	K06969
BSU22170	YpsC	K07444
BSU25440	YqeU	K09761
BSU01810	AdaA	K13530
BSU36900	GlyA	K00600
BSU02230	PurT	K08289
BSU06510	PurN	K11175
BSU06520	PurH	K00602
BSU15730	Fmt	K00604
BSU24570	GcvT	K00605
BSU22430	PanB	K00606
BSU15490	PyrB	K00609
BSU11250	ArgF	K00611
BSU17890	Tkt	K00615
BSU37110	YwjH	K00616
BSU28310	IlvB	K01652
BSU36010	AlsS	K01652
BSU28300	IlvH	K01653
BSU24270	Dxs	K01662
BSU30820	MenD	K02551
BSU11200	ArgJ	K00620
BSU34730	YvcN	K00622
BSU37660	EutD	K00625
BSU10350	YhfS	K00626
BSU24170	MmgA	K00626
BSU08080	AcoC	K00627
BSU14600	PdhC	K00627
BSU15890	PlsX	K03621
BSU18070	YneS	K08591
BSU32830	YusK	K00632
BSU24090	Ptb	K00634
BSU17000	Kbl	K00639
BSU00930	CysE	K00640
BSU11200	ArgJ	K00620
BSU15900	FabD	K00645
BSU21910	MetA	K00651
BSU30220	BioF	K00652
BSU26600	BltD	K00657
BSU19360	OdhB	K00658
BSU22050	BcsA	K00660
BSU40850	Maa	K00661
BSU21630	YokD	K00662
BSU14180	DapH	K05822
BSU05930	RimI	K03789
BSU11890	YjcK	K03790
BSU00500	GlmU	K04042
BSU24030	BkdB	K09699
BSU11340	FabF	K09458
BSU10170	FabHb	K00648
BSU11330	FabHa	K00648
BSU36560	YwnH	K03823
BSU28330	YsnE	K03829
BSU29690	AcuA	K04766
BSU18410	Ggt	K00681
BSU36100	YwrD	K00681
BSU08425	MprF	K14205
BSU31270	Tgl	K00686
BSU09440	CitA	K01647
BSU24140	MmgD	K01647
BSU29140	CitZ	K01647
BSU17150	PksG	K01641
BSU28280	LeuA	K01649
BSU30940	GlgP	K00688
BSU34570	YvdK	K00691
BSU34450	SacB	K00692
BSU30980	GlgB	K00700
BSU30950	GlgA	K00703
BSU35730	TagE	K00712
BSU12890	YkcC	K00721
BSU21920	UgtP	K03429
BSU35750	TagA	K05946
BSU15220	MurG	K02563
BSU22320	PonA	K05366
BSU23490	PupG	K03783
BSU19630	DeoD	K03784
BSU39400	Pdp	K00756
BSU27610	Apt	K00759
BSU00680	HprT	K00760
BSU36890	Upp	K00761
BSU15470	PyrR	K02825
BSU15560	PyrE	K00762
BSU31750	YueK	K00763
BSU06490	PurF	K00764
BSU34920	HisG	K00765
BSU22670	TrpD	K00766
BSU27860	NadC	K00767
BSU22070	Xpt	K03816
BSU27710	Tgt	K00773
BSU34890	HisH	K02501
BSU24280	IspA	K13789
BSU38290	ThiE	K00788
BSU30550	MetK	K00789
BSU36760	MurAa	K00790
BSU37100	MurAb	K00790
BSU23270	RibE	K00793
BSU24280	IspA	K13789
BSU00770	Sul	K00796
BSU37500	SpeE	K00797
BSU22600	AroE	K00800
BSU24280	IspA	K13789
BSU22740	HepT	K00805
BSU22760	HepS	K00805
BSU16530	UppS	K00806
BSU10810	YisP	K02291
BSU00730	CysK	K01738
BSU27260	MccA	K01738
BSU29970	YtkP	K01738
BSU11870	YjcI	K01739
BSU29750	AroA	K13853
BSU28150	HemC	K01749
BSU27850	NadA	K03517
BSU38490	MenA	K02548
BSU17330	MiaA	K00791
BSU23250	RibH	K00794
BSU12080	CtaO	K02301
BSU14880	CtaB	K02301
BSU17840	YndN	K11210
BSU22370	AspB	K00812
BSU09570	YhdR	K11358
BSU22620	HisC	K00817
BSU11220	ArgD	K00818
BSU40340	RocD	K00819
BSU01780	GlmS	K00820
BSU01900	YbcM	K00820
BSU03900	GabT	K07250
BSU09670	Dat	K00824
BSU03900	GabT	K07250
BSU02390	YbgE	K00826
BSU38550	YwaA	K00826
BSU10020	SerC	K00831
BSU30230	BioA	K00833
BSU00750	PabA	K01664
BSU00740	PabB	K01665
BSU32520	PucG	K00839
BSU14000	PatA	K00841
BSU13580	YkrV	K08969
BSU31400	AlaT	K10907
BSU19740	YodT	K00843
BSU00120	YaaE	K08681
BSU24850	GlcK	K00845
BSU05860	GmuE	K00847
BSU06170	YdjE	K00847
BSU38200	GalK	K00849
BSU29190	PfkA	K00850
BSU40060	GntK	K00851
BSU35920	RbsK	K00852
BSU28790	AraB	K00853
BSU17610	XylB	K00854
BSU37060	Tdk	K00857
BSU11610	PpnK	K00858
BSU29540	PpnK	K00858
BSU29060	CoaE	K00859
BSU15600	CysC	K00860
BSU16670	RibC	K11753
BSU09290	GlpK	K00864
BSU40040	GlxK	K00865
BSU23760	CoaA	K00867
BSU00700	CoaX	K03525
BSU38020	ThiD	K00868
BSU32240	ThrB	K00872
BSU29180	Pyk	K00873
BSU34550	PgcM	K01838
BSU22110	KdgK	K00874
BSU27330	Udk	K00876
BSU11710	YjbV	K00941
BSU38300	ThiM	K00878
BSU14390	FruK	K00882
BSU08200	MalP	K02749
BSU39270	BglP	K02755
BSU05820	GmuA	K02759
BSU38570	LicA	K02759
BSU05810	GmuB	K02760
BSU38590	LicB	K02760
BSU02350	NagP	K02763
BSU13890	PtsG	K02763
BSU14400	FruA	K02768
BSU22230	YpqE	K02777
BSU40120	YyzE	K02777
BSU12010	ManP	K02793
BSU03982	MtlF	K02798
BSU03981	MtlA	K02799
BSU07700	NagP	K02803
BSU01680	YbbF	K02809
BSU38050	SacP	K02809
BSU38410	SacX	K02809
BSU07800	TreP	K02818
BSU27070	LevD	K11194
BSU27060	LevE	K11195
BSU03150	AroK	K00891
BSU39740	IolC	K03338
BSU13560	MtnK	K00899
BSU25310	DgkA	K00901
BSU00460	Ipk	K00919
BSU29470	AckA	K00925
BSU33930	Pgk	K00927
BSU03790	YclM	K00928
BSU16760	DapG	K00928
BSU28470	LysC	K00928
BSU24070	Buk	K00929
BSU11210	ArgB	K00930
BSU13120	ProB	K00931
BSU18470	ProJ	K00931
BSU11210	ArgB	K00930
BSU13910	PtsI	K08483
BSU01370	Adk	K00939
BSU22730	Ndk	K00940
BSU11710	YjbV	K00941
BSU15680	Gmk	K00942
BSU00280	Tmk	K00943
BSU22890	Cmk	K00945
BSU05900	ThiL	K00946
BSU16510	PyrH	K09903
BSU35000	HprK	K06023
BSU00510	Prs	K00948
BSU15800	ThiN	K00949
BSU00790	FolK	K00950
BSU27600	RelA	K00951
BSU11600	YjbM	K07816
BSU16670	RibC	K11753
BSU15020	CoaD	K00954
BSU10920	Sat	K00958
BSU15590	Sat	K00958
BSU01430	RpoA	K03040
BSU01070	RpoB	K03043
BSU01080	RpoC	K03046
BSU37160	RpoE	K03048
BSU15690	RpoZ	K03060
BSU29090	PolA	K02335
BSU20340	YorL	K02337
BSU29230	DnaE	K02337
BSU00020	DnaN	K02338
BSU25560	HolA	K02340
BSU00310	HolB	K02341
BSU00190	DnaX	K02343
BSU23710	YqjW	K02346
BSU23870	YqjH	K02346
BSU16580	PolC	K03763
BSU16690	PnpA	K00962
BSU18180	YngB	K00963
BSU30850	YtdA	K00963
BSU35670	GtaB	K00963
BSU38190	GalT	K00965
BSU25640	NadD	K00969
BSU22450	Cca	K00974
BSU00500	GlmU	K04042
BSU37840	SpsI	K00973
BSU22450	Cca	K00974
BSU30960	GlgD	K00975
BSU30970	GlgC	K00975
BSU35740	TagD	K00980
BSU16540	CdsA	K00981
BSU28370	Rph	K00989
BSU31980	DhbE	K02312
BSU00900	IspD	K00991
BSU10250	YhfJ	K03800
BSU24530	YqhM	K03800
BSU25210	DnaG	K02316
BSU11700	ThiF	K03148
BSU26790	AadK	K05593
BSU16920	PgsA	K00995
BSU04620	AcpS	K00997
BSU02270	PssA	K00998
BSU35720	TagF	K09809
BSU15190	MraY	K01000
BSU24120	PrpB	K01003
BSU36590	ClsA	K06131
BSU37190	ClsB	K06131
BSU37240	YwiE	K06131
BSU35530	TagO	K13685
BSU18830	Pps	K01007
BSU04720	RsbW	K04757
BSU23460	SpoIiab	K06379
BSU00660	YabT	K08884
BSU02030	YbdM	K08884
BSU15770	PrkC	K08884
BSU08290	YfiJ	K02480
BSU09320	YhcY	K02480
BSU38900	YxjM	K02480
BSU02010	YbdK	K02484
BSU02560	YcbM	K02484
BSU03760	YclK	K02484
BSU26420	YrkQ	K02484
BSU33210	YvrG	K02484
BSU34710	YvcQ	K02484
BSU13990	KinA	K02491
BSU16430	CheA	K03407
BSU29100	PhoR	K07636
BSU33020	CssS	K07650
BSU23110	ResE	K07651
BSU40400	WalK	K07652
BSU31690	ComP	K07680
BSU31450	KinB	K07697
BSU14490	KinC	K07698
BSU28930	LytS	K07704
BSU02440	GlnJ	K07717
BSU06950	YesM	K07718
BSU35500	DegS	K07777
BSU19190	DesK	K07778
BSU34070	YvfT	K07778
BSU31520	YufL	K11614
BSU33090	LiaS	K11617
BSU05410	YdfH	K11623
BSU30390	BceS	K11629
BSU39650	YxdK	K11633
BSU07580	CitS	K11637
BSU02730	NatK	K11640
BSU04450	DctS	K11711
BSU13660	KinD	K13532
BSU13530	KinE	K13533
BSU27930	Spo0b	K06375
BSU30200	BioB	K01012
BSU27510	IscS	K04487
BSU27880	NifS	K04487
BSU29590	IscS	K04487
BSU32690	SufS	K11717
BSU32330	LipA	K03644
BSU38990	ScoA	K01028
BSU38980	ScoB	K01029
BSU14300	MoaE	K03635
BSU34990	Lgt	K13292
BSU02260	YbfK	K01044
BSU05440	Nap	K01044
BSU08350	EstB	K01044
BSU34390	PnbA	K03927
BSU33620	YvaK	K03928
BSU02700	EstA	K01046
BSU30510	YtpA	K01048
BSU00530	Pth	K01056
BSU13010	YkgB	K07404
BSU03180	Cah	K01060
BSU16420	CheB	K03412
BSU03520	SrfAd	K01076
BSU05740	PhoB	K01077
BSU09410	PhoA	K01077
BSU02620	PhoD	K01113
BSU04740	RsbX	K05518
BSU07840	YfkN	K01119
BSU19800	Phy	K01083
BSU37090	GlpX	K02446
BSU40190	Fbp	K04041
BSU29620	HisJ	K04486
BSU15760	PrpC	K01090
BSU34110	RsbP	K01090
BSU00640	SpoIie	K06382
BSU14670	SuhB	K01092
BSU07880	YfkJ	K01104
BSU36240	YwqE	K01104
BSU36930	YwlE	K01104
BSU10940	YitC	K05979
BSU13590	MtnW	K08965
BSU13600	MtnX	K08966
BSU22450	Cca	K00974
BSU07840	YfkN	K01119
BSU02130	GlpQ	K01126
BSU09620	YhdW	K01126
BSU24180	YqiK	K01126
BSU22450	Cca	K00974
BSU40880	ExoAa	K01142
BSU27480	YrrC	K03581
BSU24300	XseA	K03601
BSU24290	XseB	K03602
BSU25130	YqfS	K01151
BSU36170	YwqL	K05982
BSU15930	Rnc	K03685
BSU21970	YpeP	K03469
BSU21990	YpdQ	K03469
BSU16060	RnhB	K03470
BSU28620	RnhC	K03471
BSU41050	RnpA	K03536
BSU00410	RnmV	K05985
BSU23840	YqjK	K00784
BSU21610	YokF	K01174
BSU03040	AmyE	K01176
BSU18130	EglS	K01179
BSU28820	YsdC	K01179
BSU18840	XynA	K01181
BSU02840	YcdG	K01182
BSU34560	MalL	K01182
BSU31290	YugT	K01187
BSU03410	BglC	K01188
BSU39260	BglH	K01188
BSU05840	GmuD	K05350
BSU30300	MelA	K07406
BSU07080	YesZ	K01190
BSU34130	GanA	K12308
BSU38040	SacA	K01193
BSU17580	XynB	K01198
BSU29930	AmyX	K01200
BSU01660	YbbD	K01207
BSU28510	Xsa	K01209
BSU28720	AbfA	K01209
BSU27030	SacC	K01212
BSU34460	LevB	K01212
BSU05880	GmuG	K01218
BSU38560	LicH	K01222
BSU40110	BglA	K01223
BSU34120	GanB	K01224
BSU07810	TreA	K01226
BSU35780	LytD	K01227
BSU28810	AbnA	K06113
BSU08180	MalA	K01232
BSU26890	Csn	K01233
BSU27270	Mtn	K01243
BSU01800	AlkA	K01247
BSU08010	YfjP	K01247
BSU38620	YxlJ	K03652
BSU29080	MutM	K10563
BSU27020	YraA	K05520
BSU31970	DhbB	K04779
BSU26760	YrdC	K05993
BSU36490	YwoC	K05993
BSU32050	YuiE	K01255
BSU38920	PepT	K01258
BSU24460	YqhT	K01262
BSU01380	MapA	K01265
BSU07690	YflG	K01265
BSU13860	YkvY	K01271
BSU23190	DacB	K01286
BSU00100	DacA	K07258
BSU23480	DacF	K07258
BSU18350	DacC	K07259
BSU19620	YodJ	K07260
BSU12970	YkfA	K01297
BSU22080	YpwA	K01299
BSU02650	Pcp	K01304
BSU24830	YqgT	K01308
BSU28200	LonA	K01338
BSU10300	AprE	K01342
BSU17850	LexA	K01356
BSU04010	SipU	K03100
BSU10490	SipV	K03100
BSU14410	SipT	K03100
BSU23310	SipS	K03100
BSU34540	ClpP	K01358
BSU19590	CtpA	K03797
BSU24230	SpoIvb	K06399
BSU15450	LspA	K03101
BSU28070	ComC	K02236
BSU14700	NprE	K01400
BSU05940	Gcp	K01409
BSU25540	Gpr	K06012
BSU22320	PonA	K05366
BSU27340	YrrO	K08303
BSU27350	YrrN	K08303
BSU24630	SipW	K13280
BSU02690	AnsZ	K01424
BSU23580	AnsA	K01424
BSU02430	YbgJ	K01425
BSU14830	YlaM	K01425
BSU36640	UreC	K01428
BSU36650	UreB	K01429
BSU36660	UreA	K01430
BSU13110	PurU	K01433
BSU39470	YxeP	K01436
BSU15350	YlmB	K01438
BSU19710	YodQ	K01438
BSU29980	YtjP	K01439
BSU35010	NagA	K01443
BSU12460	XlyB	K01447
BSU12810	XlyA	K01447
BSU21410	BlyA	K01447
BSU25710	CwlH	K01447
BSU25900	CwlA	K01447
BSU01530	CwlD	K01448
BSU17410	CwlC	K01448
BSU24190	YqiI	K01448
BSU27580	YrvJ	K01448
BSU35620	LytC	K01448
BSU02600	CwlJ	K01449
BSU13820	YkvT	K01449
BSU22930	SleB	K01449
BSU16460	CheD	K03411
BSU14190	DapL	K05823
BSU14560	Def	K01462
BSU15720	Def	K01462
BSU03010	AmhX	K01463
BSU09650	YhdZ	K12410
BSU15500	PyrC	K01465
BSU32410	PucH	K01466
BSU02090	YbxI	K01467
BSU18800	PenP	K01467
BSU39370	HutI	K01468
BSU32460	PucM	K07127
BSU40320	ArgI	K01476
BSU39380	HutG	K01479
BSU32530	YurH	K02083
BSU37490	SpeB	K01480
BSU06560	YerA	K01486
BSU14520	AdeC	K01486
BSU13170	GuaD	K01487
BSU25300	Cdd	K01489
BSU24310	FolD	K01491
BSU06520	PurH	K00602
BSU25580	ComEb	K01493
BSU22780	FolE	K01495
BSU34860	HisI	K11755
BSU23260	RibA	K01497
BSU23280	RibD	K11752
BSU11650	TenA	K03707
BSU02360	NagBb	K02564
BSU35020	NagBa	K02564
BSU40550	PpaC	K01507
BSU34970	HprP	K06019
BSU07640	YflL	K01512
BSU23610	NudF	K01515
BSU28360	YsnA	K01516
BSU17660	YncF	K01520
BSU20020	YosS	K01520
BSU31150	YubB	K06153
BSU34860	HisI	K11755
BSU40440	DnaC	K02314
BSU34780	YvcI	K03574
BSU19220	YocI	K03654
BSU23020	RecQ	K03654
BSU15870	RecG	K03655
BSU06610	PcrA	K03657
BSU11820	YjcD	K03657
BSU33450	HelD	K03657
BSU22150	YpvA	K03722
BSU22400	DinG	K03722
BSU00550	Mfd	K03723
BSU15710	PriA	K04066
BSU15780	YloQ	K06949
BSU13850	ZosA	K01534
BSU33490	CopB	K01534
BSU33500	CopA	K01533
BSU13850	ZosA	K01534
BSU33490	CopB	K01534
BSU15650	YloB	K01537
BSU36870	AtpB	K02108
BSU36850	AtpF	K02109
BSU36860	AtpE	K02110
BSU36830	AtpA	K02111
BSU36810	AtpD	K02112
BSU36840	AtpH	K02113
BSU36800	AtpC	K02114
BSU36820	AtpG	K02115
BSU16240	FliI	K02412
BSU31550	YufO	K02056
BSU35940	RbsA	K10441
BSU03590	TcyC	K02028
BSU23960	ArtR	K02028
BSU29340	TcyN	K02028
BSU39480	YxeO	K02028
BSU24950	PstBb	K02036
BSU24960	PstBa	K02036
BSU02980	OpuAa	K02000
BSU03820	YclP	K02013
BSU07490	YfmF	K02013
BSU15340	YlmA	K02013
BSU32940	YusV	K02013
BSU33160	YvrA	K02013
BSU33290	FhuC	K02013
BSU35700	TagH	K09693
BSU01120	FusA	K02355
BSU01130	TufA	K02358
BSU39730	IolD	K03336
BSU07330	YfnB	K01560
BSU18670	YoaN	K01569
BSU33240	OxdC	K01569
BSU36000	AlsD	K01575
BSU22410	PanD	K01579
BSU14630	SpeA	K01585
BSU23380	LysA	K01586
BSU15550	PyrF	K01591
BSU15700	CoaBc	K13038
BSU10120	HemE	K01599
BSU22660	TrpC	K01609
BSU30560	PckA	K01610
BSU29010	SpeD	K01611
BSU02290	Psd	K01613
BSU04000	YcsA	K07246
BSU03630	YclB	K03186
BSU34400	PadC	K13727
BSU39420	DeoC	K01619
BSU37120	FbaA	K01624
BSU22100	KdgA	K01625
BSU00780	FolB	K01633
BSU39670	IolJ	K03339
BSU03460	HxlA	K08093
BSU18230	YngG	K01640
BSU22100	KdgA	K01625
BSU22680	TrpE	K01657
BSU30800	MenB	K01661
BSU00760	PabC	K02619
BSU34870	HisF	K02500
BSU23260	RibA	K01497
BSU13930	SplB	K03716
BSU30690	YtiB	K01673
BSU34670	YvdA	K01673
BSU33040	FumC	K01679
BSU18000	CitB	K01681
BSU12390	UxaA	K01685
BSU12340	UxuA	K01686
BSU21870	IlvD	K01687
BSU23080	AroD	K03785
BSU24470	YqhS	K03786
BSU33900	Eno	K01689
BSU09880	YhaR	K01692
BSU17160	PksH	K01692
BSU18220	YngF	K01692
BSU28540	YsiB	K13767
BSU34900	HisB	K01693
BSU22630	TrpA	K01695
BSU22640	TrpB	K01696
BSU28130	HemB	K01698
BSU28260	LeuC	K01703
BSU28250	LeuD	K01704
BSU28260	LeuC	K01703
BSU28250	LeuD	K01704
BSU02490	GudD	K01706
BSU02460	YcbC	K01707
BSU02510	GarD	K01708
BSU39720	IolE	K03335
BSU37830	SpsJ	K01710
BSU39360	HutU	K01712
BSU27900	PheA	K04518
BSU16770	DapA	K01714
BSU12230	HemD	K01719
BSU28140	HemD	K01719
BSU03280	NasF	K13542
BSU24130	PrpD	K01720
BSU13610	MtnB	K08964
BSU30780	MenC	K02549
BSU36370	FabZ	K02372
BSU07560	Pel	K01728
BSU18650	PelB	K01732
BSU32250	ThrC	K01733
BSU22480	MgsA	K01734
BSU22700	AroB	K01735
BSU22710	AroF	K01736
BSU13730	QueD	K01737
BSU29080	MutM	K10563
BSU22340	Nth	K10773
BSU30810	YtxM	K08680
BSU01700	MurQ	K07106
BSU23570	AspA	K01744
BSU39350	HutH	K01745
BSU15850	SdaAb	K01752
BSU15860	SdaAa	K01752
BSU23770	DsdA	K01753
BSU21770	IlvA	K01754
BSU29440	ArgH	K01755
BSU06440	PurB	K01756
BSU38370	YwbC	K01759
BSU40860	YyaH	K01759
BSU11880	YjcJ	K01760
BSU27250	YrhB	K01760
BSU31440	PatB	K14155
BSU32690	SufS	K11717
BSU10950	YitD	K08097
BSU30670	LuxS	K07173
BSU00910	IspF	K01770
BSU10130	HemH	K01772
BSU15630	SirC	K02304
BSU15620	SirB	K03794
BSU00110	YaaD	K06215
BSU04640	AlrA	K01775
BSU17640	AlrB	K01775
BSU26810	YrpC	K01776
BSU28390	RacE	K01776
BSU32170	DapF	K01778
BSU15790	Rpe	K01783
BSU38860	GalE	K01784
BSU28780	AraD	K01786
BSU37810	SpsL	K01790
BSU35660	MnaA	K01791
BSU30870	YtcB	K01795
BSU31190	YulD	K03534
BSU23360	PpiB	K03768
BSU09950	PrsA	K07533
BSU33920	TpiA	K01803
BSU28800	AraA	K01804
BSU17600	XylA	K01805
BSU36920	YwlF	K01808
BSU05870	GmuF	K01809
BSU12020	ManA	K01809
BSU35790	YvyI	K01809
BSU31350	Pgi	K01810
BSU12300	UxaC	K01812
BSU31180	YulE	K01813
BSU34880	HisA	K01814
BSU22130	KduI	K01815
BSU13550	MtnA	K08963
BSU22650	TrpF	K01817
BSU03450	HxlB	K08094
BSU39750	IolB	K03337
BSU37540	YwhB	K01821
BSU22870	Fni	K01823
BSU39680	IolI	K06606
BSU10340	PhoE	K01834
BSU33910	Pgm	K01834
BSU09310	PgcA	K01835
BSU34550	PgcM	K01838
BSU23500	Drm	K01839
BSU09310	PgcA	K01835
BSU01770	GlmM	K03431
BSU19690	KamA	K01843
BSU08710	GsaB	K01845
BSU28120	HemL	K01845
BSU31990	DhbC	K02361
BSU30830	MenF	K02552
BSU22690	AroH	K06208
BSU27910	PheB	K06209
BSU29750	AroA	K13853
BSU16660	TruB	K03177
BSU01480	TruA	K06173
BSU23160	RluB	K06178
BSU09210	YhcT	K06180
BSU11620	YjbO	K06180
BSU15460	RluD	K06180
BSU30035	YtzG	K06183
BSU19320	SqhC	K06045
BSU06420	PurE	K01588
BSU16120	TopA	K03168
BSU04260	TopB	K03169
BSU00070	GyrA	K02469
BSU00060	GyrB	K02470
BSU35930	RbsD	K06726
BSU27720	QueA	K07568
BSU29670	TyrS	K01866
BSU38460	TyrZ	K01866
BSU11420	TrpS	K01867
BSU28950	ThrS	K01868
BSU37560	ThrZ	K01868
BSU30320	LeuS	K01869
BSU15430	IleS	K01870
BSU00820	LysS	K04567
BSU27410	AlaS	K01872
BSU28090	ValS	K01873
BSU00380	MetS	K01874
BSU00130	SerS	K01875
BSU27550	AspS	K01876
BSU38500	DltA	K03367
BSU38520	DltC	K14188
BSU25270	GlyQ	K01878
BSU25260	GlyS	K01879
BSU16570	ProS	K01881
BSU00940	CysS	K01883
BSU37330	ArgS	K01887
BSU28640	PheS	K01889
BSU28630	PheT	K01890
BSU27560	HisS	K01892
BSU22360	AsnC	K01893
BSU00920	GltX	K09698
BSU29560	YtcI	K01895
BSU29680	AcsA	K01895
BSU10270	YhfL	K01897
BSU28560	LcfA	K01897
BSU16100	SucD	K01902
BSU16090	SucC	K01903
BSU30240	BioW	K01906
BSU30790	MenE	K01911
BSU10360	YhfT	K00666
BSU18250	YngI	K00666
BSU17460	GlnA	K01915
BSU03130	NadE	K01916
BSU22420	PanC	K01918
BSU04560	Ddl	K01921
BSU15700	CoaBc	K13038
BSU06450	PurC	K01923
BSU29790	MurC	K01924
BSU15200	MurD	K01925
BSU04570	MurF	K01929
BSU28080	FolC	K11754
BSU15180	MurE	K01928
BSU28080	FolC	K11754
BSU06500	PurM	K01933
BSU24890	YqgN	K01934
BSU30210	BioD	K01935
BSU37150	PyrG	K01937
BSU40420	PurA	K01939
BSU29450	ArgG	K01940
BSU06530	PurD	K01945
BSU18240	YngH	K01961
BSU24340	AccC	K01961
BSU22440	BirA	K03524
BSU06430	PurK	K01589
BSU00670	TilS	K04075
BSU06360	GuaA	K01951
BSU06460	PurS	K01952
BSU06470	PurQ	K01952
BSU06480	PurL	K01952
BSU10790	AsnO	K01953
BSU30540	AsnB	K01953
BSU39920	AsnH	K01953
BSU11240	CarB	K01955
BSU15520	CarB	K01955
BSU11230	CarA	K01956
BSU15510	PyrAa	K01956
BSU06680	GatA	K02433
BSU06690	GatB	K02434
BSU06670	GatC	K02435
BSU06680	GatA	K02433
BSU06690	GatB	K02434
BSU06670	GatC	K02435
BSU14860	PycA	K01958
BSU18240	YngH	K01961
BSU24340	AccC	K01961
BSU29200	AccA	K01962
BSU29210	AccD	K01963
BSU18210	YngE	K01966
BSU23920	YqjD	K01966
BSU13400	LigD	K01971
BSU20500	LigB	K01971
BSU06620	LigA	K01972
BSU22880	RpsA	K02945
BSU16490	RpsB	K02967
BSU01220	RpsC	K02982
BSU29660	RpsD	K02986
BSU01330	RpsE	K02988
BSU40910	RpsF	K02990
BSU01110	RpsG	K02992
BSU01300	RpsH	K02994
BSU01500	RpsI	K02996
BSU01150	RpsJ	K02946
BSU01420	RpsK	K02948
BSU01100	RpsL	K02950
BSU01410	RpsM	K02952
BSU01290	RpsN	K02954
BSU08880	RpsN	K02954
BSU16680	RpsO	K02956
BSU15990	RpsP	K02959
BSU01250	RpsQ	K02961
BSU40890	RpsR	K02963
BSU01200	RpsS	K02965
BSU25550	RpsT	K02968
BSU25410	RpsU	K02970
BSU01030	RplA	K02863
BSU01190	RplB	K02886
BSU01160	RplC	K02906
BSU01170	RplD	K02926
BSU01280	RplE	K02931
BSU01310	RplF	K02933
BSU01050	RplL	K02935
BSU40500	RplI	K02939
BSU01040	RplJ	K02864
BSU01020	RplK	K02867
BSU01490	RplM	K02871
BSU01260	RplN	K02874
BSU01350	RplO	K02876
BSU01230	RplP	K02878
BSU01440	RplQ	K02879
BSU01320	RplR	K02881
BSU16040	RplS	K02884
BSU28850	RplT	K02887
BSU27960	RplU	K02888
BSU01210	RplV	K02890
BSU01180	RplW	K02892
BSU01270	RplX	K02895
BSU00520	Ctc	K02897
BSU27940	RpmA	K02899
BSU15820	RpmB	K02902
BSU01240	RpmC	K02904
BSU01340	RpmD	K02907
BSU30700	RpmE2	K02909
BSU37070	RpmE	K02909
BSU15080	RpmF	K02911
BSU00990	RpmG	K02913
BSU24900	RpmG	K02913
BSU41060	RpmH	K02914
BSU28860	RpmI	K02916
BSU01400	RpmJ	K02919
BSU01090	YbxF	K07590
BSU16490	RpsB	K02967
BSU01220	RpsC	K02982
BSU29660	RpsD	K02986
BSU01330	RpsE	K02988
BSU01110	RpsG	K02992
BSU01300	RpsH	K02994
BSU01500	RpsI	K02996
BSU01150	RpsJ	K02946
BSU01420	RpsK	K02948
BSU01100	RpsL	K02950
BSU01410	RpsM	K02952
BSU01290	RpsN	K02954
BSU08880	RpsN	K02954
BSU16680	RpsO	K02956
BSU01250	RpsQ	K02961
BSU01200	RpsS	K02965
BSU01030	RplA	K02863
BSU01190	RplB	K02886
BSU01160	RplC	K02906
BSU01280	RplE	K02931
BSU01310	RplF	K02933
BSU01040	RplJ	K02864
BSU01020	RplK	K02867
BSU01490	RplM	K02871
BSU01260	RplN	K02874
BSU01350	RplO	K02876
BSU01320	RplR	K02881
BSU01210	RplV	K02890
BSU01180	RplW	K02892
BSU01270	RplX	K02895
BSU01240	RpmC	K02904
BSU01340	RpmD	K02907
BSU_rRNA_11	RrnW-5s	K01985
BSU_rRNA_13	RrnE-5s	K01985
BSU_rRNA_15	RrnI-5s	K01985
BSU_rRNA_18	RrnD-5s	K01985
BSU_rRNA_21	RrnB-5s	K01985
BSU_rRNA_24	RrnH-5s	K01985
BSU_rRNA_26	RrnA-5s	K01985
BSU_rRNA_28	RrnG-5s	K01985
BSU_rRNA_3	RrnO-5s	K01985
BSU_rRNA_8	RrnJ-5s	K01985
BSU_rRNA_1	RrnO-16s	K01977
BSU_rRNA_16	RrnH-16s	K01977
BSU_rRNA_19	RrnB-16s	K01977
BSU_rRNA_22	RrnD-16s	K01977
BSU_rRNA_23	RrnI-16s	K01977
BSU_rRNA_25	RrnG-16s	K01977
BSU_rRNA_30	RrnE-16s	K01977
BSU_rRNA_4	RrnA-16s	K01977
BSU_rRNA_6	RrnJ-16s	K01977
BSU_rRNA_9	RrnW-16s	K01977
BSU_rRNA_10	RrnW-23s	K01980
BSU_rRNA_12	RrnE-23s	K01980
BSU_rRNA_14	RrnI-23s	K01980
BSU_rRNA_17	RrnD-23s	K01980
BSU_rRNA_2	RrnO-23s	K01980
BSU_rRNA_20	RrnB-23s	K01980
BSU_rRNA_27	RrnG-23s	K01980
BSU_rRNA_29	RrnH-23s	K01980
BSU_rRNA_5	RrnA-23s	K01980
BSU_rRNA_7	RrnJ-23s	K01980
BSU00660	YabT	K08884
BSU02030	YbdM	K08884
BSU15770	PrkC	K08884
BSU29100	PhoR	K07636
BSU33020	CssS	K07650
BSU23110	ResE	K07651
BSU40400	WalK	K07652
BSU30390	BceS	K11629
BSU39650	YxdK	K11633
BSU02010	YbdK	K02484
BSU02560	YcbM	K02484
BSU03760	YclK	K02484
BSU26420	YrkQ	K02484
BSU33210	YvrG	K02484
BSU34710	YvcQ	K02484
BSU31690	ComP	K07680
BSU35500	DegS	K07777
BSU19190	DesK	K07778
BSU34070	YvfT	K07778
BSU33090	LiaS	K11617
BSU05410	YdfH	K11623
BSU08290	YfiJ	K02480
BSU09320	YhcY	K02480
BSU38900	YxjM	K02480
BSU13990	KinA	K02491
BSU31450	KinB	K07697
BSU14490	KinC	K07698
BSU13660	KinD	K13532
BSU13530	KinE	K13533
BSU07580	CitS	K11637
BSU31520	YufL	K11614
BSU28930	LytS	K07704
BSU02730	NatK	K11640
BSU16430	CheA	K03407
BSU04450	DctS	K11711
BSU02440	GlnJ	K07717
BSU06950	YesM	K07718
BSU09590	YhdT	K03699
BSU24260	YqxC	K06442
BSU21790	YplQ	K11068
BSU00920	GltX	K09698
BSU11420	TrpS	K01867
BSU29670	TyrS	K01866
BSU38460	TyrZ	K01866
BSU00940	CysS	K01883
BSU37330	ArgS	K01887
BSU00380	MetS	K01874
BSU15430	IleS	K01870
BSU28090	ValS	K01873
BSU30320	LeuS	K01869
BSU00820	LysS	K04567
BSU27550	AspS	K01876
BSU22360	AsnC	K01893
BSU27560	HisS	K01892
BSU25270	GlyQ	K01878
BSU25260	GlyS	K01879
BSU00130	SerS	K01875
BSU16570	ProS	K01881
BSU28950	ThrS	K01868
BSU37560	ThrZ	K01868
BSU27410	AlaS	K01872
BSU28640	PheS	K01889
BSU28630	PheT	K01890
BSU22370	AspB	K00812
BSU09570	YhdR	K11358
BSU13580	YkrV	K08969
BSU14000	PatA	K00841
BSU31400	AlaT	K10907
BSU22620	HisC	K00817
BSU17000	Kbl	K00639
BSU30220	BioF	K00652
BSU31440	PatB	K14155
BSU40340	RocD	K00819
BSU11220	ArgD	K00818
BSU03900	GabT	K07250
BSU30230	BioA	K00833
BSU08710	GsaB	K01845
BSU28120	HemL	K01845
BSU09670	Dat	K00824
BSU02390	YbgE	K00826
BSU38550	YwaA	K00826
BSU10020	SerC	K00831
BSU32520	PucG	K00839
BSU08250	YfiF	K02099
BSU05170	YdeE	K13653
BSU01810	AdaA	K13530
BSU03170	YcgK	K04761
BSU18460	GltC	K09681
BSU14380	FruR	K03436
BSU36420	SpoIiid	K06283
BSU39770	IolR	K06608
BSU29740	CcpA	K02529
BSU30260	MsmR	K02529
BSU34170	GanR	K02529
BSU35910	RbsR	K02529
BSU22120	KdgR	K02525
BSU33970	AraR	K02103
BSU07820	TreR	K03486
BSU40130	YydK	K03489
BSU05850	GmuR	K03492
BSU02370	YbgA	K03710
BSU16810	YmfC	K03710
BSU35030	YvoA	K03710
BSU32560	FrlR	K10711
BSU05240	YdeL	K00375
BSU09480	YhdI	K00375
BSU30460	YtrA	K07979
BSU40050	GntR	K11476
BSU28550	FadR	K13770
BSU04250	LrpC	K03719
BSU05050	LrpA	K03719
BSU28410	GerE	K01994
BSU04460	DctR	K11712
BSU07220	YetL	K03712
BSU13670	MhqR	K03712
BSU09990	Hpr	K09682
BSU17450	GlnR	K03713
BSU23520	Fur	K03711
BSU25100	Zur	K02076
BSU08730	PerR	K09825
BSU37310	Fnr	K01420
BSU09380	NsrR	K13771
BSU04650	EndB	K07723
BSU38018	YwzG	K10947
BSU01889	YbzH	K03892
BSU05330	AseR	K03892
BSU25810	ArsR	K03892
BSU08190	MalR	K03481
BSU22440	BirA	K03524
BSU28670	YsfB	K02647
BSU40350	RocR	K06714
BSU16170	CodY	K03706
BSU18740	YozG	K07727
BSU12000	ManR	K02538
BSU13880	GlcT	K03480
BSU04160	MtlR	K03483
BSU39080	LicT	K03488
BSU38600	LicR	K03491
BSU09270	GlpP	K02443
BSU24250	AhrC	K03402
BSU05120	CspC	K03704
BSU09100	CspB	K03704
BSU21930	CspD	K03704
BSU25490	HrcA	K03705
BSU11650	TenA	K03707
BSU11660	TenI	K10810
BSU00830	CtsR	K03708
BSU00370	AbrB	K06284
BSU00560	SpoVt	K04769
BSU33950	CggR	K05311
BSU39430	DeoR	K05346
BSU40960	ParB	K03497
BSU40990	Noc	K03497
BSU11300	Med	K05519
BSU22770	MtrB	K06285
BSU15470	PyrR	K02825
BSU37620	RsfA	K06314
BSU13920	SplA	K06315
BSU32140	PaiB	K07734
BSU05130	YdeB	K07736
BSU29000	NrdR	K07738
BSU39340	HutP	K09683
BSU32420	PucR	K09684
BSU00470	PurR	K09685
BSU15450	LspA	K03101
BSU25540	Gpr	K06012
BSU02650	Pcp	K01304
BSU06360	GuaA	K01951
BSU06490	PurF	K00764
BSU01780	GlmS	K00820
BSU01900	YbcM	K00820
BSU10790	AsnO	K01953
BSU30540	AsnB	K01953
BSU39920	AsnH	K01953
BSU27020	YraA	K05520
BSU09200	YhcS	K07284
BSU36340	YwpE	K07284
BSU11540	PepF	K08602
BSU11100	NprB	K08777
BSU14700	NprE	K01400
BSU24830	YqgT	K01308
BSU19620	YodJ	K07260
BSU32050	YuiE	K01255
BSU38920	PepT	K01258
BSU32530	YurH	K02083
BSU05940	Gcp	K01409
BSU01380	MapA	K01265
BSU07690	YflG	K01265
BSU13860	YkvY	K01271
BSU24460	YqhT	K01262
BSU22080	YpwA	K01299
BSU00690	FtsH	K03798
BSU13490	YkrL	K03799
BSU27970	SpoIvfb	K06402
BSU10300	AprE	K01342
BSU10770	WprA	K13274
BSU15300	Bpr	K13276
BSU13190	IspA	K13275
BSU38400	Epr	K13277
BSU00100	DacA	K07258
BSU23480	DacF	K07258
BSU18350	DacC	K07259
BSU34540	ClpP	K01358
BSU28200	LonA	K01338
BSU28210	LonB	K04076
BSU17850	LexA	K01356
BSU04010	SipU	K03100
BSU10490	SipV	K03100
BSU14410	SipT	K03100
BSU23310	SipS	K03100
BSU24630	SipW	K13280
BSU19590	CtpA	K03797
BSU29530	SppA	K04773
BSU24230	SpoIvb	K06399
BSU12970	YkfA	K01297
BSU16150	ClpQ	K01419
BSU18410	Ggt	K00681
BSU36100	YwrD	K00681
BSU15310	SpoIiga	K06383
BSU27340	YrrO	K08303
BSU27350	YrrN	K08303
BSU09280	GlpF	K02440
BSU35660	MnaA	K01791
BSU00860	ClpC	K03696
BSU13700	ClpE	K03697
BSU28220	ClpX	K03544
BSU16160	HslU	K03667
BSU39820	HtpG	K04079
BSU25470	DnaK	K04043
BSU06030	GroEl	K04077
BSU25460	DnaJ	K03686
BSU00710	HslO	K04083
BSU25480	GrpE	K03687
BSU06020	GroEs	K04078
BSU00690	FtsH	K03798
BSU36870	AtpB	K02108
BSU10300	AprE	K01342
BSU10770	WprA	K13274
BSU15300	Bpr	K13276
BSU13190	IspA	K13275
BSU38400	Epr	K13277
BSU23360	PpiB	K03768
BSU09950	PrsA	K07533
BSU28500	TrxA	K03671
BSU21440	BdbB	K03611
BSU14270	MoeB	K11996
BSU13540	Ogt	K00567
BSU37970	Ung	K03648
BSU38620	YxlJ	K03652
BSU08630	YfhQ	K03575
BSU22340	Nth	K10773
BSU34780	YvcI	K03574
BSU17660	YncF	K01520
BSU20020	YosS	K01520
BSU13540	Ogt	K00567
BSU01810	AdaA	K13530
BSU01820	AdaB	K13531
BSU37970	Ung	K03648
BSU01800	AlkA	K01247
BSU08010	YfjP	K01247
BSU38620	YxlJ	K03652
BSU08630	YfhQ	K03575
BSU29080	MutM	K10563
BSU22340	Nth	K10773
BSU40880	ExoAa	K01142
BSU25130	YqfS	K01151
BSU36170	YwqL	K05982
BSU27620	RecJ	K07462
BSU13400	LigD	K01971
BSU20500	LigB	K01971
BSU06620	LigA	K01972
BSU29090	PolA	K02335
BSU35160	UvrA	K03701
BSU35170	UvrB	K03702
BSU28490	UvrC	K03703
BSU06610	PcrA	K03657
BSU11820	YjcD	K03657
BSU33450	HelD	K03657
BSU29090	PolA	K02335
BSU13400	LigD	K01971
BSU20500	LigB	K01971
BSU06620	LigA	K01972
BSU01070	RpoB	K03043
BSU01080	RpoC	K03046
BSU01430	RpoA	K03040
BSU37160	RpoE	K03048
BSU15690	RpoZ	K03060
BSU00550	Mfd	K03723
BSU17040	MutS	K03555
BSU28580	MutSb	K07456
BSU17050	MutL	K03572
BSU24300	XseA	K03601
BSU24290	XseB	K03602
BSU20340	YorL	K02337
BSU29230	DnaE	K02337
BSU16580	PolC	K03763
BSU00020	DnaN	K02338
BSU25560	HolA	K02340
BSU00310	HolB	K02341
BSU00190	DnaX	K02343
BSU13400	LigD	K01971
BSU20500	LigB	K01971
BSU06620	LigA	K01972
BSU06610	PcrA	K03657
BSU11820	YjcD	K03657
BSU33450	HelD	K03657
BSU40900	SsbA	K03111
BSU27480	YrrC	K03581
BSU16940	RecA	K03553
BSU27740	RuvA	K03550
BSU27730	RuvB	K03551
BSU15710	PriA	K04066
BSU10650	SbcC	K03546
BSU10640	SbcD	K03547
BSU16940	RecA	K03553
BSU00870	RadA	K04485
BSU00040	RecF	K03629
BSU15870	RecG	K03655
BSU27620	RecJ	K07462
BSU25280	RecO	K03584
BSU00210	RecR	K06187
BSU24240	RecN	K03631
BSU22310	RecU	K03700
BSU27740	RuvA	K03550
BSU27730	RuvB	K03551
BSU13410	YkoV	K10979
BSU13400	LigD	K01971
BSU20500	LigB	K01971
BSU00070	GyrA	K02469
BSU00060	GyrB	K02470
BSU16120	TopA	K03168
BSU21050	YonN	K03530
BSU22790	Hbs	K03530
BSU26280	YqaK	K07455
BSU27620	RecJ	K07462
BSU25280	RecO	K03584
BSU00210	RecR	K06187
BSU13400	LigD	K01971
BSU20500	LigB	K01971
BSU19220	YocI	K03654
BSU23020	RecQ	K03654
BSU35160	UvrA	K03701
BSU35170	UvrB	K03702
BSU23710	YqjW	K02346
BSU23870	YqjH	K02346
BSU21500	UvrX	K03502
BSU16940	RecA	K03553
BSU17850	LexA	K01356
BSU24240	RecN	K03631
BSU40900	SsbA	K03111
BSU34780	YvcI	K03574
BSU17660	YncF	K01520
BSU20020	YosS	K01520
BSU17380	NrdE	K00525
BSU20060	NrdEb	K00525
BSU17390	NrdF	K00526
BSU20040	NrdF	K00526
BSU28590	YshC	K02347
BSU22150	YpvA	K03722
BSU22400	DinG	K03722
BSU01390	InfA	K02518
BSU16630	InfB	K02519
BSU28870	InfC	K02520
BSU16500	Tsf	K02357
BSU01130	TufA	K02358
BSU01120	FusA	K02355
BSU24450	Efp	K02356
BSU37010	PrfA	K02835
BSU35290	PrfB	K02836
BSU16520	Frr	K02838
BSU14470	MreBh	K03569
BSU28030	MreB	K03569
BSU36410	Mbl	K03569
BSU15290	FtsZ	K03531
BSU27990	MinD	K03609
BSU40970	ParA	K03496
BSU40960	ParB	K03497
BSU40990	Noc	K03497
BSU15400	YlmG	K02221
BSU25590	ComEa	K02237
BSU25580	ComEb	K01493
BSU25570	ComEc	K02238
BSU25600	ComEr	K02239
BSU35470	ComFa	K02240
BSU35460	ComFb	K02241
BSU35450	ComFc	K02242
BSU24730	ComGa	K02243
BSU24720	ComGb	K02244
BSU24710	ComGc	K02245
BSU24700	ComGd	K02246
BSU24690	ComGe	K02247
BSU24680	ComGf	K02248
BSU24670	ComGg	K02249
BSU28070	ComC	K02236
BSU10420	ComK	K02250
BSU31710	ComQ	K02251
BSU03500	ComS	K02252
BSU11310	ComZ	K02254
BSU16390	FlhA	K02400
BSU16380	FlhB	K02401
BSU16080	YlqH	K04061
BSU16210	FliF	K02409
BSU16230	FliH	K02411
BSU16240	FliI	K02412
BSU16320	FliY	K02417
BSU16340	FliZ	K02418
BSU16350	FliP	K02419
BSU16360	FliQ	K02420
BSU16370	FliR	K02421
BSU35300	SecA	K03070
BSU27650	SecDf	K12257
BSU01000	SecE	K03073
BSU33630	SecG	K03075
BSU01360	SecY	K03076
BSU15980	Ffh	K03106
BSU15950	FtsY	K03110
BSU27700	YajC	K03210
BSU23890	YqjG	K03217
BSU41040	SpoIiij	K03217
BSU35260	FtsE	K09812
BSU15980	Ffh	K03106
BSU02630	TatAd	K03116
BSU05980	TatAy	K03116
BSU17710	TatAc	K03116
BSU02640	TatCd	K03118
BSU05990	TatCy	K03118
BSU36800	AtpC	K02114
BSU36810	AtpD	K02112
BSU36820	AtpG	K02115
BSU36830	AtpA	K02111
BSU36840	AtpH	K02113
BSU36850	AtpF	K02109
BSU36860	AtpE	K02110
BSU36870	AtpB	K02108
BSU36880	AtpI	K02116
BSU12890	YkcC	K00721
BSU21920	UgtP	K03429
BSU30950	GlgA	K00703
BSU22320	PonA	K05366
BSU35530	TagO	K13685
BSU35750	TagA	K05946
BSU35730	TagE	K00712
BSU34450	SacB	K00692
BSU06060	YdiO	K00558
BSU06070	YdiP	K00558
BSU20250	MtbP	K00558
BSU21050	YonN	K03530
BSU22790	Hbs	K03530
BSU00010	DnaA	K02313
BSU30650	Dps	K04047
BSU32990	MrgA	K04047
BSU17340	Hfq	K03666
BSU04250	LrpC	K03719
BSU05050	LrpA	K03719
BSU15940	Smc	K03529
BSU23220	ScpA	K05896
BSU23210	SpcB	K06024
BSU15280	FtsA	K03590
BSU00620	DivIc	K13052
BSU35260	FtsE	K09812
BSU16800	SpoIiie	K03466
BSU15240	DivIb	K03589
BSU14850	FtsW	K03588
BSU15210	SpoVe	K03588
BSU35250	FtsX	K09811
BSU15290	FtsZ	K03531
BSU28610	YshA	K09888
BSU01530	CwlD	K01448
BSU17410	CwlC	K01448
BSU24190	YqiI	K01448
BSU27580	YrvJ	K01448
BSU35620	LytC	K01448
BSU29610	EzrA	K06286
BSU28000	MinC	K03610
BSU27990	MinD	K03609
BSU15420	DivIva	K04074
BSU15390	SepF	K09772
BSU14470	MreBh	K03569
BSU28030	MreB	K03569
BSU36410	Mbl	K03569
BSU28020	MreC	K03570
BSU28010	MreD	K03571
BSU40970	ParA	K03496
BSU40960	ParB	K03497
BSU40990	Noc	K03497
BSU18100	ParC	K02621
BSU18090	ParE	K02622
BSU41010	GidA	K03495
BSU41000	GidB	K03501
BSU16130	Gid	K04094
BSU16140	XerC	K03733
BSU23510	XerD	K04763
BSU37030	RacA	K11686
BSU01540	SalA	K03593
