b0882	ClpA	K03694
b2592	ClpB	K03695
b0438	ClpX	K03544
b3931	HslU	K03667
b0473	HtpG	K04079
b0014	DnaK	K04043
b2526	HscA	K04044
b0650	HscC	K04045
b2069	YegD	K04046
b4143	GroL	K04077
b0015	DnaJ	K03686
b1000	CbpA	K05516
b0055	DjlA	K05801
b2527	HscB	K04082
b3401	HslO	K04083
b3687	IbpA	K04080
b3686	IbpB	K04081
b2614	GrpE	K03687
b3400	HslR	K04762
b4142	GroS	K04078
b0161	DegP	K04771
b3178	FtsH	K03798
b3738	AtpB	K02108
b4316	FimC	K07346
b3609	SecB	K03071
b3363	PpiA	K03767
b0525	PpiB	K03768
b0441	PpiD	K03770
b3347	FkpA	K03772
b4207	FklB	K03773
b0028	FkpB	K03774
b3349	SlyD	K03775
b3775	PpiC	K03769
b0053	SurA	K03771
b3781	TrxA	K03671
b2582	TrxC	K03672
b0492	YbbN	K05838
b0849	GrxA	K03674
b1064	GrxB	K03675
b3610	GrxC	K03676
b1654	GrxD	K07390
b3860	DsbA	K03673
b1185	DsbB	K03611
b2893	DsbC	K03981
b4136	DsbD	K04084
b2195	CcmG	K02199
b0604	DsbG	K03805
b2400	GltX	K01885
b0680	GlnS	K01886
b0144	YadB	K01894
b3384	TrpS	K01867
b1637	TyrS	K01866
b0526	CysS	K01883
b1876	ArgS	K01887
b2114	MetG	K01874
b0026	IleS	K01870
b4258	ValS	K01873
b0642	LeuS	K01869
b2890	LysS	K04567
b4129	LysU	K04567
b4155	YjeA	K04568
b1866	AspS	K01876
b0930	AsnS	K01893
b2514	HisS	K01892
b3560	GlyQ	K01878
b3559	GlyS	K01879
b0893	SerS	K01875
b0194	ProS	K01881
b1719	ThrS	K01868
b2697	AlaS	K01872
b1714	PheS	K01889
b1713	PheT	K01890
b0928	AspC	K00813
b3572	AvtA	K00835
b2290	AlaA	K14260
b2379	AlaC	K14261
b4054	TyrB	K00832
b0600	YbdL	K14287
b2021	HisC	K00817
b3617	Kbl	K00639
b0776	BioF	K00652
b1622	MalY	K14155
b3359	ArgD	K00821
b1748	AstC	K00840
b2662	GabT	K07250
b1302	PuuE	K00823
b3073	PatA	K09251
b0774	BioA	K00833
b0154	HemL	K01845
b3770	IlvE	K00826
b0907	SerC	K00831
b2253	ArnB	K07806
b3791	RffA	K02805
b0826	MoeB	K11996
b0884	InfA	K02518
b3168	InfB	K02519
b1718	InfC	K02520
b1282	YciH	K03113
b0170	Tsf	K02357
b3339	TufA	K02358
b3980	TufB	K02358
b3340	FusA	K02355
b2171	YeiP	K02356
b4147	Efp	K02356
b1211	PrfA	K02835
b2891	PrfB	K02836
b4375	PrfC	K02837
b0172	Frr	K02838
b0236	PrfH	K02839
b0064	AraC	K02099
b3906	RhaR	K02854
b3905	RhaS	K02855
b1735	ChbR	K03490
b4116	AdiY	K03755
b2437	EutR	K04033
b0564	AppY	K07780
b0566	EnvY	K11920
b4062	SoxS	K13631
b1531	MarA	K13632
b1384	FeaR	K14063
b2213	Ada	K10778
b2808	GcvA	K03566
b3773	IlvY	K02521
b3828	MetR	K03576
b0020	NhaR	K03717
b3961	OxyR	K04761
b2916	ArgP	K05596
b0076	LeuO	K05798
b2537	HcaR	K05817
b3118	TdcA	K07592
b0504	AllS	K10972
b0338	CynR	K11921
b1275	CysB	K13634
b1987	Cbl	K13635
b2364	DsdC	K13636
b1339	AbgR	K14057
b0840	DeoR	K11534
b3423	GlpR	K02444
b3131	AgaR	K02081
b2805	FucR	K02430
b2707	SrlR	K02468
b4191	UlaR	K03477
b2151	GalS	K02529
b2837	GalR	K02529
b3569	XylR	K02529
b3753	RbsR	K02529
b3934	CytR	K05499
b0080	FruR	K03435
b4241	TreR	K03485
b2714	AscG	K03487
b1658	PurR	K03604
b3438	GntR	K06145
b4264	IdnR	K06146
b3075	EbgR	K12113
b3684	YidP	K03482
b4102	PhnF	K02043
b3375	FrlR	K10711
b0730	MngR	K11922
b1187	FadR	K03603
b0113	PdhR	K05799
b2980	GlcC	K11474
b4324	UxuR	K13637
b3604	LldR	K14348
b1450	McbR	K13654
b0313	BetI	K02167
b0464	AcrR	K03577
b3641	SlmA	K05501
b1013	RutR	K09017
b3743	AsnC	K03718
b0889	Lrp	K03719
b0447	YbaO	K05800
b3418	MalT	K03556
b1040	CsgD	K04333
b1951	RcsA	K07781
b1916	SdiA	K07782
b1530	MarR	K03712
b2684	MprA	K03712
b1642	SlyA	K06075
b0487	CueR	K11923
b3292	ZntR	K13638
b4063	SoxR	K13639
b0683	Fur	K03711
b4046	Zur	K09823
b4018	IclR	K13641
b0346	MhpR	K05818
b0506	AllR	K10973
b3357	Crp	K10914
b1334	Fnr	K01420
b2531	IscR	K13643
b4178	NsrR	K13771
b0817	MntR	K11924
b3481	NikR	K07722
b3501	ArsR	K03892
b3973	BirA	K03524
b3261	Fis	K03557
b4393	TrpR	K03720
b0330	PrpR	K02688
b4390	NadR	K06211
b3021	MqsA	K13655
b1299	PuuR	K14056
b0162	CdaR	K02647
b3188	SfsB	K07724
b0761	ModE	K02019
b0069	SgrR	K11925
b2491	HyfR	K12146
b2709	NorR	K12266
b3555	YiaG	K07726
b3723	BglG	K03488
b3842	RfaH	K05785
b3237	ArgR	K03402
b0676	NagC	K02565
b3601	MtlR	K02562
b0623	CspE	K03704
b0880	CspD	K03704
b0989	CspH	K03704
b0990	CspG	K03704
b1552	CspI	K03704
b1557	CspB	K03704
b1558	CspF	K03704
b1823	CspC	K03704
b3556	CspA	K03704
b3938	MetJ	K03764
b1323	TyrR	K03721
b4133	CadC	K03765
b2479	GcvR	K03567
b1399	PaaX	K02616
b1303	PspF	K03974
b1306	PspC	K03973
b1512	LsrR	K11531
b1201	DhaR	K05880
b0610	Rnk	K06140
b2624	AlpA	K07733
b2948	YqgE	K07735
b0034	CaiF	K08277
b0145	DksA	K06204
b0413	NrdR	K07738
b0240	Crl	K11926
b3023	YgiV	K07471
b0356	FrmA	K00121
b1241	AdhE	K04072
b1478	AdhP	K13953
b3589	YiaY	K13954
b0002	ThrA	K12524
b3940	MetL	K12525
b3945	GldA	K00005
b3600	MtlD	K00009
b2028	Ugd	K00012
b2020	HisD	K00013
b3281	AroE	K00014
b2133	Dld	K03777
b1380	LdhA	K03778
b2341	FadJ	K01782
b3846	FadB	K01825
b3236	Mdh	K00024
b1479	MaeA	K00027
b2463	MaeB	K00029
b1136	Icd	K00031
b2029	Gnd	K00033
b1852	Zwf	K00036
b4323	UxuB	K00040
b1521	UxaB	K00041
b0509	GlxR	K00042
b3125	GarR	K00042
b4266	IdnO	K00046
b2799	FucO	K00048
b1033	GhrA	K12972
b1033	GhrA	K12972
b1800	DmlA	K07246
b0073	LeuB	K00052
b3774	IlvC	K00053
b1800	DmlA	K07246
b3608	GpsA	K00057
b2913	SerA	K00058
b1093	FabG	K00059
b3616	Tdh	K00060
b2842	KduD	K00065
b3575	YiaK	K08092
b2040	RfbD	K00067
b2705	SrlD	K00068
b0517	AllD	K00073
b1395	PaaH	K00074
b3972	MurB	K00075
b1619	HdhA	K00076
b0425	PanE	K00077
b0414	RibD	K11752
b2508	GuaB	K00088
b3553	GhrB	K00090
b2091	GatD	K00094
b0052	PdxA	K00097
b4267	IdnD	K00098
b0173	Dxr	K00099
b2052	Fcl	K02377
b3012	DkgA	K06221
b0207	DkgB	K06222
b1692	YdiB	K05887
b0356	FrmA	K00121
b2320	PdxB	K03473
b2255	ArnA	K10011
b3787	RffD	K02472
b1580	RspB	K08322
b0801	YbiC	K13574
b3605	LldD	K00101
b2979	GlcD	K00104
b0124	Gcd	K00117
b2241	GlpA	K00111
b3426	GlpD	K00111
b2242	GlpB	K00112
b2243	GlpC	K00113
b2210	Mqo	K00116
b0311	BetA	K00108
b0599	YbdH	K08317
b3882	YihU	K08318
b2736	YgbJ	K08319
b3011	YqhD	K08325
b1501	YdeP	K00123
b3894	FdoG	K00123
b4079	FdhF	K00123
b3893	FdoH	K00124
b3892	FdoI	K00127
b1474	FdnG	K08348
b1475	FdnH	K08349
b1476	FdnI	K08350
b0312	BetB	K00130
b1241	AdhE	K04072
b0351	MhpF	K04073
b2319	Usg	K00133
b3433	Asd	K00133
b1779	GapA	K00134
b2661	GabD	K00135
b1444	Prr	K00137
b1415	AldA	K07248
b1415	AldA	K07248
b3958	ArgC	K00145
b1385	FeaB	K00146
b0243	ProA	K00147
b1210	HemA	K02492
b1746	AstD	K06447
b2927	Epd	K03472
b3588	AldB	K00138
b3958	ArgC	K00145
b1525	Sad	K08324
b1300	PuuC	K09472
b0871	PoxB	K00156
b0114	AceE	K00163
b0726	SucA	K00164
b1288	FabI	K00208
b2600	TyrA	K14187
b0031	DapB	K00215
b0596	EntA	K00216
b3081	FadH	K00219
b3368	CysG	K02302
b2541	HcaB	K05711
b0945	PyrD	K00226
b2436	HemF	K00228
b3850	HemG	K00230
b0723	SdhA	K00239
b0724	SdhB	K00240
b0721	SdhC	K00241
b0722	SdhD	K00242
b4154	FrdA	K00244
b4153	FrdB	K00245
b4152	FrdC	K00246
b4151	FrdD	K00247
b2955	YggW	K02495
b3867	HemN	K02495
b0221	FadE	K06445
b0039	CaiA	K08297
b1761	GdhA	K00262
b3212	GltB	K00265
b3213	GltD	K00266
b3212	GltB	K00265
b3213	GltD	K00266
b1638	PdxH	K00275
b2574	NadB	K00278
b1386	TynA	K00276
b1301	PuuB	K09471
b2903	GcvP	K00281
b1189	DadA	K00285
b0386	ProC	K00286
b0048	FolA	K00287
b1606	FolM	K13938
b0529	FolD	K01491
b1014	PutA	K13821
b3941	MetF	K00297
b0937	SsuE	K00299
b3844	Fre	K05368
b0578	NfsB	K10679
b1007	RutF	K09024
b1606	FolM	K13938
b1059	SolA	K02846
b1014	PutA	K13821
b3962	SthA	K00322
b1603	PntA	K00324
b1602	PntB	K00325
b2288	NuoA	K00330
b2287	NuoB	K00331
b2285	NuoE	K00334
b2284	NuoF	K00335
b2283	NuoG	K00336
b2282	NuoH	K00337
b2281	NuoI	K00338
b2280	NuoJ	K00339
b2279	NuoK	K00340
b2278	NuoL	K00341
b2277	NuoM	K00342
b2276	NuoN	K00343
b2286	NuoC	K13378
b4051	QorA	K00344
b1109	Ndh	K03885
b3365	NirB	K00362
b3366	NirD	K00363
b0104	GuaC	K00364
b2794	QueF	K06879
b4070	NrfA	K03385
b0997	TorA	K07811
b1872	TorZ	K07812
b1224	NarG	K00370
b1225	NarH	K00371
b1226	NarJ	K00373
b1227	NarI	K00374
b2206	NapA	K02567
b1468	NarZ	K08345
b1467	NarY	K08346
b1465	NarV	K08347
b1466	NarW	K08361
b2764	CysJ	K00380
b2763	CysI	K00381
b0116	Lpd	K00382
b3500	Gor	K00383
b2582	TrxC	K03672
b4136	DsbD	K04084
b0888	TrxB	K00384
b2762	CysH	K00390
b4219	MsrA	K07304
b1778	MsrB	K07305
b0894	DmsA	K07306
b1587	YnfE	K07309
b1588	YnfF	K07310
b0733	CydA	K00425
b0978	AppC	K00425
b0734	CydB	K00426
b0979	AppB	K00426
b0432	CyoA	K02297
b0431	CyoB	K02298
b0430	CyoC	K02299
b3518	YhjA	K00428
b1732	KatE	K03781
b3942	KatG	K03782
b3942	KatG	K03782
b1710	BtuE	K00432
b0605	AhpC	K03386
b2480	Bcp	K03564
b1324	Tpx	K11065
b0973	HyaB	K06281
b2994	HybC	K06281
b0972	HyaA	K06282
b2997	HybO	K06282
b0348	MhpB	K05713
b0368	TauD	K03119
b2212	AlkB	K03919
b0804	YbiX	K07336
b2552	Hmp	K05916
b2538	HcaE	K05708
b2539	HcaF	K05709
b0662	UbiF	K03184
b2907	UbiH	K03185
b0347	MhpA	K05712
b0935	SsuD	K04091
b1802	YeaW	K00517
b1012	RutA	K09018
b1656	SodB	K04564
b3908	SodA	K04564
b1646	SodC	K04565
b3844	Fre	K05368
b1905	FtnA	K02217
b0029	IspH	K03527
b2866	XdhA	K00087
b0284	PaoC	K11177
b0285	PaoB	K11178
b2867	XdhB	K13479
b2234	NrdA	K00525
b2675	NrdE	K00525
b2235	NrdB	K00526
b2676	NrdF	K00526
b4238	NrdD	K00527
b2515	IspG	K03526
b3924	Fpr	K00528
b2542	HcaD	K00529
b2495	YfgD	K00537
b3503	ArsC	K00537
b4237	NrdG	K04068
b0824	YbiY	K04069
b0902	PflA	K04069
b3952	PflC	K04069
b2878	YgfK	K12527
b0493	YbbO	K00540
b1539	YdfG	K00540
b2137	YohF	K00540
b2718	HycH	K00540
b2721	HycE	K00540
b3003	YghA	K00540
b4049	DusA	K05539
b3260	DusB	K05540
b2140	DusC	K05541
b3551	BisC	K08351
b1008	RutE	K09019
b0851	NfsA	K10678
b0578	NfsB	K10679
b1650	NemA	K10680
b0872	Hcr	K11933
b2481	HyfA	K12136
b2482	HyfB	K12137
b2483	HyfC	K12138
b2484	HyfD	K12139
b2485	HyfE	K12140
b2486	HyfF	K12141
b2487	HyfG	K12142
b2489	HyfI	K12144
b2490	HyfJ	K12145
b4269	YjgB	K12957
b0325	YahK	K13979
b0261	MmuM	K00547
b4019	MetH	K00548
b3829	MetE	K00549
b2607	TrmD	K00554
b2960	TrmI	K03439
b3651	TrmH	K00556
b3965	TrmA	K00557
b1961	Dcm	K00558
b2827	ThyA	K00560
b1335	Ogt	K00567
b2213	Ada	K10778
b2232	UbiG	K00568
b4349	HsdM	K03427
b3387	Dam	K06223
b3262	YhdJ	K07319
b2330	PrmB	K07320
b2743	Pcm	K00573
b1661	Cfa	K00574
b1884	CheR	K00575
b3368	CysG	K02302
b3803	HemX	K02496
b1519	Tam	K00598
b3465	RsmD	K08316
b4371	RsmC	K00564
b0948	RlmL	K12297
b3084	RlmG	K11391
b0807	RlmF	K06970
b0051	RsmA	K02528
b1822	RlmA	K00563
b2232	UbiG	K00568
b3179	RlmE	K02427
b3335	GspO	K02464
b1212	PrmC	K02493
b2532	TrmJ	K02533
b4403	YjtD	K02533
b2972	PppA	K02654
b3259	PrmA	K02687
b3833	UbiE	K03183
b0859	RumB	K03212
b2581	YfiF	K03214
b2785	RumA	K03215
b3606	TrmL	K03216
b4180	RlmB	K03218
b0082	RsmH	K03438
b3289	RsmB	K03500
b2517	RlmN	K06941
b0967	RlmI	K06969
b2946	RsmE	K09761
b1835	RsmF	K11392
b2551	GlyA	K00600
b1849	PurT	K08289
b2500	PurN	K11175
b4006	PurH	K00602
b3288	Fmt	K00604
b2905	GcvT	K00605
b0134	PanB	K00606
b2255	ArnA	K10011
b4245	PyrB	K00609
b0273	ArgF	K00611
b4254	ArgI	K00611
b2465	TktB	K00615
b2935	TktA	K00615
b0008	TalB	K00616
b2464	TalA	K00616
b0077	IlvI	K01652
b3671	IlvB	K01652
b0078	IlvH	K01653
b3670	IlvN	K01653
b3769	IlvM	K11258
b0420	Dxs	K01662
b2264	MenD	K02551
b2818	ArgA	K00619
b2297	Pta	K13788
b2224	AtoB	K00626
b2844	YqeF	K00626
b0115	AceF	K00627
b4041	PlsB	K00631
b1090	PlsX	K03621
b3059	PlsY	K08591
b2342	FadI	K00632
b3845	FadA	K00632
b0342	LacA	K00633
b3617	Kbl	K00639
b3607	CysE	K00640
b1092	FabD	K00645
b2836	Aas	K05939
b2323	FabB	K00647
b4013	MetA	K00651
b0776	BioF	K00652
b3018	PlsC	K00655
b0823	YbiW	K00656
b0903	PflB	K00656
b3114	TdcE	K00656
b3951	PflD	K00656
b1584	SpeG	K00657
b0727	SucB	K00658
b0459	Maa	K00661
b1747	AstA	K00673
b0166	DapD	K00674
b1463	NhoA	K00675
b4373	RimI	K03789
b1066	RimJ	K03790
b0181	LpxA	K00677
b3730	GlmU	K04042
b1095	FabF	K09458
b1091	FabH	K00648
b0630	LipB	K03801
b1448	YncA	K03823
b0594	EntE	K02363
b1054	LpxL	K02517
b0179	LpxD	K02536
b1855	LpxM	K02560
b1397	PaaJ	K02615
b1427	RimL	K03817
b2054	WcaF	K03818
b2058	WcaB	K03819
b0657	Lnt	K03820
b3156	YhbS	K03824
b3441	YhhY	K03825
b3550	YiaC	K03826
b4012	YjaB	K03827
b4256	YjgM	K03828
b1932	YedL	K03829
b0234	YafP	K03830
b2033	WbbJ	K08280
b4093	PhnO	K09994
b0622	PagP	K12973
b2378	LpxP	K12974
b3447	Ggt	K00681
b0885	Aat	K00684
b0720	GltA	K01647
b0333	PrpC	K01659
b2976	GlcB	K01638
b4014	AceB	K01638
b0074	LeuA	K01649
b3417	MalP	K00688
b3428	GlgP	K00688
b1309	YcjM	K00690
b3533	BcsA	K00694
b1896	OtsA	K00697
b3432	GlgB	K00700
b3429	GlgA	K00703
b3416	MalQ	K00705
b3626	RfaJ	K03279
b0084	FtsI	K03587
b0149	MrcB	K05365
b0182	LpxB	K00748
b0090	MurG	K02563
b3628	RfaB	K02840
b3631	RfaG	K02844
b3794	RffM	K02852
b3793	WzyE	K02853
b3627	RfaI	K03275
b1049	OpgH	K03669
b3208	MtgA	K03814
b3396	MrcA	K05366
b2519	PbpC	K05367
b4481	RffT	K12582
b3629	RfaS	K12986
b4384	DeoD	K03784
b3831	Udp	K00757
b4382	DeoA	K00758
b0469	Apt	K00759
b0125	Hpt	K00760
b2498	Upp	K00761
b3642	PyrE	K00762
b0931	PncB	K00763
b2312	PurF	K00764
b2019	HisG	K00765
b1263	TrpD	K13497
b0109	NadC	K00767
b1991	CobT	K00768
b0238	Gpt	K00769
b0406	Tgt	K00773
b2023	HisH	K02501
b2407	XapA	K03815
b0421	IspA	K00795
b3993	ThiE	K00788
b2942	MetK	K00789
b3189	MurA	K00790
b1662	RibC	K00793
b0421	IspA	K00795
b3177	FolP	K00796
b0121	SpeE	K00797
b1270	BtuR	K00798
b2459	EutT	K04032
b1635	Gst	K00799
b2302	YfcG	K00799
b0908	AroA	K00800
b0174	IspU	K00806
b2414	CysK	K01738
b2421	CysM	K12339
b3939	MetB	K01739
b0754	AroG	K01626
b1704	AroH	K01626
b2601	AroF	K01626
b1215	KdsA	K01627
b3805	HemC	K01749
b0750	NadA	K03517
b3930	MenA	K02548
b4171	MiaA	K00791
b0415	RibE	K00794
b0428	CyoE	K02301
b3187	IspB	K02523
b4040	UbiA	K03179
b0928	AspC	K00813
b2290	AlaA	K14260
b2021	HisC	K00817
b3359	ArgD	K00821
b3729	GlmS	K00820
b3359	ArgD	K00821
b1302	PuuE	K00823
b2662	GabT	K07250
b2662	GabT	K07250
b3770	IlvE	K00826
b0907	SerC	K00831
b4054	TyrB	K00832
b0774	BioA	K00833
b3572	AvtA	K00835
b2290	AlaA	K14260
b1748	AstC	K00840
b3073	PatA	K09251
b3360	PabA	K01664
b1812	PabB	K01665
b2253	ArnB	K07806
b2379	AlaC	K14261
b0600	YbdL	K14287
b2564	PdxJ	K03474
b2388	Glk	K00845
b0394	Mak	K00847
b3904	RhaB	K00848
b0757	GalK	K00849
b1723	PfkB	K00850
b3916	PfkA	K00850
b3437	GntK	K00851
b4268	IdnK	K00851
b3752	RbsK	K00852
b0063	AraB	K00853
b3564	XylB	K00854
b3355	PrkB	K00855
b1238	Tdk	K00857
b2615	NadK	K00858
b0103	CoaE	K00859
b2750	CysC	K00860
b0025	RibF	K11753
b3926	GlpK	K00864
b0514	GlxK	K00865
b3124	GarK	K00865
b3974	CoaA	K00867
b1636	PdxY	K00868
b2418	PdxK	K00868
b0003	ThrB	K00872
b1676	PykF	K00873
b1854	PykA	K00873
b3526	KdgK	K00874
b2066	Udk	K00876
b2103	ThiD	K00941
b2104	ThiM	K00878
b2803	FucK	K00879
b3580	LyxK	K00880
b4084	AlsK	K00881
b2168	FruK	K00882
b3693	DgoK	K00883
b1119	NagK	K00884
b3222	NanK	K00885
b3133	AgaV	K02745
b2715	AscF	K02752
b3722	BglF	K02755
b1736	ChbA	K02759
b1738	ChbB	K02760
b2169	FruB	K02768
b2167	FruA	K02769
b2094	GatA	K02773
b4302	SgcA	K02773
b2093	GatB	K02774
b4565	SgcB	K02774
b2417	Crr	K02777
b1101	PtsG	K02778
b2704	SrlB	K02781
b2703	SrlE	K02782
b1621	MalX	K02790
b1817	ManX	K02793
b2934	CmtB	K02798
b3599	MtlA	K02798
b2933	CmtA	K02799
b0679	NagE	K02802
b3204	PtsN	K02806
b4240	TreB	K02818
b0129	YadI	K02821
b4195	UlaC	K02821
b4194	UlaB	K02822
b3138	AgaB	K10984
b2429	MurP	K11191
b0731	MngA	K11198
b2383	FryA	K08483
b3900	FrvA	K11201
b3947	PtsA	K08483
b2387	FryB	K11202
b3899	FrvB	K11202
b3950	FrwB	K11202
b3953	FrwD	K11202
b0388	AroL	K00891
b3390	AroK	K00891
b0477	Gsk	K00892
b1106	ThiK	K07251
b4042	DgkA	K00901
b0915	LpxK	K00912
b2095	GatZ	K00917
b3132	KbaZ	K00917
b1208	IspE	K00919
b1993	CobU	K02231
b3630	RfaP	K02848
b3625	RfaY	K02850
b3052	RfaE	K03272
b1200	DhaK	K05878
b1199	DhaL	K05879
b4331	KptA	K07559
b1640	AnmK	K09001
b3374	FrlD	K10710
b1511	LsrK	K11216
b2296	AckA	K00925
b0323	YahI	K00926
b0521	YbcF	K00926
b2874	YqeA	K00926
b2926	Pgk	K00927
b4024	LysC	K00928
b0002	ThrA	K12524
b3940	MetL	K12525
b3959	ArgB	K00930
b0242	ProB	K00931
b3115	TdcD	K00932
b3959	ArgB	K00930
b2383	FryA	K08483
b2416	PtsI	K08483
b3947	PtsA	K08483
b2829	PtsP	K08484
b2501	Ppk	K00937
b0474	Adk	K00939
b2518	Ndk	K00940
b2103	ThiD	K00941
b3648	Gmk	K00942
b1098	Tmk	K00943
b0910	Cmk	K00945
b0417	ThiL	K00946
b0171	PyrH	K09903
b4094	PhnN	K05774
b1207	Prs	K00948
b0142	FolK	K00950
b2784	RelA	K00951
b0025	RibF	K11753
b3634	CoaD	K00954
b2751	CysN	K00956
b2752	CysD	K00957
b3295	RpoA	K03040
b3987	RpoB	K03043
b3988	RpoC	K03046
b3649	RpoZ	K03060
b0060	PolB	K02336
b0184	DnaE	K02337
b3701	DnaN	K02338
b4259	HolC	K02339
b0640	HolA	K02340
b1099	HolB	K02341
b0215	DnaQ	K02342
b0470	DnaX	K02343
b4372	HolD	K02344
b1842	HolE	K02345
b0231	DinB	K02346
b3164	Pnp	K00962
b1236	GalU	K00963
b2042	GalF	K00963
b0758	GalT	K00965
b0639	NadD	K00969
b0143	PcnB	K00970
b3056	Cca	K00974
b2049	CpsB	K00971
b3730	GlmU	K04042
b2039	RfbA	K00973
b3789	RffH	K00973
b3056	Cca	K00974
b3430	GlgC	K00975
b0918	KdsB	K00979
b0175	CdsA	K00981
b1409	YnbB	K00981
b3053	GlnE	K00982
b3643	Rph	K00989
b0594	EntE	K02363
b0167	GlnD	K00990
b2747	IspD	K00991
b0614	CitX	K05964
b1993	CobU	K02231
b4386	LplA	K03800
b1490	DosC	K13069
b1794	YeaP	K13069
b3066	DnaG	K02316
b0586	EntF	K02364
b3992	ThiF	K03148
b3052	RfaE	K03272
b2576	SrmB	K05590
b1912	PgsA	K00995
b2563	AcpS	K00997
b2585	PssA	K00998
b0087	MraY	K01000
b4359	OpgB	K01002
b0613	CitG	K05966
b1992	CobS	K02233
b2254	ArnC	K10012
b0583	EntD	K02362
b3784	Rfe	K02851
b1249	Cls	K06131
b0789	YbhO	K06132
b3475	AcpT	K06133
b1702	PpsA	K01007
b1764	SelD	K01008
b4016	AceK	K00906
b2126	YehU	K02478
b2380	YpdA	K02478
b1968	YedV	K02484
b1888	CheA	K03407
b0400	PhoR	K07636
b1129	PhoQ	K07637
b3404	EnvZ	K07638
b1609	RstB	K07639
b3911	CpxA	K07640
b4399	CreC	K07641
b2078	BaeS	K07642
b4112	BasS	K07643
b0570	CusS	K07644
b3026	QseC	K07645
b0695	KdpD	K07646
b0993	TorS	K07647
b3210	ArcB	K07648
b1222	NarX	K07673
b2469	NarQ	K07674
b3668	UhpB	K07675
b2216	RcsD	K07676
b2218	RcsC	K07677
b2786	BarA	K07678
b2370	EvgS	K07679
b0619	DpiB	K07700
b4125	DcuS	K07701
b3869	GlnL	K07708
b4003	ZraS	K07709
b2219	AtoS	K07710
b2556	GlrK	K07711
b2918	ArgK	K07588
b1757	YnjE	K01011
b2521	SseA	K01011
b3425	GlpE	K02439
b1757	YnjE	K01011
b2521	SseA	K01011
b0775	BioB	K01012
b2530	IscS	K04487
b1680	SufS	K11717
b0628	LipA	K03644
b2221	AtoD	K01034
b2222	AtoA	K01035
b0615	CitF	K01643
b2374	Frc	K07749
b0038	CaiB	K08298
b3591	SelA	K01042
b2044	WcaL	K01043
b3633	WaaA	K02527
b0785	MoaE	K03635
b2257	ArnT	K07264
b3624	RfaZ	K12981
b2828	Lgt	K13292
b3825	PldB	K01048
b0494	TesA	K10804
b0772	YbhC	K01051
b1204	Pth	K01056
b0767	Pgl	K07404
b3821	PldA	K01058
b3830	YsgA	K01061
b1883	CheB	K03412
b0476	Aes	K01066
b4192	UlaG	K03476
b0212	GloB	K01069
b0355	FrmB	K01070
b2154	YeiG	K01070
b0494	TesA	K10804
b0452	TesB	K10805
b1253	YciA	K10806
b0443	FadM	K12500
b0383	PhoA	K01077
b0980	AppA	K01093
b4055	AphA	K03788
b4388	SerB	K01079
b2744	SurE	K03787
b2291	YfbR	K08722
b4374	YjjG	K08723
b0480	UshA	K11751
b1002	Agp	K01085
b3925	GlpX	K02446
b4232	Fbp	K03841
b1897	OtsB	K01087
b2022	HisB	K01089
b1838	PphA	K07313
b2734	PphB	K07314
b3385	Gph	K01091
b0822	YbiV	K07757
b2533	SuhB	K01092
b0980	AppA	K01093
b0418	PgpA	K01095
b1278	PgpB	K01096
b3198	KdsC	K03270
b0982	Etp	K01104
b2061	Wzb	K01104
b1955	YedP	K07026
b0638	CobC	K02226
b4016	AceK	K00906
b3056	Cca	K00974
b1727	YniC	K01112
b2293	YfbT	K01112
b0200	GmhB	K03273
b2340	SixA	K08296
b0404	AcpH	K08682
b4213	CpdB	K01119
b2239	GlpQ	K01126
b3449	UgpQ	K01126
b1489	DosP	K13243
b0315	YahA	K13244
b1285	Gmr	K14051
b3056	Cca	K00974
b0160	Dgt	K01129
b3801	AslA	K01130
b3650	SpoT	K01139
b2011	SbcB	K01141
b1749	XthA	K01142
b2819	RecD	K03581
b2820	RecB	K03582
b2822	RecC	K03583
b2509	XseA	K03601
b0422	XseB	K03602
b1286	Rnb	K01147
b1804	Rnd	K03684
b2945	EndA	K01150
b2159	Nfo	K01151
b4350	HsdR	K01153
b4348	HsdS	K01154
b3998	Nfi	K05982
b1863	RuvC	K01159
b0550	RusA	K01160
b2567	Rnc	K03685
b0214	RnhA	K03469
b0183	RnhB	K03470
b3704	RnpA	K03536
b2268	Rbn	K00784
b1084	Rne	K08300
b0611	Rna	K01169
b1927	AmyA	K01176
b3571	MalS	K01176
b3531	BcsZ	K01179
b3338	ChiA	K13381
b0555	ArrD	K01185
b1554	ArrQ	K01185
b3338	ChiA	K13381
b0403	MalZ	K01187
b2132	BglX	K05349
b4119	MelA	K07406
b0344	LacZ	K01190
b3076	EbgA	K12111
b0732	MngB	K01191
b1197	TreA	K01194
b3519	TreF	K01194
b1617	UidA	K01195
b0271	YagH	K01198
b1107	NagZ	K01207
b1734	ChbF	K01222
b2716	AscB	K01223
b2901	BglA	K01223
b3721	BglB	K01223
b4239	TreC	K01226
b3431	GlgX	K02438
b1316	YcjT	K04844
b2813	MltA	K08304
b2701	MltB	K08305
b2963	MltC	K08306
b0211	MltD	K08307
b1193	EmtA	K08308
b4392	Slt	K08309
b1982	Amn	K01241
b2162	RihB	K10213
b0159	Mtn	K01243
b3549	Tag	K01246
b2068	AlkA	K01247
b3635	MutM	K10563
b0651	RihA	K01250
b3153	YhbO	K05520
b2099	YegU	K05521
b0030	RihC	K12700
b0595	EntB	K01252
b4260	PepA	K01255
b0932	PepN	K01256
b1127	PepT	K01258
b2908	PepP	K01262
b0168	Map	K01265
b2523	PepB	K07751
b0237	PepD	K01270
b3847	PepQ	K01271
b4021	PepE	K05995
b1538	Dcp	K01284
b0632	DacA	K07258
b0839	DacC	K07258
b2010	DacD	K07258
b3182	DacB	K07259
b1192	LdcA	K01297
b0828	IaaA	K13051
b0439	Lon	K01338
b1845	PtrB	K01354
b4043	LexA	K01356
b2568	LepB	K03100
b0437	ClpP	K01358
b1830	Prc	K03797
b0161	DegP	K04771
b0027	LspA	K03101
b3335	GspO	K02464
b2972	PppA	K02654
b0565	OmpT	K01355
b2821	PtrA	K01407
b3064	Gcp	K01409
b3498	PrlC	K01414
b0556	RzpD	K01423
b4175	HflC	K04087
b4174	HflK	K04088
b0149	MrcB	K05365
b3396	MrcA	K05366
b1435	YdcP	K08303
b2081	YegQ	K08303
b3158	YhbU	K08303
b2717	HycI	K08315
b1767	AnsA	K01424
b2957	AnsB	K01424
b0485	YbaS	K01425
b1524	YneH	K01425
b1232	PurU	K01433
b3957	ArgE	K01438
b2472	DapE	K01439
b1768	PncA	K08281
b0677	NagA	K01443
b2435	AmiA	K01448
b2817	AmiC	K01448
b4169	AmiB	K01448
b0867	AmiD	K11066
b2988	Gss	K01460
b3287	Def	K01462
b1298	PuuD	K09473
b1744	AstE	K05526
b0096	LpxC	K02535
b1768	PncA	K08281
b1120	CobB	K12410
b2873	HyuA	K01464
b1062	PyrC	K01465
b0512	AllB	K01466
b4150	AmpC	K01467
b1970	HiuH	K07127
b0516	AllC	K02083
b2937	SpeB	K01480
b0505	AllA	K01483
b1745	AstB	K01484
b0337	CodA	K01485
b3665	Ade	K01486
b2883	GuaD	K01487
b1623	Add	K01488
b2143	Cdd	K01489
b0529	FolD	K01491
b4006	PurH	K00602
b2065	Dcd	K01494
b2153	FolE	K01495
b2026	HisI	K11755
b1277	RibA	K01497
b0414	RibD	K11752
b2559	TadA	K11991
b0678	NagB	K02564
b0219	YafV	K01506
b3371	FrlB	K10708
b2256	ArnD	K13014
b4226	Ppa	K01507
b0968	YccX	K01512
b2502	Ppx	K01514
b3034	NudF	K01515
b2954	RdgB	K01516
b2781	MazG	K02428
b3996	NudC	K03426
b3640	Dut	K01520
b3918	Cdh	K01521
b0841	YbjG	K06153
b3057	BacA	K06153
b2026	HisI	K11755
b3779	Gpp	K01524
b0049	ApaH	K01525
b0480	UshA	K11751
b1808	YoaA	K01529
b4052	DnaB	K02314
b2051	Gmm	K03207
b0524	LpxH	K03269
b0099	MutT	K03574
b1413	HrpA	K03578
b0148	HrpB	K03579
b0059	RapA	K03580
b3822	RecQ	K03654
b3652	RecG	K03655
b3778	Rep	K03656
b3813	UvrD	K03657
b0962	HelD	K03658
b0799	DinG	K03722
b1114	Mfd	K03723
b1653	Lhr	K03724
b3935	PriA	K04066
b4161	RsgA	K06949
b1865	NudB	K08310
b2830	RppH	K08311
b3397	NudE	K08312
b1759	NudG	K08320
b0446	Cof	K11938
b1134	NudJ	K12152
b2251	NudI	K12944
b2467	NudK	K12945
b4242	MgtA	K01531
b3469	ZntA	K01534
b0484	CopA	K01533
b3469	ZntA	K01534
b0698	KdpA	K01546
b0697	KdpB	K01547
b0696	KdpC	K01548
b3738	AtpB	K02108
b3736	AtpF	K02109
b3737	AtpE	K02110
b3734	AtpA	K02111
b3732	AtpD	K02112
b3735	AtpH	K02113
b3731	AtpC	K02114
b3733	AtpG	K02115
b1941	FliI	K02412
b2547	YphE	K02056
b4485	YtfR	K02056
b3749	RbsA	K10441
b1900	AraG	K10539
b2149	MglA	K10542
b3567	XylG	K10545
b4087	AlsA	K10551
b4035	MalK	K10111
b3450	UgpC	K05816
b2306	HisP	K10017
b2422	CysA	K02045
b3725	PstB	K02036
b0765	ModC	K02017
b0262	AfuC	K02010
b1126	PotA	K11072
b2677	ProV	K02000
b1709	BtuD	K06074
b0151	FhuC	K02013
b0588	FepC	K02013
b4287	FecE	K02013
b2201	CcmA	K02193
b3780	RhlB	K03732
b1343	DbpA	K05591
b3162	DeaD	K05592
b0797	RhlE	K11927
b3340	FusA	K02355
b3339	TufA	K02358
b3980	TufB	K02358
b0349	MhpC	K05714
b4108	YjdM	K06193
b2373	Oxc	K01577
b0131	PanD	K01579
b1493	GadB	K01580
b3517	GadA	K01580
b0693	SpeF	K01581
b2965	SpeC	K01581
b0186	LdcC	K01582
b4131	CadA	K01582
b4117	AdiA	K01584
b2938	SpeA	K01585
b2838	LysA	K01586
b1281	PyrF	K01591
b3956	Ppc	K01595
b3639	Dfp	K13038
b3997	HemE	K01599
b2919	ScpB	K11264
b0507	Gcl	K01608
b1262	TrpC	K13498
b3403	Pck	K01610
b0120	SpeD	K01611
b4160	Psd	K01613
b1800	DmlA	K07246
b4196	UlaD	K03078
b3581	YiaQ	K03081
b3843	UbiD	K03182
b2311	UbiX	K03186
b4381	DeoC	K01619
b0870	LtaE	K01620
b2097	FbaB	K01623
b2925	FbaA	K01624
b1850	Eda	K01625
b2800	FucA	K01628
b3902	RhaD	K01629
b3126	GarL	K01630
b4477	DgoA	K01631
b3058	FolB	K01633
b2096	GatY	K08302
b3137	KbaY	K08302
b0825	FsaA	K08313
b3946	FsaB	K08314
b1517	LsrF	K08321
b2245	RhmA	K12660
b4015	AceA	K01637
b3225	NanA	K01639
b0615	CitF	K01643
b0616	CitE	K01644
b0617	CitD	K01646
b1850	Eda	K01625
b1264	TrpE	K01657
b1263	TrpD	K13497
b0331	PrpB	K03417
b0616	CitE	K01644
b2262	MenB	K01661
b1096	PabC	K02619
b0352	MhpE	K01666
b4039	UbiC	K03181
b2025	HisF	K02500
b3708	TnaA	K01667
b0708	Phr	K01669
b3041	RibB	K02858
b0126	Can	K01673
b0339	CynT	K01673
b1612	FumA	K01676
b4122	FumB	K01676
b1611	FumC	K01679
b0771	YbhJ	K01681
b1276	AcnA	K01681
b0118	AcnB	K01682
b4478	DgoD	K01684
b3091	UxaA	K01685
b4322	UxuA	K01686
b0269	YagF	K01687
b3771	IlvD	K01687
b4297	YjhG	K01687
b1693	AroD	K03785
b2779	Eno	K01689
b1851	Edd	K01690
b1393	PaaF	K01692
b1394	PaaG	K01692
b2341	FadJ	K01782
b3846	FadB	K01825
b2022	HisB	K01089
b1260	TrpA	K01695
b1261	TrpB	K01696
b0369	HemB	K01698
b3061	TtdA	K03779
b3062	TtdB	K03780
b0072	LeuC	K01703
b0071	LeuD	K01704
b0072	LeuC	K01703
b0071	LeuD	K01704
b2787	GudD	K01706
b3128	GarD	K01708
b2041	RfbB	K01710
b3788	RffG	K01710
b2053	Gmd	K01711
b2599	PheA	K14170
b0268	YagE	K01714
b2478	DapA	K01714
b4298	YjhH	K01714
b0954	FabA	K01716
b3804	HemD	K01719
b0334	PrpD	K01720
b0350	MhpD	K02554
b2247	RhmD	K12661
b0340	CynS	K01725
b2261	MenC	K02549
b0180	FabZ	K02372
b0036	CaiD	K08299
b0004	ThrC	K01733
b0963	MgsA	K01734
b3389	AroB	K01735
b2329	AroC	K01736
b2765	QueD	K01737
b0714	Nei	K05522
b3635	MutM	K10563
b1633	Nth	K10773
b2263	MenH	K08680
b2428	MurQ	K07106
b4139	AspA	K01744
b2441	EutB	K03735
b2440	EutC	K03736
b2871	YgeX	K01751
b1814	SdaA	K01752
b2797	SdaB	K01752
b4471	TdcG	K01752
b2366	DsdA	K01753
b3117	TdcB	K01754
b3772	IlvA	K01754
b3960	ArgH	K01755
b1131	PurB	K01756
b1651	GloA	K01759
b3008	MetC	K01760
b1622	MalY	K14155
b1919	DcyD	K05396
b1680	SufS	K11717
b2687	LuxS	K07173
b2810	CsdA	K01766
b3806	CyaA	K05851
b2746	IspF	K01770
b0475	HemH	K01772
b3368	CysG	K02302
b1190	DadX	K01775
b4053	Alr	K01775
b3967	MurI	K01776
b3809	DapF	K01778
b2341	FadJ	K01782
b3846	FadB	K01825
b3386	Rpe	K01783
b0759	GalE	K01784
b0756	GalM	K01785
b0061	AraD	K01786
b4198	UlaF	K03077
b3583	YiaS	K03080
b3223	NanE	K01788
b2038	RfbC	K01790
b3786	RffE	K01791
b1780	YeaD	K01792
b3619	RfaD	K03274
b4197	UlaE	K03079
b2804	FucU	K02431
b3901	RhaM	K03534
b3363	PpiA	K03767
b0525	PpiB	K03768
b3775	PpiC	K03769
b0441	PpiD	K03770
b0053	SurA	K03771
b3347	FkpA	K03772
b4207	FklB	K03773
b0028	FkpB	K03774
b3349	SlyD	K03775
b3919	TpiA	K01803
b0062	AraA	K01804
b3565	XylA	K01805
b2914	RpiA	K01807
b4090	RpiB	K01808
b1613	ManA	K01809
b4025	Pgi	K01810
b3092	UxaC	K01812
b3197	KdsD	K06041
b3903	RhaA	K01813
b2024	HisA	K01814
b2843	KduI	K01815
b0508	Hyi	K01816
b1262	TrpC	K13498
b2802	FucI	K01818
b3141	AgaI	K02080
b1461	PptA	K01821
b2889	Idi	K01823
b3846	FadB	K01825
b2893	DsbC	K03981
b0755	GpmA	K01834
b3612	GpmM	K01834
b4395	YtjC	K01834
b0688	Pgm	K01835
b1317	YcjU	K01838
b4383	DeoB	K01839
b2048	CpsG	K01840
b3176	GlmM	K03431
b0154	HemL	K01845
b0593	EntC	K02361
b2265	MenF	K02552
b2917	ScpA	K01847
b2599	PheA	K14170
b2600	TyrA	K14187
b2036	Glf	K01854
b3166	TruB	K03177
b2318	TruA	K06173
b2791	TruC	K06175
b2745	TruD	K06176
b0058	RluA	K06177
b1269	RluB	K06178
b1086	RluC	K06179
b2594	RluD	K06180
b1135	RluE	K06181
b4022	RluF	K06182
b2183	RsuA	K06183
b0523	PurE	K01588
b1274	TopA	K03168
b1763	TopB	K03169
b2231	GyrA	K02469
b3699	GyrB	K02470
b3136	AgaS	K02082
b3582	YiaR	K03082
b0222	LpcA	K03271
b3748	RbsD	K06726
b0405	QueA	K07568
b2303	FolX	K07589
b1637	TyrS	K01866
b3384	TrpS	K01867
b1719	ThrS	K01868
b0642	LeuS	K01869
b0026	IleS	K01870
b2890	LysS	K04567
b4129	LysU	K04567
b4155	YjeA	K04568
b2697	AlaS	K01872
b4258	ValS	K01873
b2114	MetG	K01874
b0893	SerS	K01875
b1866	AspS	K01876
b3560	GlyQ	K01878
b3559	GlyS	K01879
b0194	ProS	K01881
b0526	CysS	K01883
b2400	GltX	K01885
b0680	GlnS	K01886
b1876	ArgS	K01887
b1714	PheS	K01889
b1713	PheT	K01890
b2514	HisS	K01892
b0930	AsnS	K01893
b4069	Acs	K01895
b1805	FadD	K01897
b0729	SucD	K01902
b0728	SucC	K01903
b0335	PrpE	K01908
b2836	Aas	K05939
b2260	MenE	K01911
b1398	PaaK	K01912
b0037	CaiC	K02182
b1701	FadK	K12507
b3744	AsnA	K01914
b3870	GlnA	K01915
b1740	NadE	K01916
b2988	Gss	K01460
b1297	PuuA	K09470
b0133	PanC	K01918
b2688	GshA	K01919
b2947	GshB	K01920
b0092	DdlB	K01921
b0381	DdlA	K01921
b3639	Dfp	K13038
b2476	PurC	K01923
b0091	MurC	K01924
b0088	MurD	K01925
b0086	MurF	K01929
b2315	FolC	K11754
b0085	MurE	K01928
b2315	FolC	K11754
b4233	Mpl	K02558
b2499	PurM	K01933
b0778	BioD	K01935
b1593	YnfK	K01935
b2780	PyrG	K01937
b4177	PurA	K01939
b3172	ArgG	K01940
b4005	PurD	K01945
b3256	AccC	K01961
b3973	BirA	K03524
b0522	PurK	K01589
b0188	TilS	K04075
b2507	GuaA	K01951
b2557	PurL	K01952
b0674	AsnB	K01953
b0033	CarB	K01955
b0032	CarA	K01956
b3256	AccC	K01961
b0185	AccA	K01962
b2316	AccD	K01963
b2411	LigA	K01972
b3647	LigB	K01972
b4475	RtcA	K01974
b0473	HtpG	K04079
b1888	CheA	K03407
b1887	CheW	K03408
b1884	CheR	K00575
b1883	CheB	K03412
b1882	CheY	K03413
b1881	CheZ	K03414
b4355	Tsr	K05874
b1886	Tar	K05875
b1421	Trg	K05876
b1885	Tap	K05877
b3072	Aer	K03776
b1940	FliH	K02411
b1941	FliI	K02412
b1947	FliO	K02418
b1948	FliP	K02419
b1949	FliQ	K02420
b1950	FliR	K02421
b0229	LfhA	K02400
b1879	FlhA	K02400
b1880	FlhB	K02401
b1878	FlhE	K03516
b1890	MotA	K02556
b0230	LafU	K02557
b1889	MotB	K02557
b1939	FliG	K02410
b1945	FliM	K02416
b1946	FliN	K02417
b1938	FliF	K02409
b1080	FlgI	K02394
b1072	FlgA	K02386
b1079	FlgH	K02393
b1073	FlgB	K02387
b1074	FlgC	K02388
b1075	FlgD	K02389
b1077	FlgF	K02391
b1078	FlgG	K02392
b1081	FlgJ	K02395
b1076	FlgE	K02390
b1937	FliE	K02408
b1082	FlgK	K02396
b1083	FlgL	K02397
b1924	FliD	K02407
b1943	FliK	K02414
b1944	FliL	K02415
b1923	FliC	K02406
b1891	FlhC	K02402
b1892	FlhD	K02403
b1922	FliA	K02405
b1071	FlgM	K02398
b1070	FlgN	K02399
b1942	FliJ	K02413
b1925	FliS	K02422
b1926	FliT	K02423
b1920	FliY	K02424
b1921	FliZ	K02425
b2950	YggR	K02669
b2972	PppA	K02654
b4314	FimA	K07345
b4316	FimC	K07346
b0940	ElfC	K07347
b3144	YraJ	K07347
b4317	FimD	K07347
b4318	FimF	K07348
b4319	FimG	K07349
b4320	FimH	K07350
b4315	FimI	K07351
b0530	SfmA	K07352
b0531	SfmC	K07353
b0532	SfmD	K07354
b0534	SfmF	K07355
b0533	SfmH	K07356
b0875	AqpZ	K06188
b3927	GlpF	K02440
b0027	LspA	K03101
b2972	PppA	K02654
b3335	GspO	K02464
b0565	OmpT	K01355
b0975	HyaD	K03605
b2993	HybD	K08567
b2717	HycI	K08315
b2507	GuaA	K01951
b1298	PuuD	K09473
b2175	Spr	K13694
b1708	NlpC	K13695
b2312	PurF	K00764
b3729	GlmS	K00820
b0674	AsnB	K01953
b3153	YhbO	K05520
b0424	YajL	K03152
b0932	PepN	K01256
b3498	PrlC	K01414
b1538	Dcp	K01284
b1488	DdpX	K08641
b2821	PtrA	K01407
b1494	PqqL	K07263
b4260	PepA	K01255
b2523	PepB	K07751
b1127	PepT	K01258
b0237	PepD	K01270
b0516	AllC	K02083
b3064	Gcp	K01409
b0168	Map	K01265
b3847	PepQ	K01271
b2908	PepP	K01262
b2385	YpdF	K08326
b2753	Iap	K09612
b4328	IadA	K01305
b3178	FtsH	K03798
b1829	HtpX	K03799
b0909	YcaL	K07387
b2936	YggG	K07387
b0176	RseP	K11749
b2328	MepA	K07261
b1598	YdgD	K04775
b0161	DegP	K04771
b3234	DegQ	K04772
b3235	DegS	K04691
b1845	PtrB	K01354
b0632	DacA	K07258
b0839	DacC	K07258
b2010	DacD	K07258
b2134	PbpG	K07262
b3182	DacB	K07259
b0437	ClpP	K01358
b0439	Lon	K01338
b0955	YcbZ	K04770
b4043	LexA	K01356
b1183	UmuD	K03503
b2568	LepB	K03100
b1830	Prc	K03797
b1766	SppA	K04773
b1272	SohB	K04774
b4021	PepE	K05995
b1192	LdcA	K01297
b3932	HslV	K01419
b0828	IaaA	K13051
b3447	Ggt	K00681
b1435	YdcP	K08303
b2081	YegQ	K08303
b3158	YhbU	K08303
b4235	PmbA	K03592
b3244	TldD	K03568
b0911	RpsA	K02945
b0169	RpsB	K02967
b3314	RpsC	K02982
b3296	RpsD	K02986
b3303	RpsE	K02988
b4200	RpsF	K02990
b3341	RpsG	K02992
b3306	RpsH	K02994
b3230	RpsI	K02996
b3321	RpsJ	K02946
b3297	RpsK	K02948
b3342	RpsL	K02950
b3298	RpsM	K02952
b3307	RpsN	K02954
b3165	RpsO	K02956
b2609	RpsP	K02959
b3311	RpsQ	K02961
b4202	RpsR	K02963
b3316	RpsS	K02965
b0023	RpsT	K02968
b3065	RpsU	K02970
b1480	Sra	K02972
b3984	RplA	K02863
b3317	RplB	K02886
b3320	RplC	K02906
b3319	RplD	K02926
b3308	RplE	K02931
b3305	RplF	K02933
b3986	RplL	K02935
b4203	RplI	K02939
b3985	RplJ	K02864
b3983	RplK	K02867
b3231	RplM	K02871
b3310	RplN	K02874
b3301	RplO	K02876
b3313	RplP	K02878
b3294	RplQ	K02879
b3304	RplR	K02881
b2606	RplS	K02884
b1716	RplT	K02887
b3186	RplU	K02888
b3315	RplV	K02890
b3318	RplW	K02892
b3309	RplX	K02895
b2185	RplY	K02897
b3185	RpmA	K02899
b3637	RpmB	K02902
b3312	RpmC	K02904
b3302	RpmD	K02907
b0296	YkgM	K02909
b3936	RpmE	K02909
b1089	RpmF	K02911
b3636	RpmG	K02913
b3703	RpmH	K02914
b1717	RpmI	K02916
b3299	RpmJ	K02919
b4506	YkgO	K02919
b0169	RpsB	K02967
b3314	RpsC	K02982
b3296	RpsD	K02986
b3303	RpsE	K02988
b3341	RpsG	K02992
b3306	RpsH	K02994
b3230	RpsI	K02996
b3321	RpsJ	K02946
b3297	RpsK	K02948
b3342	RpsL	K02950
b3298	RpsM	K02952
b3307	RpsN	K02954
b3165	RpsO	K02956
b3311	RpsQ	K02961
b3316	RpsS	K02965
b3984	RplA	K02863
b3317	RplB	K02886
b3320	RplC	K02906
b3308	RplE	K02931
b3305	RplF	K02933
b3985	RplJ	K02864
b3983	RplK	K02867
b3231	RplM	K02871
b3310	RplN	K02874
b3301	RplO	K02876
b3304	RplR	K02881
b3315	RplV	K02890
b3318	RplW	K02892
b3309	RplX	K02895
b3312	RpmC	K02904
b3302	RpmD	K02907
b0205	RrfH	K01985
b2588	RrfG	K01985
b3272	RrfF	K01985
b3274	RrfD	K01985
b3759	RrfC	K01985
b3855	RrfA	K01985
b3971	RrfB	K01985
b4010	RrfE	K01985
b0201	RrsH	K01977
b2591	RrsG	K01977
b3278	RrsD	K01977
b3756	RrsC	K01977
b3851	RrsA	K01977
b3968	RrsB	K01977
b4007	RrsE	K01977
b0204	RrlH	K01980
b2589	RrlG	K01980
b3275	RrlD	K01980
b3758	RrlC	K01980
b3854	RrlA	K01980
b3970	RrlB	K01980
b4009	RrlE	K01980
b3429	GlgA	K00703
b3533	BcsA	K00694
b3208	MtgA	K03814
b2519	PbpC	K05367
b0149	MrcB	K05365
b3396	MrcA	K05366
b0182	LpxB	K00748
b2257	ArnT	K07264
b3633	WaaA	K02527
b3624	RfaZ	K12981
b3621	RfaC	K02841
b3620	RfaF	K02843
b3632	RfaQ	K02849
b3623	WaaU	K03277
b3626	RfaJ	K03279
b3627	RfaI	K03275
b3631	RfaG	K02844
b3628	RfaB	K02840
b3629	RfaS	K12986
b3784	Rfe	K02851
b2055	WcaE	K13683
b2057	WcaC	K13684
b3794	RffM	K02852
b4481	RffT	K12582
b3793	WzyE	K02853
b1896	OtsA	K00697
b3731	AtpC	K02114
b3732	AtpD	K02112
b3733	AtpG	K02115
b3734	AtpA	K02111
b3735	AtpH	K02113
b3736	AtpF	K02109
b3737	AtpE	K02110
b3738	AtpB	K02108
b3739	AtpI	K02116
b0182	LpxB	K00748
b0181	LpxA	K00677
b0179	LpxD	K02536
b1054	LpxL	K02517
b1855	LpxM	K02560
b0622	PagP	K12973
b2378	LpxP	K12974
b4114	EptA	K03760
b3546	EptB	K12975
b0096	LpxC	K02535
b0524	LpxH	K03269
b2257	ArnT	K07264
b0915	LpxK	K00912
b3633	WaaA	K02527
b3624	RfaZ	K12981
b3621	RfaC	K02841
b3620	RfaF	K02843
b3632	RfaQ	K02849
b3623	WaaU	K03277
b3631	RfaG	K02844
b3627	RfaI	K03275
b3626	RfaJ	K03279
b3628	RfaB	K02840
b3629	RfaS	K12986
b3630	RfaP	K02848
b3625	RfaY	K02850
b2033	WbbJ	K08280
b3784	Rfe	K02851
b2035	Rfc	K13008
b3622	RfaL	K02847
b2027	Cld	K05789
b1215	KdsA	K01627
b3198	KdsC	K03270
b0918	KdsB	K00979
b0222	LpcA	K03271
b3052	RfaE	K03272
b0200	GmhB	K03273
b3619	RfaD	K03274
b2255	ArnA	K10011
b2253	ArnB	K07806
b2254	ArnC	K10012
b2256	ArnD	K13014
b4544	ArnE	K12962
b2258	ArnF	K12963
b3786	RffE	K01791
b3447	Ggt	K00681
b1335	Ogt	K00567
b0708	Phr	K01669
b2580	Ung	K03648
b3068	Mug	K03649
b2961	MutY	K03575
b1633	Nth	K10773
b0099	MutT	K03574
b3640	Dut	K01520
b1335	Ogt	K00567
b2213	Ada	K10778
b0708	Phr	K01669
b2212	AlkB	K03919
b2580	Ung	K03648
b3068	Mug	K03649
b2068	AlkA	K01247
b2961	MutY	K03575
b3549	Tag	K01246
b3635	MutM	K10563
b0714	Nei	K05522
b1633	Nth	K10773
b1749	XthA	K01142
b2159	Nfo	K01151
b3998	Nfi	K05982
b2411	LigA	K01972
b3647	LigB	K01972
b4058	UvrA	K03701
b0779	UvrB	K03702
b1913	UvrC	K03703
b1741	Cho	K05984
b3813	UvrD	K03657
b2411	LigA	K01972
b3647	LigB	K01972
b3987	RpoB	K03043
b3988	RpoC	K03046
b3295	RpoA	K03040
b3649	RpoZ	K03060
b1114	Mfd	K03723
b2733	MutS	K03555
b4170	MutL	K03572
b2831	MutH	K03573
b2011	SbcB	K01141
b2509	XseA	K03601
b0422	XseB	K03602
b1844	ExoX	K10857
b0184	DnaE	K02337
b3701	DnaN	K02338
b4259	HolC	K02339
b0640	HolA	K02340
b1099	HolB	K02341
b0215	DnaQ	K02342
b0470	DnaX	K02343
b4372	HolD	K02344
b1842	HolE	K02345
b2411	LigA	K01972
b3647	LigB	K01972
b3813	UvrD	K03657
b4059	Ssb	K03111
b3387	Dam	K06223
b1960	Vsr	K07458
b2820	RecB	K03582
b2822	RecC	K03583
b2819	RecD	K03581
b2699	RecA	K03553
b1861	RuvA	K03550
b1860	RuvB	K03551
b1863	RuvC	K01159
b0550	RusA	K01160
b3935	PriA	K04066
b4201	PriB	K02686
b0467	PriC	K04067
b4362	DnaT	K02317
b2011	SbcB	K01141
b0397	SbcC	K03546
b0398	SbcD	K03547
b2699	RecA	K03553
b4389	RadA	K04485
b3700	RecF	K03629
b3652	RecG	K03655
b2565	RecO	K03584
b0472	RecR	K06187
b2616	RecN	K03631
b0393	RdgC	K03554
b1861	RuvA	K03550
b1860	RuvB	K03551
b1863	RuvC	K01159
b2231	GyrA	K02469
b3699	GyrB	K02470
b1274	TopA	K03168
b4000	HupA	K05787
b0440	HupB	K03530
b1349	RecT	K07455
b2565	RecO	K03584
b0472	RecR	K06187
b3261	Fis	K03557
b1712	IhfA	K04764
b0912	IhfB	K05788
b2011	SbcB	K01141
b3822	RecQ	K03654
b4058	UvrA	K03701
b0779	UvrB	K03702
b1237	Hns	K03746
b0231	DinB	K02346
b1184	UmuC	K03502
b1183	UmuD	K03503
b2699	RecA	K03553
b4043	LexA	K01356
b2616	RecN	K03631
b0060	PolB	K02336
b4059	Ssb	K03111
b0099	MutT	K03574
b3640	Dut	K01520
b2234	NrdA	K00525
b2675	NrdE	K00525
b2235	NrdB	K00526
b2676	NrdF	K00526
b3778	Rep	K03656
b0962	HelD	K03658
b0799	DinG	K03722
b1653	Lhr	K03724
b0400	PhoR	K07636
b1129	PhoQ	K07637
b3404	EnvZ	K07638
b1609	RstB	K07639
b3911	CpxA	K07640
b4399	CreC	K07641
b2078	BaeS	K07642
b4112	BasS	K07643
b0570	CusS	K07644
b3026	QseC	K07645
b0695	KdpD	K07646
b0993	TorS	K07647
b3210	ArcB	K07648
b1968	YedV	K02484
b1222	NarX	K07673
b2469	NarQ	K07674
b3668	UhpB	K07675
b2216	RcsD	K07676
b2218	RcsC	K07677
b2786	BarA	K07678
b2370	EvgS	K07679
b0619	DpiB	K07700
b4125	DcuS	K07701
b2126	YehU	K02478
b2380	YpdA	K02478
b3869	GlnL	K07708
b4003	ZraS	K07709
b2219	AtoS	K07710
b2556	GlrK	K07711
b1888	CheA	K03407
b2899	YqfA	K11068
b1182	HlyE	K11139
b1961	Dcm	K00558
b1237	Hns	K03746
b2669	StpA	K11685
b4000	HupA	K05787
b0440	HupB	K03530
b1712	IhfA	K04764
b0912	IhfB	K05788
b1000	CbpA	K05516
b4396	Rob	K05804
b3702	DnaA	K02313
b3149	DiaA	K12961
b0812	Dps	K04047
b3261	Fis	K03557
b4172	Hfq	K03666
b2916	ArgP	K05596
b0889	Lrp	K03719
b0924	MukB	K03632
b0923	MukE	K03804
b0922	MukF	K03633
b0094	FtsA	K03590
b2748	FtsB	K05589
b3463	FtsE	K09812
b0084	FtsI	K03587
b0890	FtsK	K03466
b0083	FtsL	K03586
b3933	FtsN	K03591
b0093	FtsQ	K03589
b0089	FtsW	K03588
b3462	FtsX	K09811
b0095	FtsZ	K03531
b2412	ZipA	K03528
b2910	ZapA	K09888
b2435	AmiA	K01448
b2817	AmiC	K01448
b4169	AmiB	K01448
b0463	AcrA	K03585
b3265	AcrE	K03585
b1176	MinC	K03610
b1175	MinD	K03609
b1174	MinE	K03608
b0958	SulA	K13053
b3641	SlmA	K05501
b0687	SeqA	K03645
b3251	MreB	K03569
b3250	MreC	K03570
b3249	MreD	K03571
b0634	MrdB	K05837
b3019	ParC	K02621
b3030	ParE	K02622
b3741	MnmG	K03495
b3740	RsmG	K03501
b3811	XerC	K03733
b2894	XerD	K04763
b2113	Mrp	K03593
b3361	Fic	K04095
b0875	AqpZ	K06188
b3927	GlpF	K02440
b3251	MreB	K03569
b0095	FtsZ	K03531
b1175	MinD	K03609
b0914	MsbA	K11085
b0448	MdlA	K06147
b0449	MdlB	K06148
b0886	CydC	K06148
b0887	CydD	K06148
b0879	MacB	K05685
b2211	YojI	K06159
b1496	YddA	K02471
b2425	CysP	K02048
b3917	Sbp	K02048
b2424	CysU	K02046
b2423	CysW	K02047
b2422	CysA	K02045
b0365	TauA	K02051
b0936	SsuA	K02051
b0367	TauC	K02050
b0934	SsuC	K02050
b0366	TauB	K02049
b0933	SsuB	K02049
b0763	ModA	K02020
b0764	ModB	K02018
b0765	ModC	K02017
b0760	ModF	K05776
b0263	AfuB	K02011
b0262	AfuC	K02010
b0068	ThiB	K02064
b0067	ThiP	K02063
b0066	ThiQ	K02062
b1754	YnjB	K05777
b1755	YnjC	K05778
b1756	YnjD	K05779
b1123	PotD	K11069
b1124	PotC	K11070
b1125	PotB	K11071
b1126	PotA	K11072
b0854	PotF	K11073
b0857	PotI	K11074
b0856	PotH	K11075
b0855	PotG	K11076
b1440	YdcS	K02055
b1443	YdcV	K02053
b1442	YdcU	K02054
b1441	YdcT	K02052
b2679	ProX	K02002
b2678	ProW	K02001
b2677	ProV	K02000
b2131	OsmF	K05845
b2128	YehW	K05846
b2130	YehY	K05846
b2129	YehX	K05847
b4034	MalE	K10108
b4033	MalF	K10109
b4032	MalG	K10110
b4035	MalK	K10111
b3453	UgpB	K05813
b3452	UgpA	K05814
b3451	UgpE	K05815
b3450	UgpC	K05816
b1310	YcjN	K02027
b1311	YcjO	K02025
b1312	YcjP	K02026
b3193	MlaD	K02067
b3194	MlaE	K02066
b3195	MlaF	K02065
b0491	YbbM	K02069
b0490	YbbL	K02068
b3751	RbsB	K10439
b3750	RbsC	K10440
b3749	RbsA	K10441
b1901	AraF	K10537
b4460	AraH	K10538
b1900	AraG	K10539
b2150	MglB	K10540
b2148	MglC	K10541
b2149	MglA	K10542
b3566	XylF	K10543
b3568	XylH	K10544
b3567	XylG	K10545
b4088	AlsB	K10549
b4086	AlsC	K10550
b4087	AlsA	K10551
b1516	LsrB	K10555
b1514	LsrC	K10556
b1515	LsrD	K10557
b1513	LsrA	K10558
b2548	YphF	K02058
b4227	YtfQ	K02058
b2546	YphD	K02057
b4230	YtfT	K02057
b4231	YjfF	K02057
b2547	YphE	K02056
b4485	YtfR	K02056
b3728	PstS	K02040
b3727	PstC	K02037
b3726	PstA	K02038
b3725	PstB	K02036
b4105	PhnD	K02044
b4104	PhnE	K02042
b4106	PhnC	K02041
b4096	PhnL	K05780
b4097	PhnK	K05781
b2310	ArgT	K10013
b2307	HisM	K10015
b2308	HisQ	K10016
b2306	HisP	K10017
b2309	HisJ	K10014
b2307	HisM	K10015
b2308	HisQ	K10016
b2306	HisP	K10017
b0811	GlnH	K10036
b0810	GlnP	K10037
b0809	GlnQ	K10038
b0860	ArtJ	K09996
b0863	ArtI	K09997
b0861	ArtM	K09998
b0862	ArtQ	K09999
b0864	ArtP	K10000
b0655	GltI	K10001
b0653	GltK	K10002
b0654	GltJ	K10003
b0652	GltL	K10004
b3268	YhdW	K09969
b3269	YhdX	K09970
b3270	YhdY	K09971
b3271	YhdZ	K09972
b1920	FliY	K02424
b1918	YecS	K10009
b1917	YecC	K10010
b3458	LivK	K01999
b3460	LivJ	K01999
b3457	LivH	K01997
b3456	LivM	K01998
b3455	LivG	K01995
b3454	LivF	K01996
b0197	MetQ	K02073
b3661	NlpA	K02073
b0198	MetI	K02072
b0199	MetN	K02071
b3544	DppA	K12368
b3543	DppB	K12369
b3542	DppC	K12370
b3541	DppD	K12371
b3540	DppF	K12372
b1243	OppA	K02035
b1294	SapA	K02035
b1329	MppA	K02035
b1487	DdpA	K02035
b3020	YgiS	K02035
b3476	NikA	K02035
b1244	OppB	K02033
b1293	SapB	K02033
b1486	DdpB	K02033
b3477	NikB	K02033
b1245	OppC	K02034
b1292	SapC	K02034
b1485	DdpC	K02034
b3478	NikC	K02034
b1246	OppD	K02031
b1291	SapD	K02031
b1484	DdpD	K02031
b3479	NikD	K02031
b1247	OppF	K02032
b1290	SapF	K02032
b1483	DdpF	K02032
b3480	NikE	K02032
b0830	GsiB	K13889
b0831	GsiC	K13890
b0832	GsiD	K13891
b0829	GsiA	K13892
b2177	YejA	K13893
b2178	YejB	K13894
b2179	YejE	K13895
b2180	YejF	K13896
b0152	FhuD	K02016
b0592	FepB	K02016
b4290	FecB	K02016
b0153	FhuB	K02015
b0589	FepG	K02015
b0590	FepD	K02015
b4288	FecD	K02015
b4289	FecC	K02015
b0151	FhuC	K02013
b0588	FepC	K02013
b4287	FecE	K02013
b0158	BtuF	K06858
b1711	BtuC	K06073
b1709	BtuD	K06074
b1857	ZnuA	K09815
b1859	ZnuB	K09816
b1858	ZnuC	K09817
b0128	YadH	K09686
b0792	YbhR	K09686
b0793	YbhS	K09686
b3485	YhhJ	K09686
b0127	YadG	K09687
b0794	YbhF	K01990
b1116	LolC	K09808
b1118	LolE	K09808
b1117	LolD	K09810
b2198	CcmD	K02196
b2199	CcmC	K02195
b2200	CcmB	K02194
b2201	CcmA	K02193
b3462	FtsX	K09811
b3463	FtsE	K09812
b4261	LptF	K07091
b4262	LptG	K11720
b3201	LptB	K06861
b1682	SufC	K09013
b2943	GalP	K08137
b2841	AraE	K02100
b4031	XylE	K08138
b0343	LacY	K02532
b2801	FucP	K02429
b0070	SetA	K03291
b2170	SetB	K03291
b3659	SetC	K03291
b2964	NupG	K03289
b2406	XapB	K11537
b3664	YicO	K06901
b3714	PurP	K06901
b4064	YjcD	K06901
b4464	YgfQ	K06901
b2587	KgtP	K03761
b4111	ProP	K03762
b1981	ShiA	K08172
b3547	YhjX	K08177
b3224	NanT	K03290
b2789	GudP	K03535
b3093	ExuT	K08191
b3691	DgoT	K08194
b3127	GarP	K12299
b0353	MhpT	K05819
b0341	CynX	K03449
b1791	YeaN	K03449
b2536	HcaT	K05820
b3666	UhpT	K07784
b2240	GlpT	K02445
b3667	UhpC	K07783
b1223	NarK	K02575
b1469	NarU	K02575
b2835	LplT	K08227
b0591	EntS	K08225
b0433	AmpG	K08218
b2182	Bcr	K07552
b2367	EmrY	K07786
b0842	MdfA	K08160
b1053	MdtG	K08161
b1065	MdtH	K08162
b3710	MdtL	K08163
b0396	AraJ	K08156
b1657	YdhP	K08156
b1528	YdeA	K08159
b3662	NepI	K03445
b3673	EmrD	K08154
b2686	EmrB	K03446
b1828	YebQ	K08169
b0479	Fsr	K08223
b1596	YnfM	K08224
b0898	YcaD	K08219
b3364	TsgA	K06141
b0045	YaaU	K08368
b1769	YdjE	K08369
b1775	YdjK	K08369
b2383	FryA	K08483
b2416	PtsI	K08483
b3947	PtsA	K08483
b2829	PtsP	K08484
b2415	PtsH	K02784
b2169	FruB	K02768
b3206	Npr	K08485
b2383	FryA	K08483
b3947	PtsA	K08483
b2417	Crr	K02777
b1101	PtsG	K02778
b0679	NagE	K02802
b2417	Crr	K02777
b1621	MalX	K02790
b3722	BglF	K02755
b2417	Crr	K02777
b2715	AscF	K02752
b2417	Crr	K02777
b4240	TreB	K02818
b2417	Crr	K02777
b2429	MurP	K11191
b2417	Crr	K02777
b3683	GlvC	K02750
b2169	FruB	K02768
b2167	FruA	K02769
b2383	FryA	K08483
b3900	FrvA	K11201
b3947	PtsA	K08483
b2387	FryB	K11202
b3899	FrvB	K11202
b3950	FrwB	K11202
b3953	FrwD	K11202
b2386	FryC	K11203
b3949	FrwC	K11203
b2934	CmtB	K02798
b3599	MtlA	K02798
b2933	CmtA	K02799
b0731	MngA	K11198
b1736	ChbA	K02759
b1738	ChbB	K02760
b1737	ChbC	K02761
b2704	SrlB	K02781
b2703	SrlE	K02782
b2702	SrlA	K02783
b2094	GatA	K02773
b4302	SgcA	K02773
b2093	GatB	K02774
b4565	SgcB	K02774
b2092	GatC	K02775
b4304	SgcC	K02775
b1817	ManX	K02793
b1818	ManY	K02795
b1819	ManZ	K02796
b3133	AgaV	K02745
b3138	AgaB	K10984
b3139	AgaC	K10985
b3140	AgaD	K10986
b0129	YadI	K02821
b4195	UlaC	K02821
b4194	UlaB	K02822
b4193	UlaA	K03475
b3204	PtsN	K02806
b1198	DhaM	K05881
b0400	PhoR	K07636
b0399	PhoB	K07657
b1129	PhoQ	K07637
b1130	PhoP	K07660
b3404	EnvZ	K07638
b3405	OmpR	K07659
b1609	RstB	K07639
b1608	RstA	K07661
b3911	CpxA	K07640
b3912	CpxR	K07662
b4399	CreC	K07641
b4398	CreB	K07663
b2078	BaeS	K07642
b2079	BaeR	K07664
b4112	BasS	K07643
b4113	BasR	K07771
b0570	CusS	K07644
b0571	CusR	K07665
b3026	QseC	K07645
b3025	QseB	K07666
b0695	KdpD	K07646
b0694	KdpE	K07667
b0993	TorS	K07647
b0995	TorR	K07772
b3210	ArcB	K07648
b4401	ArcA	K07773
b1968	YedV	K02484
b1969	YedW	K02483
b1222	NarX	K07673
b1221	NarL	K07684
b2469	NarQ	K07674
b2193	NarP	K07685
b3668	UhpB	K07675
b3669	UhpA	K07686
b2218	RcsC	K07677
b2216	RcsD	K07676
b2217	RcsB	K07687
b2786	BarA	K07678
b1914	UvrY	K07689
b2370	EvgS	K07679
b2369	EvgA	K07690
b0535	FimZ	K07688
b0619	DpiB	K07700
b0620	DpiA	K07702
b4125	DcuS	K07701
b4124	DcuR	K07703
b2126	YehU	K02478
b2380	YpdA	K02478
b2125	YehT	K02477
b2381	YpdB	K02477
b3869	GlnL	K07708
b3868	GlnG	K07712
b4003	ZraS	K07709
b4004	ZraR	K07713
b2219	AtoS	K07710
b2220	AtoC	K07714
b2556	GlrK	K07711
b2554	GlrR	K07715
b1888	CheA	K03407
b1882	CheY	K03413
b1883	CheB	K03412
b1235	RssB	K02485
b1092	FabD	K00645
b2323	FabB	K00647
b1095	FabF	K09458
b1091	FabH	K00648
b1093	FabG	K00059
b0180	FabZ	K02372
b0954	FabA	K01716
b1288	FabI	K00208
b0494	TesA	K10804
b0452	TesB	K10805
b1253	YciA	K10806
b0443	FadM	K12500
b4069	Acs	K01895
b0335	PrpE	K01908
b1701	FadK	K12507
b1805	FadD	K01897
b4041	PlsB	K00631
b1090	PlsX	K03621
b3059	PlsY	K08591
b3018	PlsC	K00655
b0214	RnhA	K03469
b1961	Dcm	K00558
b4000	HupA	K05787
b0440	HupB	K03530
b1712	IhfA	K04764
b0912	IhfB	K05788
b3702	DnaA	K02313
b4052	DnaB	K02314
b4361	DnaC	K02315
b3066	DnaG	K02316
b4059	Ssb	K03111
b0184	DnaE	K02337
b3701	DnaN	K02338
b4259	HolC	K02339
b0640	HolA	K02340
b1099	HolB	K02341
b0215	DnaQ	K02342
b0470	DnaX	K02343
b4372	HolD	K02344
b1842	HolE	K02345
b0214	RnhA	K03469
b0183	RnhB	K03470
b2411	LigA	K01972
b3647	LigB	K01972
b1610	Tus	K10748
b3387	Dam	K06223
b0687	SeqA	K03645
b2496	Hda	K10763
b2231	GyrA	K02469
b3699	GyrB	K02470
b3019	ParC	K02621
b3030	ParE	K02622
b1274	TopA	K03168
b1763	TopB	K03169
b3035	TolC	K12340
b3035	TolC	K12340
b3323	GspA	K02450
b3322	GspB	K02451
b2970	YghF	K02452
b3324	GspC	K02452
b3325	GspD	K02453
b3326	GspE	K02454
b3327	GspF	K02455
b3328	GspG	K02456
b3329	GspH	K02457
b3330	GspI	K02458
b3331	GspJ	K02459
b3332	GspK	K02460
b2969	YghE	K02461
b3333	GspL	K02461
b2968	YghD	K02462
b3334	GspM	K02462
b3335	GspO	K02464
b2972	PppA	K02654
b2950	YggR	K02669
b2826	PpdA	K02679
b2825	PpdB	K02680
b2823	PpdC	K02681
b0108	PpdD	K02682
b0107	HofB	K02504
b0106	HofC	K02505
b3395	HofM	K12288
b3394	HofN	K12289
b3393	HofO	K12290
b3392	HofP	K12291
b3391	HofQ	K02507
b2972	PppA	K02654
b2950	YggR	K02669
b2952	YggT	K02221
b0442	YbaV	K02237
b0913	YcaI	K02238
b0229	LfhA	K02400
b1879	FlhA	K02400
b1880	FlhB	K02401
b1938	FliF	K02409
b1940	FliH	K02411
b1941	FliI	K02412
b1946	FliN	K02417
b1947	FliO	K02418
b1948	FliP	K02419
b1949	FliQ	K02420
b1950	FliR	K02421
b2893	DsbC	K03981
b2000	Flu	K12687
b4314	FimA	K07345
b4316	FimC	K07346
b0940	ElfC	K07347
b3144	YraJ	K07347
b4317	FimD	K07347
b4318	FimF	K07348
b4319	FimG	K07349
b4320	FimH	K07350
b1042	CsgA	K04334
b1041	CsgB	K04335
b1043	CsgC	K04336
b1039	CsgE	K04337
b1038	CsgF	K04338
b1037	CsgG	K06214
b0098	SecA	K03070
b3609	SecB	K03071
b0408	SecD	K03072
b3981	SecE	K03073
b0409	SecF	K03074
b3175	SecG	K03075
b0097	SecM	K13301
b3300	SecY	K03076
b2610	Ffh	K03106
b3464	FtsY	K03110
b0407	YajC	K03210
b3705	YidC	K03217
b3463	FtsE	K09812
b2610	Ffh	K03106
b3836	TatA	K03116
b3838	TatB	K03117
b3839	TatC	K03118
b0627	TatE	K03425
b2388	Glk	K00845
b4025	Pgi	K01810
b1723	PfkB	K00850
b3916	PfkA	K00850
b4232	Fbp	K03841
b3925	GlpX	K02446
b2097	FbaB	K01623
b2925	FbaA	K01624
b3919	TpiA	K01803
b1779	GapA	K00134
b2926	Pgk	K00927
b0755	GpmA	K01834
b3612	GpmM	K01834
b4395	YtjC	K01834
b2779	Eno	K01689
b1676	PykF	K00873
b1854	PykA	K00873
b0114	AceE	K00163
b0115	AceF	K00627
b0116	Lpd	K00382
b0356	FrmA	K00121
b1241	AdhE	K04072
b1478	AdhP	K13953
b3589	YiaY	K13954
b2453	EutG	K04022
b4069	Acs	K01895
b0756	GalM	K01785
b1002	Agp	K01085
b0688	Pgm	K01835
b1780	YeaD	K01792
b3403	Pck	K01610
b1734	ChbF	K01222
b2716	AscB	K01223
b2901	BglA	K01223
b3721	BglB	K01223
b2417	Crr	K02777
b1101	PtsG	K02778
b1621	MalX	K02790
b3683	GlvC	K02750
b2715	AscF	K02752
b0720	GltA	K01647
b0771	YbhJ	K01681
b1276	AcnA	K01681
b0118	AcnB	K01682
b1136	Icd	K00031
b0726	SucA	K00164
b0727	SucB	K00658
b0116	Lpd	K00382
b0729	SucD	K01902
b0728	SucC	K01903
b0723	SdhA	K00239
b0724	SdhB	K00240
b0721	SdhC	K00241
b0722	SdhD	K00242
b4154	FrdA	K00244
b4153	FrdB	K00245
b4152	FrdC	K00246
b4151	FrdD	K00247
b1612	FumA	K01676
b4122	FumB	K01676
b1611	FumC	K01679
b3236	Mdh	K00024
b3403	Pck	K01610
b0615	CitF	K01643
b0616	CitE	K01644
b0617	CitD	K01646
b0114	AceE	K00163
b0115	AceF	K00627
b4025	Pgi	K01810
b1852	Zwf	K00036
b0767	Pgl	K07404
b2029	Gnd	K00033
b3386	Rpe	K01783
b2465	TktB	K00615
b2935	TktA	K00615
b0008	TalB	K00616
b2464	TalA	K00616
b2914	RpiA	K01807
b4090	RpiB	K01808
b4381	DeoC	K01619
b3752	RbsK	K00852
b4383	DeoB	K01839
b0688	Pgm	K01835
b4094	PhnN	K05774
b1207	Prs	K00948
b1851	Edd	K01690
b1850	Eda	K01625
b0124	Gcd	K00117
b3553	GhrB	K00090
b3437	GntK	K00851
b4268	IdnK	K00851
b3526	KdgK	K00874
b2925	FbaA	K01624
b2097	FbaB	K01623
b1723	PfkB	K00850
b3916	PfkA	K00850
b4232	Fbp	K03841
b3925	GlpX	K02446
b0772	YbhC	K01051
b2843	KduI	K01815
b2842	KduD	K00065
b3526	KdgK	K00874
b1850	Eda	K01625
b3092	UxaC	K01812
b1521	UxaB	K00041
b3091	UxaA	K01685
b4322	UxuA	K01686
b4323	UxuB	K00040
b1617	UidA	K01195
b2028	Ugd	K00012
b1236	GalU	K00963
b2042	GalF	K00963
b3575	YiaK	K08092
b3580	LyxK	K00880
b3581	YiaQ	K03081
b3582	YiaR	K03082
b0061	AraD	K01786
b3583	YiaS	K03080
b3386	Rpe	K01783
b0062	AraA	K01804
b0063	AraB	K00853
b3564	XylB	K00854
b3565	XylA	K01805
b3904	RhaB	K00848
b3902	RhaD	K01629
b0394	Mak	K00847
b1613	ManA	K01809
b2048	CpsG	K01840
b2049	CpsB	K00971
b2053	Gmd	K01711
b2052	Fcl	K02377
b2802	FucI	K01818
b2803	FucK	K00879
b2800	FucA	K01628
b2245	RhmA	K12660
b2247	RhmD	K12661
b3903	RhaA	K01813
b3904	RhaB	K00848
b3902	RhaD	K01629
b1955	YedP	K07026
b1723	PfkB	K00850
b3916	PfkA	K00850
b4232	Fbp	K03841
b3925	GlpX	K02446
b1727	YniC	K01112
b2293	YfbT	K01112
b3600	MtlD	K00009
b2705	SrlD	K00068
b2168	FruK	K00882
b3565	XylA	K01805
b2925	FbaA	K01624
b2097	FbaB	K01623
b3919	TpiA	K01803
b2169	FruB	K02768
b2167	FruA	K02769
b1817	ManX	K02793
b1818	ManY	K02795
b1819	ManZ	K02796
b2934	CmtB	K02798
b3599	MtlA	K02798
b2933	CmtA	K02799
b2704	SrlB	K02781
b2703	SrlE	K02782
b2702	SrlA	K02783
b0757	GalK	K00849
b0759	GalE	K01784
b1236	GalU	K00963
b2042	GalF	K00963
b0688	Pgm	K01835
b2388	Glk	K00845
b0344	LacZ	K01190
b3076	EbgA	K12111
b3077	EbgC	K12112
b0758	GalT	K00965
b4119	MelA	K07406
b2094	GatA	K02773
b4302	SgcA	K02773
b2093	GatB	K02774
b4565	SgcB	K02774
b2092	GatC	K02775
b4304	SgcC	K02775
b2091	GatD	K00094
b2095	GatZ	K00917
b3132	KbaZ	K00917
b1723	PfkB	K00850
b3916	PfkA	K00850
b2096	GatY	K08302
b3137	KbaY	K08302
b4478	DgoD	K01684
b3693	DgoK	K00883
b4477	DgoA	K01631
b0403	MalZ	K01187
b3133	AgaV	K02745
b3141	AgaI	K02080
b3138	AgaB	K10984
b3139	AgaC	K10985
b3140	AgaD	K10986
b2028	Ugd	K00012
b0129	YadI	K02821
b4195	UlaC	K02821
b4194	UlaB	K02822
b4193	UlaA	K03475
b4192	UlaG	K03476
b4196	UlaD	K03078
b4197	UlaE	K03079
b4198	UlaF	K03077
b3575	YiaK	K08092
b3580	LyxK	K00880
b2787	GudD	K01706
b3126	GarL	K01630
b3128	GarD	K01708
b0403	MalZ	K01187
b2132	BglX	K05349
b1896	OtsA	K00697
b1897	OtsB	K01087
b1197	TreA	K01194
b3519	TreF	K01194
b4239	TreC	K01226
b1317	YcjU	K01838
b2417	Crr	K02777
b1621	MalX	K02790
b4240	TreB	K02818
b2028	Ugd	K00012
b1617	UidA	K01195
b0271	YagH	K01198
b0772	YbhC	K01051
b1236	GalU	K00963
b2042	GalF	K00963
b0688	Pgm	K01835
b2388	Glk	K00845
b4025	Pgi	K01810
b0394	Mak	K00847
b3430	GlgC	K00975
b3429	GlgA	K00703
b3432	GlgB	K00700
b3417	MalP	K00688
b3428	GlgP	K00688
b1309	YcjM	K00690
b1927	AmyA	K01176
b3571	MalS	K01176
b3416	MalQ	K00705
b3533	BcsA	K00694
b3531	BcsZ	K01179
b3338	ChiA	K13381
b1107	NagZ	K01207
b2417	Crr	K02777
b2429	MurP	K11191
b2428	MurQ	K07106
b0679	NagE	K02802
b1119	NagK	K00884
b3730	GlmU	K04042
b3786	RffE	K01791
b3222	NanK	K00885
b3223	NanE	K01788
b3225	NanA	K01639
b3787	RffD	K02472
b3189	MurA	K00790
b3972	MurB	K00075
b3176	GlmM	K03431
b0677	NagA	K01443
b0394	Mak	K00847
b0678	NagB	K02564
b3729	GlmS	K00820
b1120	CobB	K12410
b0271	YagH	K01198
b2255	ArnA	K10011
b2253	ArnB	K07806
b2254	ArnC	K10012
b1101	PtsG	K02778
b2388	Glk	K00845
b4025	Pgi	K01810
b0688	Pgm	K01835
b1236	GalU	K00963
b2042	GalF	K00963
b0758	GalT	K00965
b2028	Ugd	K00012
b0757	GalK	K00849
b0759	GalE	K01784
b1817	ManX	K02793
b1818	ManY	K02795
b1819	ManZ	K02796
b2048	CpsG	K01840
b2049	CpsB	K00971
b2053	Gmd	K01711
b1613	ManA	K01809
b2052	Fcl	K02377
b3430	GlgC	K00975
b4069	Acs	K01895
b0114	AceE	K00163
b0115	AceF	K00627
b0116	Lpd	K00382
b0823	YbiW	K00656
b0903	PflB	K00656
b3114	TdcE	K00656
b3951	PflD	K00656
b1241	AdhE	K04072
b0351	MhpF	K04073
b2455	EutE	K04021
b2296	AckA	K00925
b2297	Pta	K13788
b2458	EutD	K04020
b1676	PykF	K00873
b1854	PykA	K00873
b0185	AccA	K01962
b3255	AccB	K02160
b3256	AccC	K01961
b2316	AccD	K01963
b0968	YccX	K01512
b3605	LldD	K00101
b0871	PoxB	K00156
b2133	Dld	K03777
b1380	LdhA	K03778
b1415	AldA	K07248
b1651	GloA	K01759
b0212	GloB	K01069
b1033	GhrA	K12972
b2799	FucO	K00048
b0963	MgsA	K01734
b1479	MaeA	K00027
b2463	MaeB	K00029
b3236	Mdh	K00024
b2210	Mqo	K00116
b3956	Ppc	K01595
b3403	Pck	K01610
b1702	PpsA	K01007
b2976	GlcB	K01638
b4014	AceB	K01638
b2224	AtoB	K00626
b2844	YqeF	K00626
b0074	LeuA	K01649
b4015	AceA	K01637
b2976	GlcB	K01638
b4014	AceB	K01638
b3236	Mdh	K00024
b0720	GltA	K01647
b0771	YbhJ	K01681
b1276	AcnA	K01681
b0118	AcnB	K01682
b2979	GlcD	K00104
b4468	GlcE	K11472
b4467	GlcF	K11473
b3385	Gph	K01091
b0507	Gcl	K01608
b0508	Hyi	K01816
b0509	GlxR	K00042
b3125	GarR	K00042
b0514	GlxK	K00865
b3124	GarK	K00865
b1033	GhrA	K12972
b1415	AldA	K07248
b2799	FucO	K00048
b3061	TtdA	K03779
b3062	TtdB	K03780
b1800	DmlA	K07246
b1850	Eda	K01625
b1501	YdeP	K00123
b3894	FdoG	K00123
b4079	FdhF	K00123
b3893	FdoH	K00124
b3892	FdoI	K00127
b1474	FdnG	K08348
b1475	FdnH	K08349
b1476	FdnI	K08350
b0529	FolD	K01491
b1232	PurU	K01433
b2373	Oxc	K01577
b2224	AtoB	K00626
b2844	YqeF	K00626
b2221	AtoD	K01034
b2222	AtoA	K01035
b4069	Acs	K01895
b0335	PrpE	K01908
b2296	AckA	K00925
b3115	TdcD	K00932
b2297	Pta	K13788
b0823	YbiW	K00656
b0903	PflB	K00656
b3114	TdcE	K00656
b3951	PflD	K00656
b1393	PaaF	K01692
b1394	PaaG	K01692
b3846	FadB	K01825
b2341	FadJ	K01782
b0185	AccA	K01962
b3255	AccB	K02160
b3256	AccC	K01961
b2316	AccD	K01963
b1302	PuuE	K00823
b2662	GabT	K07250
b2919	ScpB	K11264
b2917	ScpA	K01847
b0728	SucC	K01903
b0729	SucD	K01902
b0333	PrpC	K01659
b0334	PrpD	K01720
b0331	PrpB	K03417
b2224	AtoB	K00626
b2844	YqeF	K00626
b1395	PaaH	K00074
b3846	FadB	K01825
b2341	FadJ	K01782
b1393	PaaF	K01692
b1394	PaaG	K01692
b2221	AtoD	K01034
b2222	AtoA	K01035
b1241	AdhE	K04072
b0351	MhpF	K04073
b1800	DmlA	K07246
b0723	SdhA	K00239
b0724	SdhB	K00240
b0721	SdhC	K00241
b0722	SdhD	K00242
b4154	FrdA	K00244
b4153	FrdB	K00245
b4152	FrdC	K00246
b4151	FrdD	K00247
b2661	GabD	K00135
b1302	PuuE	K00823
b2662	GabT	K07250
b1493	GadB	K01580
b3517	GadA	K01580
b0823	YbiW	K00656
b0903	PflB	K00656
b3114	TdcE	K00656
b3951	PflD	K00656
b0114	AceE	K00163
b0077	IlvI	K01652
b3671	IlvB	K01652
b0078	IlvH	K01653
b3670	IlvN	K01653
b3769	IlvM	K11258
b0077	IlvI	K01652
b3671	IlvB	K01652
b0078	IlvH	K01653
b3670	IlvN	K01653
b3769	IlvM	K11258
b0728	SucC	K01903
b0729	SucD	K01902
b0072	LeuC	K01703
b0071	LeuD	K01704
b2533	SuhB	K01092
b0980	AppA	K01093
b3919	TpiA	K01803
b2288	NuoA	K00330
b2287	NuoB	K00331
b2286	NuoC	K13378
b2285	NuoE	K00334
b2284	NuoF	K00335
b2283	NuoG	K00336
b2282	NuoH	K00337
b2281	NuoI	K00338
b2280	NuoJ	K00339
b2279	NuoK	K00340
b2278	NuoL	K00341
b2277	NuoM	K00342
b2276	NuoN	K00343
b1109	Ndh	K03885
b0723	SdhA	K00239
b0724	SdhB	K00240
b0721	SdhC	K00241
b0722	SdhD	K00242
b4154	FrdA	K00244
b4153	FrdB	K00245
b4152	FrdC	K00246
b4151	FrdD	K00247
b0428	CyoE	K02301
b0429	CyoD	K02300
b0430	CyoC	K02299
b0431	CyoB	K02298
b0432	CyoA	K02297
b0733	CydA	K00425
b0978	AppC	K00425
b0734	CydB	K00426
b0979	AppB	K00426
b3731	AtpC	K02114
b3732	AtpD	K02112
b3733	AtpG	K02115
b3734	AtpA	K02111
b3735	AtpH	K02113
b3736	AtpF	K02109
b3737	AtpE	K02110
b3738	AtpB	K02108
b4226	Ppa	K01507
b2501	Ppk	K00937
b3942	KatG	K03782
b1732	KatE	K03781
b0356	FrmA	K00121
b0355	FrmB	K01070
b2154	YeiG	K01070
b1501	YdeP	K00123
b3894	FdoG	K00123
b4079	FdhF	K00123
b3893	FdoH	K00124
b3892	FdoI	K00127
b1474	FdnG	K08348
b1475	FdnH	K08349
b1476	FdnI	K08350
b2551	GlyA	K00600
b0514	GlxK	K00865
b3124	GarK	K00865
b2779	Eno	K01689
b3956	Ppc	K01595
b3236	Mdh	K00024
b3941	MetF	K00297
b2925	FbaA	K01624
b4232	Fbp	K03841
b1723	PfkB	K00850
b3916	PfkA	K00850
b2296	AckA	K00925
b2297	Pta	K13788
b4069	Acs	K01895
b1702	PpsA	K01007
b0755	GpmA	K01834
b3612	GpmM	K01834
b4395	YtjC	K01834
b2913	SerA	K00058
b0907	SerC	K00831
b4388	SerB	K01079
b0019	NhaA	K03313
b1186	NhaB	K03314
b0340	CynS	K01725
b0126	Can	K01673
b0339	CynT	K01673
b1224	NarG	K00370
b1225	NarH	K00371
b1226	NarJ	K00373
b1227	NarI	K00374
b1468	NarZ	K08345
b1467	NarY	K08346
b1466	NarW	K08361
b1465	NarV	K08347
b3365	NirB	K00362
b3366	NirD	K00363
b0323	YahI	K00926
b0521	YbcF	K00926
b2874	YqeA	K00926
b1740	NadE	K01916
b2905	GcvT	K00605
b3708	TnaA	K01667
b1189	DadA	K00285
b4139	AspA	K01744
b3744	AsnA	K01914
b1767	AnsA	K01424
b2957	AnsB	K01424
b1761	GdhA	K00262
b3870	GlnA	K01915
b0485	YbaS	K01425
b1524	YneH	K01425
b3212	GltB	K00265
b3213	GltD	K00266
b0674	AsnB	K01953
b3008	MetC	K01760
b1622	MalY	K14155
b2206	NapA	K02567
b2202	NapC	K02569
b2203	NapB	K02568
b2204	NapH	K02574
b2205	NapG	K02573
b2207	NapD	K02570
b2208	NapF	K02572
b4070	NrfA	K03385
b4071	NrfB	K04013
b4072	NrfC	K04014
b4073	NrfD	K04015
b4074	NrfE	K04016
b4075	NrfF	K04017
b4076	NrfG	K04018
b2750	CysC	K00860
b2751	CysN	K00956
b2752	CysD	K00957
b2762	CysH	K00390
b2763	CysI	K00381
b2764	CysJ	K00380
b3008	MetC	K01760
b1622	MalY	K14155
b3939	MetB	K01739
b4013	MetA	K00651
b3607	CysE	K00640
b2414	CysK	K01738
b2421	CysM	K12339
b0185	AccA	K01962
b3255	AccB	K02160
b3256	AccC	K01961
b2316	AccD	K01963
b1092	FabD	K00645
b2323	FabB	K00647
b1095	FabF	K09458
b1091	FabH	K00648
b1093	FabG	K00059
b0180	FabZ	K02372
b0954	FabA	K01716
b1288	FabI	K00208
b2224	AtoB	K00626
b2844	YqeF	K00626
b2342	FadI	K00632
b3845	FadA	K00632
b3846	FadB	K01825
b2341	FadJ	K01782
b1393	PaaF	K01692
b1394	PaaG	K01692
b0221	FadE	K06445
b1805	FadD	K01897
b2836	Aas	K05939
b2542	HcaD	K00529
b0356	FrmA	K00121
b1241	AdhE	K04072
b1478	AdhP	K13953
b3589	YiaY	K13954
b2224	AtoB	K00626
b2844	YqeF	K00626
b0514	GlxK	K00865
b3124	GarK	K00865
b1200	DhaK	K05878
b1199	DhaL	K05879
b3945	GldA	K00005
b3926	GlpK	K00864
b4041	PlsB	K00631
b1090	PlsX	K03621
b3059	PlsY	K08591
b3018	PlsC	K00655
b4042	DgkA	K00901
b4359	OpgB	K01002
b4119	MelA	K07406
b3608	GpsA	K00057
b2241	GlpA	K00111
b3426	GlpD	K00111
b2242	GlpB	K00112
b2243	GlpC	K00113
b4041	PlsB	K00631
b1090	PlsX	K03621
b3059	PlsY	K08591
b3018	PlsC	K00655
b4042	DgkA	K00901
b3821	PldA	K01058
b3825	PldB	K01048
b2239	GlpQ	K01126
b3449	UgpQ	K01126
b2836	Aas	K05939
b2451	EutA	K04019
b2441	EutB	K03735
b2440	EutC	K03736
b3918	Cdh	K01521
b0175	CdsA	K00981
b1409	YnbB	K00981
b2585	PssA	K00998
b4160	Psd	K01613
b1912	PgsA	K00995
b0418	PgpA	K01095
b1278	PgpB	K01096
b1249	Cls	K06131
b0789	YbhO	K06132
b0344	LacZ	K01190
b3801	AslA	K01130
b4119	MelA	K07406
b1710	BtuE	K00432
b3447	Ggt	K00681
b3821	PldA	K01058
b2342	FadI	K00632
b3845	FadA	K00632
b1093	FabG	K00059
b3846	FadB	K01825
b2341	FadJ	K01782
b0494	TesA	K10804
b0452	TesB	K10805
b1253	YciA	K10806
b3034	NudF	K01515
b3397	NudE	K08312
b4383	DeoB	K01839
b0688	Pgm	K01835
b1207	Prs	K00948
b2312	PurF	K00764
b4005	PurD	K01945
b2500	PurN	K11175
b1849	PurT	K08289
b2557	PurL	K01952
b2499	PurM	K01933
b0522	PurK	K01589
b0523	PurE	K01588
b2476	PurC	K01923
b1131	PurB	K01756
b4006	PurH	K00602
b0469	Apt	K00759
b0480	UshA	K11751
b2744	SurE	K03787
b2291	YfbR	K08722
b4374	YjjG	K08723
b0477	Gsk	K00892
b4384	DeoD	K03784
b2407	XapA	K03815
b2162	RihB	K10213
b0125	Hpt	K00760
b2508	GuaB	K00088
b2518	Ndk	K00940
b2781	MazG	K02428
b0238	Gpt	K00769
b2866	XdhA	K00087
b2867	XdhB	K13479
b2868	XdhC	K13480
b0284	PaoC	K11177
b0285	PaoB	K11178
b0286	PaoA	K13483
b2507	GuaA	K01951
b0104	GuaC	K00364
b2883	GuaD	K01487
b3648	Gmk	K00942
b1676	PykF	K00873
b1854	PykA	K00873
b2234	NrdA	K00525
b2675	NrdE	K00525
b2235	NrdB	K00526
b2676	NrdF	K00526
b4238	NrdD	K00527
b0160	Dgt	K01129
b3295	RpoA	K03040
b3987	RpoB	K03043
b3988	RpoC	K03046
b3649	RpoZ	K03060
b0184	DnaE	K02337
b3701	DnaN	K02338
b0470	DnaX	K02343
b0640	HolA	K02340
b1099	HolB	K02341
b0215	DnaQ	K02342
b1842	HolE	K02345
b4259	HolC	K02339
b4372	HolD	K02344
b3650	SpoT	K01139
b2502	Ppx	K01514
b3779	Gpp	K01524
b2784	RelA	K00951
b3806	CyaA	K05851
b4177	PurA	K01939
b1623	Add	K01488
b1982	Amn	K01241
b3665	Ade	K01486
b4213	CpdB	K01119
b0474	Adk	K00939
b2954	RdgB	K01516
b3164	Pnp	K00962
b0049	ApaH	K01525
b2750	CysC	K00860
b2751	CysN	K00956
b2752	CysD	K00957
b1970	HiuH	K07127
b0512	AllB	K01466
b0505	AllA	K01483
b0516	AllC	K02083
b0517	AllD	K00073
b0323	YahI	K00926
b0521	YbcF	K00926
b2874	YqeA	K00926
b0033	CarB	K01955
b0032	CarA	K01956
b4245	PyrB	K00609
b4244	PyrI	K00610
b1062	PyrC	K01465
b0945	PyrD	K00226
b3642	PyrE	K00762
b1281	PyrF	K01591
b0910	Cmk	K00945
b0171	PyrH	K09903
b2518	Ndk	K00940
b3164	Pnp	K00962
b2781	MazG	K02428
b2780	PyrG	K01937
b3295	RpoA	K03040
b3987	RpoB	K03043
b3988	RpoC	K03046
b3649	RpoZ	K03060
b0184	DnaE	K02337
b3701	DnaN	K02338
b0470	DnaX	K02343
b0640	HolA	K02340
b1099	HolB	K02341
b0215	DnaQ	K02342
b1842	HolE	K02345
b4259	HolC	K02339
b4372	HolD	K02344
b2065	Dcd	K01494
b2066	Udk	K00876
b0480	UshA	K11751
b2744	SurE	K03787
b2291	YfbR	K08722
b4374	YjjG	K08723
b3831	Udp	K00757
b2498	Upp	K00761
b2873	HyuA	K01464
b2162	RihB	K10213
b0337	CodA	K01485
b0888	TrxB	K00384
b4238	NrdD	K00527
b2234	NrdA	K00525
b2675	NrdE	K00525
b2235	NrdB	K00526
b2676	NrdF	K00526
b3640	Dut	K01520
b2827	ThyA	K00560
b2143	Cdd	K01489
b4382	DeoA	K00758
b4384	DeoD	K03784
b1238	Tdk	K00857
b1098	Tmk	K00943
b4213	CpdB	K01119
b0928	AspC	K00813
b2574	NadB	K00278
b1767	AnsA	K01424
b2957	AnsB	K01424
b3744	AsnA	K01914
b0674	AsnB	K01953
b2290	AlaA	K14260
b4139	AspA	K01744
b3172	ArgG	K01940
b3960	ArgH	K01755
b4177	PurA	K01939
b1131	PurB	K01756
b4245	PyrB	K00609
b4244	PyrI	K00610
b1493	GadB	K01580
b3517	GadA	K01580
b1302	PuuE	K00823
b2662	GabT	K07250
b2661	GabD	K00135
b3212	GltB	K00265
b3213	GltD	K00266
b1761	GdhA	K00262
b1014	PutA	K13821
b3870	GlnA	K01915
b0033	CarB	K01955
b0032	CarA	K01956
b0485	YbaS	K01425
b1524	YneH	K01425
b3729	GlmS	K00820
b2312	PurF	K00764
b4024	LysC	K00928
b0002	ThrA	K12524
b3940	MetL	K12525
b2319	Usg	K00133
b3433	Asd	K00133
b0003	ThrB	K00872
b0004	ThrC	K01733
b0870	LtaE	K01620
b2551	GlyA	K00600
b4388	SerB	K01079
b0907	SerC	K00831
b2913	SerA	K00058
b0514	GlxK	K00865
b3124	GarK	K00865
b1033	GhrA	K12972
b3617	Kbl	K00639
b3616	Tdh	K00060
b1386	TynA	K00276
b2903	GcvP	K00281
b2905	GcvT	K00605
b0116	Lpd	K00382
b2585	PssA	K00998
b0311	BetA	K00108
b0312	BetB	K00130
b1814	SdaA	K01752
b2797	SdaB	K01752
b4471	TdcG	K01752
b3117	TdcB	K01754
b3772	IlvA	K01754
b2366	DsdA	K01753
b1260	TrpA	K01695
b1261	TrpB	K01696
b3607	CysE	K00640
b2414	CysK	K01738
b2421	CysM	K12339
b3008	MetC	K01760
b1622	MalY	K14155
b0261	MmuM	K00547
b4019	MetH	K00548
b3829	MetE	K00549
b2942	MetK	K00789
b0120	SpeD	K01611
b0121	SpeE	K00797
b0159	Mtn	K01243
b4054	TyrB	K00832
b1961	Dcm	K00558
b2687	LuxS	K07173
b4024	LysC	K00928
b0002	ThrA	K12524
b3940	MetL	K12525
b2319	Usg	K00133
b3433	Asd	K00133
b4013	MetA	K00651
b3939	MetB	K01739
b0928	AspC	K00813
b1757	YnjE	K01011
b2521	SseA	K01011
b1919	DcyD	K05396
b1814	SdaA	K01752
b2797	SdaB	K01752
b4471	TdcG	K01752
b3770	IlvE	K00826
b0116	Lpd	K00382
b1393	PaaF	K01692
b1394	PaaG	K01692
b3846	FadB	K01825
b2341	FadJ	K01782
b2342	FadI	K00632
b3845	FadA	K00632
b2917	ScpA	K01847
b2662	GabT	K07250
b2224	AtoB	K00626
b2844	YqeF	K00626
b3117	TdcB	K01754
b3772	IlvA	K01754
b0072	LeuC	K01703
b0071	LeuD	K01704
b0077	IlvI	K01652
b3671	IlvB	K01652
b0078	IlvH	K01653
b3670	IlvN	K01653
b3769	IlvM	K11258
b3774	IlvC	K00053
b0269	YagF	K01687
b3771	IlvD	K01687
b4297	YjhG	K01687
b3770	IlvE	K00826
b3572	AvtA	K00835
b2290	AlaA	K14260
b0074	LeuA	K01649
b0073	LeuB	K00052
b0642	LeuS	K01869
b0026	IleS	K01870
b4258	ValS	K01873
b0114	AceE	K00163
b4024	LysC	K00928
b0002	ThrA	K12524
b3940	MetL	K12525
b2319	Usg	K00133
b3433	Asd	K00133
b0268	YagE	K01714
b2478	DapA	K01714
b4298	YjhH	K01714
b0031	DapB	K00215
b0166	DapD	K00674
b3359	ArgD	K00821
b2472	DapE	K01439
b3809	DapF	K01778
b2838	LysA	K01586
b3959	ArgB	K00930
b3958	ArgC	K00145
b0085	MurE	K01928
b0086	MurF	K01929
b0726	SucA	K00164
b0727	SucB	K00658
b1393	PaaF	K01692
b1394	PaaG	K01692
b3846	FadB	K01825
b2341	FadJ	K01782
b2224	AtoB	K00626
b2844	YqeF	K00626
b0186	LdcC	K01582
b4131	CadA	K01582
b0556	RzpD	K01423
b0337	CodA	K01485
b4117	AdiA	K01584
b2938	SpeA	K01585
b2937	SpeB	K01480
b0693	SpeF	K01581
b2965	SpeC	K01581
b0121	SpeE	K00797
b0120	SpeD	K01611
b3073	PatA	K09251
b1444	Prr	K00137
b0237	PepD	K01270
b1584	SpeG	K00657
b1747	AstA	K00673
b1745	AstB	K01484
b1748	AstC	K00840
b1746	AstD	K06447
b1744	AstE	K05526
b1297	PuuA	K09470
b1301	PuuB	K09471
b1300	PuuC	K09472
b1298	PuuD	K09473
b0386	ProC	K00286
b1014	PutA	K13821
b0242	ProB	K00931
b0243	ProA	K00147
b0928	AspC	K00813
b1850	Eda	K01625
b0273	ArgF	K00611
b4254	ArgI	K00611
b3172	ArgG	K01940
b3960	ArgH	K01755
b0485	YbaS	K01425
b1524	YneH	K01425
b3870	GlnA	K01915
b1761	GdhA	K00262
b0323	YahI	K00926
b0521	YbcF	K00926
b2874	YqeA	K00926
b2818	ArgA	K00619
b3959	ArgB	K00930
b3958	ArgC	K00145
b3359	ArgD	K00821
b3957	ArgE	K01438
b2019	HisG	K00765
b2026	HisI	K11755
b2024	HisA	K01814
b2023	HisH	K02501
b2025	HisF	K02500
b2021	HisC	K00817
b2022	HisB	K01089
b2020	HisD	K00013
b0237	PepD	K01270
b0928	AspC	K00813
b2021	HisC	K00817
b4054	TyrB	K00832
b1386	TynA	K00276
b0356	FrmA	K00121
b1241	AdhE	K04072
b1478	AdhP	K13953
b3589	YiaY	K13954
b2661	GabD	K00135
b1386	TynA	K00276
b1385	FeaB	K00146
b1398	PaaK	K01912
b0928	AspC	K00813
b2021	HisC	K00817
b4054	TyrB	K00832
b1189	DadA	K00285
b3942	KatG	K03782
b2538	HcaE	K05708
b2539	HcaF	K05709
b2540	HcaC	K05710
b2542	HcaD	K00529
b2541	HcaB	K05711
b0347	MhpA	K05712
b0348	MhpB	K05713
b0349	MhpC	K05714
b0350	MhpD	K02554
b0352	MhpE	K01666
b0726	SucA	K00164
b1393	PaaF	K01692
b1394	PaaG	K01692
b3846	FadB	K01825
b2341	FadJ	K01782
b2224	AtoB	K00626
b2844	YqeF	K00626
b3708	TnaA	K01667
b3384	TrpS	K01867
b1732	KatE	K03781
b3942	KatG	K03782
b0754	AroG	K01626
b1704	AroH	K01626
b2601	AroF	K01626
b3389	AroB	K01735
b1693	AroD	K03785
b3281	AroE	K00014
b1692	YdiB	K05887
b0388	AroL	K00891
b3390	AroK	K00891
b0908	AroA	K00800
b2329	AroC	K01736
b1264	TrpE	K01657
b1263	TrpD	K13497
b1262	TrpC	K13498
b1260	TrpA	K01695
b1261	TrpB	K01696
b2600	TyrA	K14187
b2599	PheA	K14170
b0928	AspC	K00813
b2021	HisC	K00817
b4054	TyrB	K00832
b0131	PanD	K01579
b1493	GadB	K01580
b3517	GadA	K01580
b0133	PanC	K01918
b1302	PuuE	K00823
b2662	GabT	K07250
b1386	TynA	K00276
b0121	SpeE	K00797
b1444	Prr	K00137
b0237	PepD	K01270
b2873	HyuA	K01464
b1393	PaaF	K01692
b1394	PaaG	K01692
b3846	FadB	K01825
b2341	FadJ	K01782
b1493	GadB	K01580
b3517	GadA	K01580
b3447	Ggt	K00681
b0368	TauD	K03119
b2297	Pta	K13788
b2296	AckA	K00925
b4108	YjdM	K06193
b1448	YncA	K03823
b3447	Ggt	K00681
b3939	MetB	K01739
b3008	MetC	K01760
b1622	MalY	K14155
b2942	MetK	K00789
b2114	MetG	K01874
b2414	CysK	K01738
b2421	CysM	K12339
b2751	CysN	K00956
b2752	CysD	K00957
b2750	CysC	K00860
b1680	SufS	K11717
b1764	SelD	K01008
b3591	SelA	K01042
b2132	BglX	K05349
b3447	Ggt	K00681
b1767	AnsA	K01424
b2957	AnsB	K01424
b3744	AsnA	K01914
b2551	GlyA	K00600
b3967	MurI	K01776
b0088	MurD	K01925
b0485	YbaS	K01425
b1524	YneH	K01425
b0091	MurC	K01924
b1190	DadX	K01775
b4053	Alr	K01775
b0092	DdlB	K01921
b0381	DdlA	K01921
b3447	Ggt	K00681
b2688	GshA	K01919
b2947	GshB	K01920
b4260	PepA	K01255
b2523	PepB	K07751
b0932	PepN	K01256
b0237	PepD	K01270
b1635	Gst	K00799
b2302	YfcG	K00799
b3500	Gor	K00383
b1136	Icd	K00031
b2029	Gnd	K00033
b1852	Zwf	K00036
b1710	BtuE	K00432
b0693	SpeF	K01581
b2965	SpeC	K01581
b0121	SpeE	K00797
b2988	Gss	K01460
b0181	LpxA	K00677
b0096	LpxC	K02535
b0179	LpxD	K02536
b0524	LpxH	K03269
b0182	LpxB	K00748
b0915	LpxK	K00912
b1215	KdsA	K01627
b3198	KdsC	K03270
b0918	KdsB	K00979
b3633	WaaA	K02527
b1054	LpxL	K02517
b1855	LpxM	K02560
b0222	LpcA	K03271
b3052	RfaE	K03272
b0200	GmhB	K03273
b3619	RfaD	K03274
b3621	RfaC	K02841
b3620	RfaF	K02843
b3631	RfaG	K02844
b3625	RfaY	K02850
b3630	RfaP	K02848
b3632	RfaQ	K02849
b3628	RfaB	K02840
b3627	RfaI	K03275
b3623	WaaU	K03277
b3626	RfaJ	K03279
b3622	RfaL	K02847
b3189	MurA	K00790
b3972	MurB	K00075
b0091	MurC	K01924
b0088	MurD	K01925
b0085	MurE	K01928
b0092	DdlB	K01921
b0381	DdlA	K01921
b0086	MurF	K01929
b0841	YbjG	K06153
b3057	BacA	K06153
b0087	MraY	K01000
b0090	MurG	K02563
b1069	MurJ	K03980
b3208	MtgA	K03814
b2519	PbpC	K05367
b3396	MrcA	K05366
b0149	MrcB	K05365
b0635	MrdA	K05515
b0084	FtsI	K03587
b0632	DacA	K07258
b0839	DacC	K07258
b2010	DacD	K07258
b3182	DacB	K07259
b0344	LacZ	K01190
b3076	EbgA	K12111
b3077	EbgC	K12112
b0732	MngB	K01191
b3994	ThiC	K03147
b2103	ThiD	K00941
b3992	ThiF	K03148
b2530	IscS	K04487
b1680	SufS	K11717
b0423	ThiI	K03151
b3991	ThiG	K03149
b3990	ThiH	K03150
b2104	ThiM	K00878
b3993	ThiE	K00788
b0417	ThiL	K00946
b2954	RdgB	K01516
b1106	ThiK	K07251
b1277	RibA	K01497
b0414	RibD	K11752
b3041	RibB	K02858
b0415	RibE	K00794
b1662	RibC	K00793
b0025	RibF	K11753
b4055	AphA	K03788
b0980	AppA	K01093
b1991	CobT	K00768
b0638	CobC	K02226
b1638	PdxH	K00275
b1636	PdxY	K00868
b2418	PdxK	K00868
b2927	Epd	K03472
b2320	PdxB	K03473
b0907	SerC	K00831
b0052	PdxA	K00097
b2564	PdxJ	K03474
b0004	ThrC	K01733
b2574	NadB	K00278
b0750	NadA	K03517
b0109	NadC	K00767
b1768	PncA	K08281
b0931	PncB	K00763
b0639	NadD	K00969
b1740	NadE	K01916
b4384	DeoD	K03784
b0480	UshA	K11751
b2744	SurE	K03787
b2291	YfbR	K08722
b4374	YjjG	K08723
b3996	NudC	K03426
b3962	SthA	K00322
b1603	PntA	K00324
b1602	PntB	K00325
b2615	NadK	K00858
b0077	IlvI	K01652
b3671	IlvB	K01652
b0078	IlvH	K01653
b3670	IlvN	K01653
b3769	IlvM	K11258
b3774	IlvC	K00053
b0269	YagF	K01687
b3771	IlvD	K01687
b4297	YjhG	K01687
b0134	PanB	K00606
b0425	PanE	K00077
b0133	PanC	K01918
b3974	CoaA	K00867
b3639	Dfp	K13038
b3634	CoaD	K00954
b0103	CoaE	K00859
b2563	AcpS	K00997
b0404	AcpH	K08682
b3770	IlvE	K00826
b2873	HyuA	K01464
b0131	PanD	K01579
b0776	BioF	K00652
b0774	BioA	K00833
b0778	BioD	K01935
b1593	YnfK	K01935
b0775	BioB	K01012
b3973	BirA	K03524
b0556	RzpD	K01423
b0628	LipA	K03644
b0630	LipB	K03801
b4386	LplA	K03800
b2153	FolE	K01495
b0383	PhoA	K01077
b3058	FolB	K01633
b0142	FolK	K00950
b3177	FolP	K00796
b0048	FolA	K00287
b1606	FolM	K13938
b2315	FolC	K11754
b2765	QueD	K01737
b1812	PabB	K01665
b3360	PabA	K01664
b1096	PabC	K02619
b0048	FolA	K00287
b1606	FolM	K13938
b0529	FolD	K01491
b2551	GlyA	K00600
b2500	PurN	K11175
b1849	PurT	K08289
b4006	PurH	K00602
b3288	Fmt	K00604
b2905	GcvT	K00605
b4019	MetH	K00548
b2827	ThyA	K00560
b1232	PurU	K01433
b3941	MetF	K00297
b2400	GltX	K01885
b1210	HemA	K02492
b0154	HemL	K01845
b0369	HemB	K01698
b3805	HemC	K01749
b3804	HemD	K01719
b3803	HemX	K02496
b3368	CysG	K02302
b3997	HemE	K01599
b2436	HemF	K00228
b2955	YggW	K02495
b3867	HemN	K02495
b3850	HemG	K00230
b0475	HemH	K01772
b0428	CyoE	K02301
b1270	BtuR	K00798
b1993	CobU	K02231
b1992	CobS	K02233
b0937	SsuE	K00299
b1991	CobT	K00768
b0638	CobC	K02226
b3844	Fre	K05368
b2459	EutT	K04032
b1617	UidA	K01195
b1905	FtnA	K02217
b4039	UbiC	K03181
b4040	UbiA	K03179
b3843	UbiD	K03182
b2311	UbiX	K03186
b3835	UbiB	K03688
b2232	UbiG	K00568
b2907	UbiH	K03185
b3833	UbiE	K03183
b0662	UbiF	K03184
b2265	MenF	K02552
b0593	EntC	K02361
b2264	MenD	K02551
b2263	MenH	K08680
b2261	MenC	K02549
b2260	MenE	K01911
b2262	MenB	K01661
b3930	MenA	K02548
b0420	Dxs	K01662
b0173	Dxr	K00099
b2747	IspD	K00991
b1208	IspE	K00919
b2746	IspF	K01770
b2515	IspG	K03526
b0029	IspH	K03527
b2224	AtoB	K00626
b2844	YqeF	K00626
b2889	Idi	K01823
b0421	IspA	K00795
b3187	IspB	K02523
b0174	IspU	K00806
b1802	YeaW	K00517
b1393	PaaF	K01692
b1394	PaaG	K01692
b3846	FadB	K01825
b2341	FadJ	K01782
b2342	FadI	K00632
b3845	FadA	K00632
b1393	PaaF	K01692
b1394	PaaG	K01692
b3846	FadB	K01825
b2341	FadJ	K01782
b2465	TktB	K00615
b2935	TktA	K00615
b0185	AccA	K01962
b3255	AccB	K02160
b3256	AccC	K01961
b2316	AccD	K01963
b2039	RfbA	K00973
b3789	RffH	K00973
b2041	RfbB	K01710
b3788	RffG	K01710
b2038	RfbC	K01790
b2040	RfbD	K00067
b2265	MenF	K02552
b0593	EntC	K02361
b0595	EntB	K01252
b0596	EntA	K00216
b0594	EntE	K02363
b0586	EntF	K02364
b2041	RfbB	K01710
b3788	RffG	K01710
b4150	AmpC	K01467
b4150	AmpC	K01467
b2388	Glk	K00845
b0688	Pgm	K01835
b2533	SuhB	K01092
b2039	RfbA	K00973
b3789	RffH	K00973
b2041	RfbB	K01710
b3788	RffG	K01710
b2038	RfbC	K01790
b2040	RfbD	K00067
b2388	Glk	K00845
b2600	TyrA	K14187
b0928	AspC	K00813
b2021	HisC	K00817
b4054	TyrB	K00832
b2342	FadI	K00632
b3845	FadA	K00632
b0350	MhpD	K02554
b0352	MhpE	K01666
b1241	AdhE	K04072
b0351	MhpF	K04073
b2455	EutE	K04021
b1461	PptA	K01821
b1393	PaaF	K01692
b1394	PaaG	K01692
b1395	PaaH	K00074
b2224	AtoB	K00626
b2844	YqeF	K00626
b0968	YccX	K01512
b1802	YeaW	K00517
b0476	Aes	K01066
b2221	AtoD	K01034
b2222	AtoA	K01035
b1393	PaaF	K01692
b1394	PaaG	K01692
b0980	AppA	K01093
b4055	AphA	K03788
b0383	PhoA	K01077
b3830	YsgA	K01061
b1478	AdhP	K13953
b3589	YiaY	K13954
b0356	FrmA	K00121
b1241	AdhE	K04072
b3830	YsgA	K01061
b0723	SdhA	K00239
b0724	SdhB	K00240
b0721	SdhC	K00241
b0722	SdhD	K00242
b4154	FrdA	K00244
b4153	FrdB	K00245
b4152	FrdC	K00246
b4151	FrdD	K00247
b3830	YsgA	K01061
b0350	MhpD	K02554
b0352	MhpE	K01666
b1241	AdhE	K04072
b0351	MhpF	K04073
b2455	EutE	K04021
b0851	NfsA	K10678
b0578	NfsB	K10679
b1650	NemA	K10680
b0973	HyaB	K06281
b2994	HybC	K06281
b0972	HyaA	K06282
b2997	HybO	K06282
b2342	FadI	K00632
b3845	FadA	K00632
b0350	MhpD	K02554
b0352	MhpE	K01666
b1385	FeaB	K00146
b0350	MhpD	K02554
b0352	MhpE	K01666
b1393	PaaF	K01692
b1394	PaaG	K01692
b3846	FadB	K01825
b2341	FadJ	K01782
b1802	YeaW	K00517
b0476	Aes	K01066
b1461	PptA	K01821
b0350	MhpD	K02554
b0352	MhpE	K01666
b1241	AdhE	K04072
b0351	MhpF	K04073
b2455	EutE	K04021
b1478	AdhP	K13953
b3589	YiaY	K13954
b0356	FrmA	K00121
b1241	AdhE	K04072
b1802	YeaW	K00517
b3295	RpoA	K03040
b3987	RpoB	K03043
b3988	RpoC	K03046
b3067	RpoD	K03086
b2741	RpoS	K03087
b1922	FliA	K02405
b2573	RpoE	K03088
b4293	FecI	K03088
b3461	RpoH	K03089
b3202	RpoN	K03092
b3649	RpoZ	K03060
b0911	RpsA	K02945
b0169	RpsB	K02967
b3314	RpsC	K02982
b3296	RpsD	K02986
b3303	RpsE	K02988
b4200	RpsF	K02990
b3341	RpsG	K02992
b3306	RpsH	K02994
b3230	RpsI	K02996
b3321	RpsJ	K02946
b3297	RpsK	K02948
b3342	RpsL	K02950
b3298	RpsM	K02952
b3307	RpsN	K02954
b3165	RpsO	K02956
b2609	RpsP	K02959
b3311	RpsQ	K02961
b4202	RpsR	K02963
b3316	RpsS	K02965
b0023	RpsT	K02968
b3065	RpsU	K02970
b1480	Sra	K02972
b3984	RplA	K02863
b3317	RplB	K02886
b3320	RplC	K02906
b3319	RplD	K02926
b3308	RplE	K02931
b3305	RplF	K02933
b3986	RplL	K02935
b4203	RplI	K02939
b3985	RplJ	K02864
b3983	RplK	K02867
b3231	RplM	K02871
b3310	RplN	K02874
b3301	RplO	K02876
b3313	RplP	K02878
b3294	RplQ	K02879
b3304	RplR	K02881
b2606	RplS	K02884
b1716	RplT	K02887
b3186	RplU	K02888
b3315	RplV	K02890
b3318	RplW	K02892
b3309	RplX	K02895
b2185	RplY	K02897
b3185	RpmA	K02899
b3637	RpmB	K02902
b3312	RpmC	K02904
b3302	RpmD	K02907
b0296	YkgM	K02909
b3936	RpmE	K02909
b1089	RpmF	K02911
b3636	RpmG	K02913
b3703	RpmH	K02914
b1717	RpmI	K02916
b3299	RpmJ	K02919
b4506	YkgO	K02919
b0201	RrsH	K01977
b2591	RrsG	K01977
b3278	RrsD	K01977
b3756	RrsC	K01977
b3851	RrsA	K01977
b3968	RrsB	K01977
b4007	RrsE	K01977
b0204	RrlH	K01980
b2589	RrlG	K01980
b3275	RrlD	K01980
b3758	RrlC	K01980
b3854	RrlA	K01980
b3970	RrlB	K01980
b4009	RrlE	K01980
b0205	RrfH	K01985
b2588	RrfG	K01985
b3272	RrfF	K01985
b3274	RrfD	K01985
b3759	RrfC	K01985
b3855	RrfA	K01985
b3971	RrfB	K01985
b4010	RrfE	K01985
b0203	AlaV	K14218
b2396	AlaX	K14218
b2397	AlaW	K14218
b3276	AlaU	K14218
b3853	AlaT	K14218
b0536	ArgU	K14219
b2348	ArgW	K14219
b2691	ArgQ	K14219
b2692	ArgZ	K14219
b2693	ArgY	K14219
b2694	ArgV	K14219
b3796	ArgX	K14219
b1977	AsnT	K14220
b1984	AsnW	K14220
b1986	AsnU	K14220
b1989	AsnV	K14220
b0206	AspU	K14221
b0216	AspV	K14221
b3760	AspT	K14221
b1910	CysT	K14222
b0664	GlnX	K14223
b0665	GlnV	K14223
b0668	GlnW	K14223
b0670	GlnU	K14223
b2590	GltW	K14224
b3757	GltU	K14224
b3969	GltT	K14224
b4008	GltV	K14224
b1911	GlyW	K14225
b2864	GlyU	K14225
b3978	GlyT	K14225
b4163	GlyV	K14225
b4164	GlyX	K14225
b4165	GlyY	K14225
b3797	HisR	K14226
b0202	IleV	K14227
b3277	IleU	K14227
b3852	IleT	K14227
b0672	LeuW	K14228
b1909	LeuZ	K14228
b3174	LeuU	K14228
b3798	LeuT	K14228
b4270	LeuX	K14228
b4368	LeuV	K14228
b4369	LeuP	K14228
b4370	LeuQ	K14228
b0743	LysT	K14229
b0745	LysW	K14229
b0747	LysY	K14229
b0748	LysZ	K14229
b0749	LysQ	K14229
b2404	LysV	K14229
b0666	MetU	K14230
b0673	MetT	K14230
b2652	IleY	K14230
b2814	MetZ	K14230
b2815	MetW	K14230
b2816	MetV	K14230
b3069	IleX	K14230
b3171	MetY	K14230
b2967	PheV	K14231
b4134	PheU	K14231
b2189	ProL	K14232
b3545	ProK	K14232
b3799	ProM	K14232
b0883	SerW	K14233
b0971	SerT	K14233
b1032	SerX	K14233
b1975	SerU	K14233
b2695	SerV	K14233
b0244	ThrW	K14234
b3273	ThrV	K14234
b3976	ThrU	K14234
b3979	ThrT	K14234
b3761	TrpT	K14235
b1230	TyrV	K14236
b1231	TyrT	K14236
b3977	TyrU	K14236
b0744	ValT	K14237
b0746	ValZ	K14237
b1665	ValV	K14237
b1666	ValW	K14237
b2401	ValU	K14237
b2402	ValX	K14237
b2403	ValY	K14237
b3658	SelC	K14238
b2400	GltX	K01885
b0680	GlnS	K01886
b2697	AlaS	K01872
b1866	AspS	K01876
b0930	AsnS	K01893
b3560	GlyQ	K01878
b3559	GlyS	K01879
b1719	ThrS	K01868
b0893	SerS	K01875
b3591	SelA	K01042
b0526	CysS	K01883
b2114	MetG	K01874
b3288	Fmt	K00604
b4258	ValS	K01873
b0642	LeuS	K01869
b0026	IleS	K01870
b2890	LysS	K04567
b4129	LysU	K04567
b4155	YjeA	K04568
b1876	ArgS	K01887
b0194	ProS	K01881
b2514	HisS	K01892
b1714	PheS	K01889
b1713	PheT	K01890
b1637	TyrS	K01866
b3384	TrpS	K01867
b3300	SecY	K03076
b3981	SecE	K03073
b3175	SecG	K03075
b0408	SecD	K03072
b0409	SecF	K03074
b0407	YajC	K03210
b3705	YidC	K03217
b0098	SecA	K03070
b3609	SecB	K03071
b0097	SecM	K13301
b2610	Ffh	K03106
b0455	Ffs	K01983
b3464	FtsY	K03110
b3836	TatA	K03116
b3838	TatB	K03117
b3839	TatC	K03118
b0627	TatE	K03425
b2568	LepB	K03100
b0027	LspA	K03101
b2530	IscS	K04487
b1757	YnjE	K01011
b2521	SseA	K01011
b0826	MoeB	K11996
b3470	SirA	K04085
b3343	YheL	K07237
b3344	YheM	K07236
b3345	YheN	K07235
b0969	YccK	K11179
b1133	MnmA	K00566
b0785	MoaE	K03635
b0781	MoaA	K03639
b0784	MoaD	K03636
b0783	MoaC	K03637
b0009	Mog	K03831
b0423	ThiI	K03151
b4407	ThiS	K03154
b3992	ThiF	K03148
b2830	RppH	K08311
b1084	Rne	K08300
b3780	RhlB	K03732
b2779	Eno	K01689
b3164	Pnp	K00962
b0797	RhlE	K11927
b4179	Rnr	K12573
b3162	DeaD	K05592
b3822	RecQ	K03654
b3783	Rho	K03628
b0014	DnaK	K04043
b4143	GroL	K04077
b4172	Hfq	K03666
b2501	Ppk	K00937
b0143	PcnB	K00970
b1842	HolE	K02345
b0215	DnaQ	K02342
b0184	DnaE	K02337
b0470	DnaX	K02343
b1099	HolB	K02341
b0640	HolA	K02340
b4372	HolD	K02344
b4259	HolC	K02339
b3701	DnaN	K02338
b4052	DnaB	K02314
b3066	DnaG	K02316
b4059	Ssb	K03111
b0214	RnhA	K03469
b0183	RnhB	K03470
b2411	LigA	K01972
b3647	LigB	K01972
b3635	MutM	K10563
b0714	Nei	K05522
b1633	Nth	K10773
b2068	AlkA	K01247
b3549	Tag	K01246
b2580	Ung	K03648
b3068	Mug	K03649
b2961	MutY	K03575
b1749	XthA	K01142
b2159	Nfo	K01151
b2411	LigA	K01972
b3647	LigB	K01972
b1114	Mfd	K03723
b4058	UvrA	K03701
b0779	UvrB	K03702
b1913	UvrC	K03703
b3813	UvrD	K03657
b2411	LigA	K01972
b3647	LigB	K01972
b2733	MutS	K03555
b4170	MutL	K03572
b2831	MutH	K03573
b3813	UvrD	K03657
b2011	SbcB	K01141
b2509	XseA	K03601
b0422	XseB	K03602
b1844	ExoX	K10857
b4059	Ssb	K03111
b0184	DnaE	K02337
b3701	DnaN	K02338
b0470	DnaX	K02343
b0640	HolA	K02340
b1099	HolB	K02341
b0215	DnaQ	K02342
b1842	HolE	K02345
b4259	HolC	K02339
b4372	HolD	K02344
b2411	LigA	K01972
b3647	LigB	K01972
b3387	Dam	K06223
b4059	Ssb	K03111
b3700	RecF	K03629
b2565	RecO	K03584
b0472	RecR	K06187
b2699	RecA	K03553
b1861	RuvA	K03550
b1860	RuvB	K03551
b1863	RuvC	K01159
b3652	RecG	K03655
b2820	RecB	K03582
b2822	RecC	K03583
b2819	RecD	K03581
b0184	DnaE	K02337
b3701	DnaN	K02338
b0470	DnaX	K02343
b0640	HolA	K02340
b1099	HolB	K02341
b0215	DnaQ	K02342
b1842	HolE	K02345
b4259	HolC	K02339
b4372	HolD	K02344
b3935	PriA	K04066
b4201	PriB	K02686
b0467	PriC	K04067
b4362	DnaT	K02317
b0203	AlaV	K14218
b2396	AlaX	K14218
b2397	AlaW	K14218
b3276	AlaU	K14218
b3853	AlaT	K14218
b0536	ArgU	K14219
b2348	ArgW	K14219
b2691	ArgQ	K14219
b2692	ArgZ	K14219
b2693	ArgY	K14219
b2694	ArgV	K14219
b3796	ArgX	K14219
b1977	AsnT	K14220
b1984	AsnW	K14220
b1986	AsnU	K14220
b1989	AsnV	K14220
b0206	AspU	K14221
b0216	AspV	K14221
b3760	AspT	K14221
b1910	CysT	K14222
b0664	GlnX	K14223
b0665	GlnV	K14223
b0668	GlnW	K14223
b0670	GlnU	K14223
b2590	GltW	K14224
b3757	GltU	K14224
b3969	GltT	K14224
b4008	GltV	K14224
b1911	GlyW	K14225
b2864	GlyU	K14225
b3978	GlyT	K14225
b4163	GlyV	K14225
b4164	GlyX	K14225
b4165	GlyY	K14225
b3797	HisR	K14226
b0202	IleV	K14227
b3277	IleU	K14227
b3852	IleT	K14227
b0672	LeuW	K14228
b1909	LeuZ	K14228
b3174	LeuU	K14228
b3798	LeuT	K14228
b4270	LeuX	K14228
b4368	LeuV	K14228
b4369	LeuP	K14228
b4370	LeuQ	K14228
b0743	LysT	K14229
b0745	LysW	K14229
b0747	LysY	K14229
b0748	LysZ	K14229
b0749	LysQ	K14229
b2404	LysV	K14229
b0666	MetU	K14230
b0673	MetT	K14230
b2652	IleY	K14230
b2814	MetZ	K14230
b2815	MetW	K14230
b2816	MetV	K14230
b3069	IleX	K14230
b3171	MetY	K14230
b2967	PheV	K14231
b4134	PheU	K14231
b2189	ProL	K14232
b3545	ProK	K14232
b3799	ProM	K14232
b0883	SerW	K14233
b0971	SerT	K14233
b1032	SerX	K14233
b1975	SerU	K14233
b2695	SerV	K14233
b0244	ThrW	K14234
b3273	ThrV	K14234
b3976	ThrU	K14234
b3979	ThrT	K14234
b3761	TrpT	K14235
b1230	TyrV	K14236
b1231	TyrT	K14236
b3977	TyrU	K14236
b0744	ValT	K14237
b0746	ValZ	K14237
b1665	ValV	K14237
b1666	ValW	K14237
b2401	ValU	K14237
b2402	ValX	K14237
b2403	ValY	K14237
b3658	SelC	K14238
b0201	RrsH	K01977
b2591	RrsG	K01977
b3278	RrsD	K01977
b3756	RrsC	K01977
b3851	RrsA	K01977
b3968	RrsB	K01977
b4007	RrsE	K01977
b0204	RrlH	K01980
b2589	RrlG	K01980
b3275	RrlD	K01980
b3758	RrlC	K01980
b3854	RrlA	K01980
b3970	RrlB	K01980
b4009	RrlE	K01980
b0205	RrfH	K01985
b2588	RrfG	K01985
b3272	RrfF	K01985
b3274	RrfD	K01985
b3759	RrfC	K01985
b3855	RrfA	K01985
b3971	RrfB	K01985
b4010	RrfE	K01985
b0455	Ffs	K01983
b3123	RnpB	K01978
b2425	CysP	K02048
b3917	Sbp	K02048
b2424	CysU	K02046
b2423	CysW	K02047
b2422	CysA	K02045
b0365	TauA	K02051
b0936	SsuA	K02051
b0367	TauC	K02050
b0934	SsuC	K02050
b0366	TauB	K02049
b0933	SsuB	K02049
b0763	ModA	K02020
b0764	ModB	K02018
b0765	ModC	K02017
b0760	ModF	K05776
b0263	AfuB	K02011
b0262	AfuC	K02010
b0068	ThiB	K02064
b0067	ThiP	K02063
b0066	ThiQ	K02062
b1123	PotD	K11069
b1124	PotC	K11070
b1125	PotB	K11071
b1126	PotA	K11072
b0854	PotF	K11073
b0857	PotI	K11074
b0856	PotH	K11075
b0855	PotG	K11076
b2679	ProX	K02002
b2678	ProW	K02001
b2677	ProV	K02000
b2131	OsmF	K05845
b2128	YehW	K05846
b2130	YehY	K05846
b2129	YehX	K05847
b4034	MalE	K10108
b4033	MalF	K10109
b4032	MalG	K10110
b4035	MalK	K10111
b3453	UgpB	K05813
b3452	UgpA	K05814
b3451	UgpE	K05815
b3450	UgpC	K05816
b3751	RbsB	K10439
b3750	RbsC	K10440
b3749	RbsA	K10441
b3748	RbsD	K06726
b1901	AraF	K10537
b4460	AraH	K10538
b1900	AraG	K10539
b2150	MglB	K10540
b2148	MglC	K10541
b2149	MglA	K10542
b3566	XylF	K10543
b3568	XylH	K10544
b3567	XylG	K10545
b4088	AlsB	K10549
b4086	AlsC	K10550
b4087	AlsA	K10551
b1516	LsrB	K10555
b1514	LsrC	K10556
b1515	LsrD	K10557
b1513	LsrA	K10558
b3728	PstS	K02040
b3727	PstC	K02037
b3726	PstA	K02038
b3725	PstB	K02036
b4105	PhnD	K02044
b4104	PhnE	K02042
b4106	PhnC	K02041
b4096	PhnL	K05780
b4097	PhnK	K05781
b2310	ArgT	K10013
b2307	HisM	K10015
b2308	HisQ	K10016
b2306	HisP	K10017
b2309	HisJ	K10014
b0811	GlnH	K10036
b0810	GlnP	K10037
b0809	GlnQ	K10038
b0860	ArtJ	K09996
b0863	ArtI	K09997
b0861	ArtM	K09998
b0862	ArtQ	K09999
b0864	ArtP	K10000
b0655	GltI	K10001
b0653	GltK	K10002
b0654	GltJ	K10003
b0652	GltL	K10004
b3268	YhdW	K09969
b3269	YhdX	K09970
b3270	YhdY	K09971
b3271	YhdZ	K09972
b1920	FliY	K02424
b1918	YecS	K10009
b1917	YecC	K10010
b3458	LivK	K01999
b3460	LivJ	K01999
b3457	LivH	K01997
b3456	LivM	K01998
b3455	LivG	K01995
b3454	LivF	K01996
b0197	MetQ	K02073
b3661	NlpA	K02073
b0198	MetI	K02072
b0199	MetN	K02071
b3544	DppA	K12368
b3543	DppB	K12369
b3542	DppC	K12370
b3541	DppD	K12371
b3540	DppF	K12372
b1243	OppA	K02035
b1294	SapA	K02035
b1329	MppA	K02035
b1487	DdpA	K02035
b3020	YgiS	K02035
b3476	NikA	K02035
b1244	OppB	K02033
b1293	SapB	K02033
b1486	DdpB	K02033
b3477	NikB	K02033
b1245	OppC	K02034
b1292	SapC	K02034
b1485	DdpC	K02034
b3478	NikC	K02034
b1246	OppD	K02031
b1291	SapD	K02031
b1484	DdpD	K02031
b3479	NikD	K02031
b1247	OppF	K02032
b1290	SapF	K02032
b1483	DdpF	K02032
b3480	NikE	K02032
b0830	GsiB	K13889
b0831	GsiC	K13890
b0832	GsiD	K13891
b0829	GsiA	K13892
b2177	YejA	K13893
b2178	YejB	K13894
b2179	YejE	K13895
b2180	YejF	K13896
b0152	FhuD	K02016
b0592	FepB	K02016
b4290	FecB	K02016
b0153	FhuB	K02015
b0589	FepG	K02015
b0590	FepD	K02015
b4288	FecD	K02015
b4289	FecC	K02015
b0151	FhuC	K02013
b0588	FepC	K02013
b4287	FecE	K02013
b0158	BtuF	K06858
b1711	BtuC	K06073
b1709	BtuD	K06074
b1857	ZnuA	K09815
b1859	ZnuB	K09816
b1858	ZnuC	K09817
b0128	YadH	K09686
b0792	YbhR	K09686
b0793	YbhS	K09686
b3485	YhhJ	K09686
b0127	YadG	K09687
b1116	LolC	K09808
b1118	LolE	K09808
b1117	LolD	K09810
b2198	CcmD	K02196
b2199	CcmC	K02195
b2200	CcmB	K02194
b2201	CcmA	K02193
b3462	FtsX	K09811
b3463	FtsE	K09812
b4261	LptF	K07091
b4262	LptG	K11720
b3201	LptB	K06861
b0914	MsbA	K11085
b0449	MdlB	K06148
b0886	CydC	K06148
b0887	CydD	K06148
b0879	MacB	K05685
b2211	YojI	K06159
b1496	YddA	K02471
b2383	FryA	K08483
b2416	PtsI	K08483
b3947	PtsA	K08483
b2415	PtsH	K02784
b2417	Crr	K02777
b1101	PtsG	K02778
b0679	NagE	K02802
b1621	MalX	K02790
b3722	BglF	K02755
b2715	AscF	K02752
b4240	TreB	K02818
b2429	MurP	K11191
b3683	GlvC	K02750
b1736	ChbA	K02759
b1738	ChbB	K02760
b1737	ChbC	K02761
b2934	CmtB	K02798
b3599	MtlA	K02798
b2933	CmtA	K02799
b0731	MngA	K11198
b1817	ManX	K02793
b1818	ManY	K02795
b1819	ManZ	K02796
b3133	AgaV	K02745
b3138	AgaB	K10984
b3139	AgaC	K10985
b3140	AgaD	K10986
b2704	SrlB	K02781
b2703	SrlE	K02782
b2702	SrlA	K02783
b2094	GatA	K02773
b4302	SgcA	K02773
b2093	GatB	K02774
b4565	SgcB	K02774
b2092	GatC	K02775
b4304	SgcC	K02775
b0129	YadI	K02821
b4195	UlaC	K02821
b4194	UlaB	K02822
b4193	UlaA	K03475
b2169	FruB	K02768
b2167	FruA	K02769
b2829	PtsP	K08484
b3206	Npr	K08485
b3204	PtsN	K02806
b3035	TolC	K12340
b3325	GspD	K02453
b2970	YghF	K02452
b3324	GspC	K02452
b3327	GspF	K02455
b3328	GspG	K02456
b3329	GspH	K02457
b3330	GspI	K02458
b3331	GspJ	K02459
b3332	GspK	K02460
b2969	YghE	K02461
b3333	GspL	K02461
b2968	YghD	K02462
b3334	GspM	K02462
b3326	GspE	K02454
b3335	GspO	K02464
b0408	SecD	K03072
b0409	SecF	K03074
b3981	SecE	K03073
b3175	SecG	K03075
b3300	SecY	K03076
b0407	YajC	K03210
b3705	YidC	K03217
b0098	SecA	K03070
b0097	SecM	K13301
b3464	FtsY	K03110
b3609	SecB	K03071
b2610	Ffh	K03106
b3836	TatA	K03116
b3838	TatB	K03117
b3839	TatC	K03118
b0627	TatE	K03425
b0400	PhoR	K07636
b0399	PhoB	K07657
b0383	PhoA	K01077
b3728	PstS	K02040
b1129	PhoQ	K07637
b1130	PhoP	K07660
b3404	EnvZ	K07638
b3405	OmpR	K07659
b2215	OmpC	K09475
b0929	OmpF	K09476
b1609	RstB	K07639
b1608	RstA	K07661
b3911	CpxA	K07640
b3912	CpxR	K07662
b0161	DegP	K04771
b4399	CreC	K07641
b4398	CreB	K07663
b2078	BaeS	K07642
b2079	BaeR	K07664
b2074	MdtA	K07799
b2075	MdtB	K07788
b2076	MdtC	K07789
b4112	BasS	K07643
b4113	BasR	K07771
b2253	ArnB	K07806
b0570	CusS	K07644
b0571	CusR	K07665
b0572	CusC	K07796
b0573	CusF	K07810
b0574	CusB	K07798
b0575	CusA	K07787
b3026	QseC	K07645
b3025	QseB	K07666
b1892	FlhD	K02403
b1891	FlhC	K02402
b1923	FliC	K02406
b1922	FliA	K02405
b1890	MotA	K02556
b0695	KdpD	K07646
b0694	KdpE	K07667
b0698	KdpA	K01546
b0697	KdpB	K01547
b0696	KdpC	K01548
b4513	KdpF	K01545
b0993	TorS	K07647
b0995	TorR	K07772
b0996	TorC	K03532
b0997	TorA	K07811
b0998	TorD	K03533
b3210	ArcB	K07648
b4401	ArcA	K07773
b3702	DnaA	K02313
b0619	DpiB	K07700
b0620	DpiA	K07702
b0617	CitD	K01646
b0616	CitE	K01644
b0615	CitF	K01643
b0614	CitX	K05964
b0613	CitG	K05966
b0612	CitT	K09477
b0564	AppY	K07780
b4125	DcuS	K07701
b4124	DcuR	K07703
b4123	DcuB	K07792
b1479	MaeA	K00027
b1222	NarX	K07673
b1221	NarL	K07684
b2469	NarQ	K07674
b2193	NarP	K07685
b1224	NarG	K00370
b1225	NarH	K00371
b1226	NarJ	K00373
b1227	NarI	K00374
b1474	FdnG	K08348
b1475	FdnH	K08349
b1476	FdnI	K08350
b4154	FrdA	K00244
b4153	FrdB	K00245
b4152	FrdC	K00246
b4151	FrdD	K00247
b3667	UhpC	K07783
b3668	UhpB	K07675
b3669	UhpA	K07686
b3666	UhpT	K07784
b0196	RcsF	K06080
b2218	RcsC	K07677
b2216	RcsD	K07676
b1951	RcsA	K07781
b2217	RcsB	K07687
b2786	BarA	K07678
b1914	UvrY	K07689
b1916	SdiA	K07782
b2696	CsrA	K03563
b2370	EvgS	K07679
b2369	EvgA	K07690
b2368	EmrK	K07797
b2367	EmrY	K07786
b0535	FimZ	K07688
b4150	AmpC	K01467
b0167	GlnD	K00990
b2553	GlnB	K04751
b3869	GlnL	K07708
b3868	GlnG	K07712
b3870	GlnA	K01915
b4003	ZraS	K07709
b4004	ZraR	K07713
b4002	ZraP	K07803
b2219	AtoS	K07710
b2220	AtoC	K07714
b2221	AtoD	K01034
b2222	AtoA	K01035
b2223	AtoE	K02106
b2224	AtoB	K00626
b2844	YqeF	K00626
b3528	DctA	K11103
b2556	GlrK	K07711
b2554	GlrR	K07715
b1884	CheR	K00575
b4355	Tsr	K05874
b1886	Tar	K05875
b1421	Trg	K05876
b1885	Tap	K05877
b3072	Aer	K03776
b1887	CheW	K03408
b1888	CheA	K03407
b1882	CheY	K03413
b1883	CheB	K03412
b3357	Crp	K10914
b3202	RpoN	K03092
b4355	Tsr	K05874
b1886	Tar	K05875
b1421	Trg	K05876
b1885	Tap	K05877
b3072	Aer	K03776
b4034	MalE	K10108
b3751	RbsB	K10439
b2150	MglB	K10540
b3544	DppA	K12368
b1888	CheA	K03407
b1887	CheW	K03408
b1882	CheY	K03413
b1881	CheZ	K03414
b1883	CheB	K03412
b1884	CheR	K00575
b1939	FliG	K02410
b1945	FliM	K02416
b1946	FliN	K02417
b1890	MotA	K02556
b0230	LafU	K02557
b1889	MotB	K02557
b0229	LfhA	K02400
b1879	FlhA	K02400
b1880	FlhB	K02401
b1950	FliR	K02421
b1949	FliQ	K02420
b1948	FliP	K02419
b1947	FliO	K02418
b1946	FliN	K02417
b1945	FliM	K02416
b0230	LafU	K02557
b1889	MotB	K02557
b1890	MotA	K02556
b1891	FlhC	K02402
b1892	FlhD	K02403
b1076	FlgE	K02390
b1075	FlgD	K02389
b1943	FliK	K02414
b1942	FliJ	K02413
b1941	FliI	K02412
b1940	FliH	K02411
b1939	FliG	K02410
b1938	FliF	K02409
b1937	FliE	K02408
b1074	FlgC	K02388
b1073	FlgB	K02387
b1072	FlgA	K02386
b1071	FlgM	K02398
b1070	FlgN	K02399
b1077	FlgF	K02391
b1078	FlgG	K02392
b1079	FlgH	K02393
b1080	FlgI	K02394
b1082	FlgK	K02396
b1083	FlgL	K02397
b1923	FliC	K02406
b1924	FliD	K02407
b1925	FliS	K02422
b1926	FliT	K02423
b0421	IspA	K00795
b3187	IspB	K02523
b0174	IspU	K00806
b4171	MiaA	K00791
b3930	MenA	K02548
b4040	UbiA	K03179
b0428	CyoE	K02301
