SPAC6F12.13c	Fps1	K00787
SPBC36.06c	Spo9	K00787
SPBPJ4664.01	Dps1	K05355
SPBC646.05c	Erg9	K00801
SPAC343.15	Tit1	K00791
SPAC56F8.04c	Coq2	K06125
SPBC365.02c	Cox10	K02257
SPAPB1A10.04c	Cwp1	K05955
SPAC17G6.04c	Cpp1	K05954
SPAC2E1P5.04c	Cwg2	K11713
SPAC167.02	Ptb1	K05956
SPBC337.08c	Ubi4	K08770
SPAC19B12.04	Rps3001	K02983
SPBC19G7.03c	Rps3002	K02983
SPBC365.06	Pmt3	K12160
SPBP8B7.24c	Atg8	K08341
SPAC1783.06c	Atg12	K08336
SPCC548.04	Urm1	K12161
SPBC1604.21c	Ptr3	K03178
SPAC4C5.04	Rad31	K10684
SPBC16H5.03c	Fub2	K10685
SPAC24H6.12c	Uba3	K10686
SPAC323.06c	Uba5	K04532
SPAC18B11.07c	Rhp6	K10573
SPCC1259.15c	Ubc11	K06688
SPAC1250.03	Ubc14	K06689
SPBC119.02	Ubc4	K06689
SPBC1105.09	Ubc15	K10575
SPBP16F5.04	Ubc7	K04555
SPBC211.07c	Ubc8	K10576
SPAC10F6.05c	Ubc6	K04554
SPAC11E3.04c	Ubc13	K10580
SPBC2D10.20	Ubc1	K04649
SPBC1198.09	Ubc16	K10689
SPAC30D11.13	Hus5	K10577
SPCC777.10c	Ubc12	K10579
SPBC3B9.06c	Apg3	K08343
SPAC11G7.02	Pub1	K10591
SPAC1805.15c	Pub2	K10591
SPBC16E9.11c	Pub3	K10591
SPAC19D5.04	Ptr1	K10592
SPBP8B7.27	Mug30	K12232
SPAC20H4.10	Ufd2	K10597
SPAC21E11.05c	Cyp8	K10598
SPAC29A4.08c	Prp19	K10599
SPCC1919.15	Brl1	K10696
SPCC970.10c	Brl2	K10696
SPBC14F5.07	Doa10	K10661
SPAC1002.14	Itt1	K11971
SPAC15A10.11	Ubr11	K10625
SPBC19C7.02	Ubr1	K10625
SPBC4.05	Mlo2	K11979
SPAC16C9.04c	Mot2	K10643
SPBC1734.06	Rhp18	K10627
SPAC167.03c	Snu66	K11984
SPBC17D11.02c	Hrd1	K10601
SPAC1687.05	Pli1	K04706
SPAC23H4.18c	Rbx1	K03868
SPAC23H4.18c	Rbx1	K03868
SPAC17G6.12	Cul1	K03347
SPBC409.05	Skp1	K03094
SPAC29E6.01	Pof11	K03362
SPAC57A10.05c	Pof1	K10259
SPAC4D7.03	Pop2	K03361
SPBC1718.01	Pop1	K03361
SPCC622.16c	Epe1	K10276
SPBC25B2.11	Pof2	K03360
SPCC1827.08c	Pof7	K10295
SPAC23H4.18c	Rbx1	K03868
SPAC23H4.18c	Rbx1	K03868
SPAC24H6.03	Cul3	K03869
SPAC23H4.18c	Rbx1	K03868
SPAC17H9.10c	Ddb1	K10610
SPAC23H4.18c	Rbx1	K03868
SPBC409.05	Skp1	K03094
SPAC343.03	Apc11	K03358
SPBP23A10.04	Apc2	K03349
SPAC821.08c	Slp1	K03363
SPAC144.13c	Srw1	K03364
SPBC106.09	Cut4	K03348
SPAC17C9.01c	Nuc2	K03350
SPAC19G12.01c	Cut20	K03351
SPAC959.09c	Apc5	K03352
SPAC6F12.15c	Cut9	K03353
SPAC6F12.14	Cut23	K03355
SPBC1A4.01	Apc10	K03357
SPAC644.14c	Rhp51	K04482
SPAC27F1.03c	Uch1	K05609
SPBC409.06	Uch2	K05610
SPCC1494.05c	Ubp12	K11835
SPBC6B1.06c	Ubp14	K11836
SPBC713.02c	Ubp21	K11838
SPCC188.08c	Ubp22	K11838
SPBC18H10.08c	Ubp4	K11839
SPBP8B7.21	Ubp3	K11841
SPAC6G9.08	Ubp6	K11843
SPAC23G3.08c	Ubp7	K11844
SPAC13A11.04c	Ubp8	K11366
SPAC328.06	Ubp2	K11849
SPCC1682.12c	Ubp16	K11855
SPCC16A11.12c	Ubp1	K11870
SPBC1703.12	Ubp9	K11872
SPAC31G5.13	Rpn11	K03030
SPAC19B12.10	Sst2	K11866
SPBC19G7.09	Ulp1	K08592
SPAC17A5.07c	Ulp2	K08596
SPAC27F1.03c	Uch1	K05609
SPBC215.03c	Csn1	K12175
SPAPB17E12.04c	Csn2	K12176
SPAC1687.13c	Csn5	K09613
SPCC1442.06	Pre8	K02726
SPBC106.16	Pre6	K02731
SPAC323.02c	Pup2	K02729
SPCC1795.04c	Pre10	K02727
SPBC4C3.10c	Pre3	K02738
SPAC23D3.07	Pup1	K02739
SPCC63.12c	Pup3	K02735
SPAC4A8.13c	Pts1	K02737
SPAC22F8.06	Pam1	K02732
SPBC16C6.07c	Rpt1	K03061
SPBC4.07c	Rpt2	K03062
SPCC576.10c	Rpt3	K03063
SPCC1682.16	Rpt4	K03064
SPAC3A11.12c	Rpt5	K03065
SPBC23G7.12c	Rpt6	K03066
SPBP19A11.03c	Mts4	K03028
SPBC17D11.07c	Rpn2	K03032
SPBC119.01	Rpn3	K03033
SPAC1420.03	Rpn501	K03035
SPAPB8E5.02c	Rpn502	K03035
SPAC23G3.11	Rpn6	K03036
SPBC582.07c	Rpn7	K03037
SPCC1682.10	Rpn8	K03038
SPAC607.05	Rpn9	K03039
SPAC637.10c	Rpn10	K03029
SPAC31G5.13	Rpn11	K03030
SPBC16G5.01	Rpn12	K03031
SPAC3G6.02	Dss1	K10881
SPCC14G10.03c	Ump1	K11599
SPBC646.09c	Int6	K03250
SPAC13G7.02c	Ssa1	K03283
SPCC1739.13	Ssa2	K03283
SPAC926.04c	Hsp90	K04079
SPAC2C4.11c	Rbp28	K11884
SPBC2D10.12	Rhp23	K10839
SPAC26A3.16	Dph1	K04523
SPAC56F8.08	Mud1	K11885
SPAC17C9.13c	Cut8	K11888
SPCC13B11.01	Adh1	K13953
SPAC5H10.06c	Adh4	K13954
SPAC13F5.03c	Gld1	K00005
SPAC23D3.04c	Gpd2	K00006
SPBC215.05	Gpd1	K00006
SPBC1773.05c	Tms1	K00008
SPBC1711.13	His2	K00013
SPAC1834.02	Aro1	K13830
SPCC162.09c	Hmg1	K00021
SPCC794.12c	Mae2	K00027
SPAC11G7.03	Idh1	K00030
SPBC902.05c	Idh2	K00030
SPAC6G10.08	Idp1	K00031
SPAC3A12.18	Zwf1	K00036
SPAC9E9.11	Plr1	K05275
SPBC1A4.02c	Leu1	K00052
SPBC56F2.12	Ilv5	K00053
SPAC23D3.11	Ayr1	K06123
SPBC2F12.14c	Gua1	K00088
SPBC1709.07	Erg27	K09827
SPCC1223.03c	Gut2	K00111
SPCC550.10	Meu8	K00130
SPBC32F12.11	Tdh1	K00134
SPBC354.12	Gpd3	K00134
SPAP7G5.04c	Lys1	K00143
SPAC4G9.09c	Arg11	K12659
SPAC821.11	Pro1	K00147
SPAC26F1.03	Pda1	K00161
SPBC30D10.13c	Pdb1	K00162
SPCC1494.04c	Tyr1	K00211
SPAC26F1.04c	Etr1	K07512
SPBC16G5.18	Erg24	K00222
SPAC20G4.07c	Sts1	K00223
SPAC57A10.12c	Ura3	K00226
SPAC222.11	Hem13	K00228
SPAC1F5.07c	Hem14	K00231
SPAC1556.02c	Sdh1	K00234
SPAC140.01	Sdh2	K00235
SPCC330.12c	Sdh3	K00236
SPBP23A10.16	Sdh4	K00237
SPAPB1E7.07	Glt1	K00264
SPAPB1E7.07	Glt1	K00264
SPAC2E1P3.04	Cao1	K00276
SPBC1289.16c	Cao2	K00276
SPAC13G6.06c	Gcv2	K00281
SPCC1223.08c	Dfr1	K00287
SPBC2G2.08	Ade9	K00288
SPAC227.18	Lys3	K00290
SPAC343.10	Met11	K00297
SPAC56F8.10	Met9	K00297
SPBC29A10.01	Ccr1	K00327
SPAC10F6.01c	Sir1	K00381
SPAC1002.09c	Dld1	K00382
SPBC17A3.07	Pgr1	K00383
SPBC3F6.03	Trr1	K00384
SPAC13G7.06	Met16	K00390
SPBC106.02c	Srx1	K12260
ScpofMp01	Cox1	K02256
ScpofMp10	Cox2	K02261
SPCC338.10c	Cox5	K02263
SPAC1B2.04	Cox6	K02264
SPAC1296.02	Cox4	K02265
SPCC1739.09c	Cox13	K02266
SPCC1442.08c	Cox12	K02267
SPCC1259.05c	Cox9	K02269
SPAC24C9.16c	Cox8	K02272
SPBC16H5.06	Rip1	K00411
ScpofMp04	Cob	K00412
SPBC29A3.18	Cyt1	K00413
SPCC613.10	Qcr2	K00415
SPBC16C6.08c	Qcr6	K00416
SPCC737.02c	Qcr7	K00417
SPAC1782.07	Qcr8	K00418
SPBP4H10.08	Qcr10	K00420
SPCC757.07c	Ctt1	K03781
SPBC32F12.03c	Gpx1	K00432
SPCC622.16c	Epe1	K10276
SPAC13A11.02c	Erg11	K05917
SPAC630.08c	Erg25	K07750
SPBC146.12	Coq6	K06126
SPBC337.15c	Coq7	K06134
SPBC713.12	Erg1	K00511
SPAC30C2.02	Mmd1	K06072
SPAC19A8.04	Erg5	K00517
SPBC3B8.07c	Dsd1	K04712
SPAC821.10c	Sod1	K04565
SPAC1F7.05	Cdc22	K10807
SPBC25D12.04	Suc22	K10808
SPBC3B8.01c	Arh1	K00528
SPAC1F7.08	Fio1	K00540
SPBC1709.06	Dus2	K05543
SPAC16.04	Dus3	K05544
SPAC9.09	Met26	K00549
SPBC337.16	Cho1	K00550
SPBC26H8.03	Cho2	K00551
SPBC25D12.05	Trm1	K00555
SPCPB16A4.04c	Trm8	K03439
SPAC9G1.12	Cpd1	K07442
SPBC19C2.02	Pmt1	K00558
SPBC16E9.05	Erg6	K00559
SPBC428.08c	Clr4	K11419
SPCC306.04c	Set1	K11422
SPAC29B12.02c	Set2	K11423
SPCC4B3.12	Set9	K11429
SPCC330.10	Pcm1	K00565
SPAC869.08	Pcm2	K00573
SPAC10F6.12c	Mam4	K00587
SPCC162.05	Coq3	K00591
SPBC16H5.11c	Skb1	K02516
SPAC1687.11	Spb1	K00599
SPBC2G2.15c	Mrm2	K02427
SPCC4G3.04c	Coq5	K06127
SPAC890.07c	Rmt1	K11434
SPBC8D2.10c	Rmt3	K11436
SPAC2G11.15c	Tgs1	K14292
SPAC18G6.04c	Shm2	K00600
SPCPB16A4.03c	Ade10	K00602
SPAC1805.09c	Fmt1	K00604
SPAC31G5.14	Gcv1	K00605
SPAC22G7.06c	Ura1	K11541
SPAC4G9.10	Arg3	K00611
SPCC1020.06c	Tal1	K00616
SPBP35G2.07	Ilv1	K01652
SPBC725.14	Arg6	K00618
SPBC215.09c	Erg10	K00626
SPBC106.17c	Cys2	K00641
SPBC56F2.11	Met6	K00641
SPAC2F3.09	Hem1	K00643
SPAC1952.05	Gcn5	K06062
SPAC29A4.20	Elp3	K07739
SPAC139.06	Hat1	K11303
SPAC637.12c	Mst1	K11304
SPBC8D2.07c	Sfc9	K11310
SPAC17G8.13c	Mst2	K11378
SPAC21E11.08	Lcb2	K00654
SPAC4A8.11c	Fas2	K00667
SPAC926.09c	Fas1	K00668
SPBC776.14	Plh1	K00679
SPAC56E4.06c	Ggt2	K00681
SPAC664.09	Ggt1	K00681
SPAC6C3.04	Cit1	K01647
SPAC4F8.14c	Hcs1	K01641
SPBC1105.02c	Lys4	K01655
SPAC144.10c	Gwt1	K05283
SPAC19G12.15c	Tpp1	K00697
SPAC328.03	Tps1	K00697
SPAC13G6.12c	Chs1	K00698
SPAC19B12.03	Bgs3	K00706
SPAC24C9.07c	Bgs2	K00706
SPBC19G7.05c	Bgs1	K00706
SPCC1840.02c	Bgs4	K00706
SPAC31G5.16c	Dpm1	K00721
SPAC22A12.07c	Ogm1	K00728
SPAPB1E7.09	Ogm2	K00728
SPBC16C6.09	Ogm4	K00728
SPBC56F2.10c	Alg5	K00729
SPBC1271.02	Stt3	K07151
SPAC7D4.06c	Alg3	K03845
SPBC1734.12c	Alg12	K03847
SPBC11B10.01	Alg2	K03843
SPAC56E4.02c	Alg13	K07432
SPAC23C4.14	Alg1	K03842
SPAC1527.01	Mok11	K00749
SPBC16D10.05	Mok13	K00749
SPBC32H8.13c	Mok12	K00749
SPCC1281.01	Ags1	K00749
SPCC63.04	Mok14	K00749
SPBC3D6.07	Gpi3	K03857
SPAC1006.05c	Och1	K05528
SPBC11B10.01	Alg2	K03843
SPCC330.08	Alg11	K03844
SPAC1834.05	Alg9	K03846
SPBC342.01c	Alg6	K03848
SPAC17C9.07	Alg8	K03849
SPAC56F8.06c	Alg10	K03850
SPBC13E7.05	Gpi14	K05284
SPCC16A11.06c	Gpi10	K05286
SPAC4F10.10c	Mnn9	K05529
SPAC18B11.05	Gpi18	K07542
SPCC736.04c	Gma12	K10971
SPBPJ4664.06	Gpt1	K11718
SPAC23A1.03	Apt1	K00759
SPAC1002.17c	Urg2	K00761
SPBC725.15	Ura5	K00762
SPAC4D7.08c	Ade4	K00764
SPAC25G10.05c	His1	K00765
SPBC16G5.08	Trp4	K00766
SPBC418.01c	His4	K01663
SPAC6F12.13c	Fps1	K00787
SPBC36.06c	Spo9	K00787
SPAC23H4.10c	Thi4	K14154
SPBC14F5.05c	Sam1	K00789
SPAC6F12.13c	Fps1	K00787
SPBC36.06c	Spo9	K00787
SPAC1834.02	Aro1	K13830
SPBC646.05c	Erg9	K00801
SPAC3A12.17c	Cys12	K01738
SPBC36.04	Cys11	K01738
SPAC17G6.04c	Cpp1	K05954
SPAPB1A10.04c	Cwp1	K05955
SPAPB1A10.04c	Cwp1	K05955
SPAC2E1P5.04c	Cwg2	K11713
SPAC167.02	Ptb1	K05956
SPAC24B11.13	Hem3	K01749
SPAC343.15	Tit1	K00791
SPBPJ4664.01	Dps1	K05355
SPBPJ4664.01	Dps1	K05355
SPBC365.02c	Cox10	K02257
SPAC56F8.04c	Coq2	K06125
SPBC11B10.02c	His3	K00817
SPCC777.09c	Arg1	K00818
SPAC19D5.07	Uga1	K13524
SPAC19D5.07	Uga1	K13524
SPBC428.02c	Eca39	K00826
SPCC11E10.02c	Gpi8	K05290
SPAC24H6.04	Hxk1	K00844
SPAC4F8.07c	Hxk2	K00844
SPBC16H5.02	Pfk1	K00850
SPAC1782.11	Met14	K00860
SPCC18.16c	Fmn1	K00861
SPAC22A12.11	Dak1	K00863
SPAC977.16c	Dak2	K00863
SPAC13G6.11c	Erg12	K00869
SPAC4H3.10c	Pyk1	K00873
SPAC23H4.10c	Thi4	K14154
SPAC22E12.16c	Pik1	K00888
SPAC19G12.14	Its3	K00889
SPAC1834.02	Aro1	K13830
SPAC23C11.04c	Pnk1	K08073
SPAC458.05	Pik3	K00914
SPBC3E7.01	Fab1	K00921
SPAC1687.15	Gsk3	K00924
SPAC17G8.14c	Pck1	K00924
SPAC1805.05	Cki3	K00924
SPAC1D4.13	Byr1	K00924
SPAC1F3.02c	Mkh1	K00924
SPAC23C4.12	Hhp2	K00924
SPAC2C4.14c	Ppk11	K00924
SPBC19C2.05	Ran1	K00924
SPBC21.06c	Cdc7	K00924
SPBC21.07c	Ppk24	K00924
SPBC4F6.06	Kin1	K00924
SPBP35G2.05c	Cki2	K00924
SPCC1322.08	Srk1	K00924
SPCC162.10	Ppk33	K00924
SPCC4G3.08	Psk1	K00924
SPBC14F5.04c	Pgk1	K00927
SPAC4G9.09c	Arg11	K12659
SPAC343.01c	Erg8	K00938
SPAC4G9.03	Adk1	K00939
SPAC806.07	Ndk1	K00940
SPCC70.07c	Tmp1	K00943
SPAC6F12.05c	Tnr3	K00949
SPBC27.08c	Sua1	K00958
SPBC4C3.05c	Nuc1	K02999
SPCC1259.03	Rpa12	K03000
SPBP23A10.07	Rpa2	K03002
SPBC3B9.07c	Rpa43	K03004
SPAC2F3.03c	Rpa49	K03005
SPBC28F2.12	Rpb1	K03006
SPAC23G3.01	Rpb2	K03010
SPBC651.08c	Rpc1	K03018
SPAC22A12.05	Rpc11	K03019
SPAC1687.01	Rpc19	K03020
SPAC4G9.08c	Rpc2	K03021
SPBC2G5.07c	Rpc25	K03022
SPAPB1E7.03	Rpc82	K03023
SPBC839.12	Rpc31	K03024
SPCC290.02	Rpc34	K03025
SPCC18.07	Rpc53	K03026
SPBC1289.07c	Rpc40	K03027
SPAC26H5.12	Rpo41	K10908
SPAC3H5.06c	Pol1	K02320
SPBC25H2.13c	Cdc20	K02324
SPBP8B7.14c	Dpb2	K02325
SPBC3D6.09	Dpb4	K02326
SPBC336.04	Cdc6	K02327
SPBC14C8.14c	Pol5	K02331
SPCC24B10.22	Pog1	K02332
SPAC688.10	Rev3	K02350
SPBC16A3.11	Eso1	K03509
SPCC553.07c	Mug40	K03511
SPAC12G12.13c	Cid14	K03514
SPAC2F7.06c	Pol4	K10981
SPCC1906.01	Mpg1	K00966
SPCC663.12	Cid12	K11700
SPBC1289.08	Uap1	K00972
SPAC6F12.09	Rdp1	K11699
SPBC29A3.14c	Trt1	K11126
SPBC2F12.08c	Ceg1	K00987
SPAC6B12.10c	Spp1	K02684
SPBC17D11.06	Spp2	K02685
SPBC1347.01c	Rev1	K03515
SPBC2G5.03	Ctu1	K14168
SPCC1442.12	Pps1	K00998
SPAC1D4.08	Pis1	K00999
SPBC15D4.04	Gpt2	K01001
SPAC17C9.02c	Lys7	K06133
SPCC1322.12c	Bub1	K02178
SPBC21C3.18	Spo4	K02214
SPBC776.12c	Hsk1	K02214
SPCC1259.13	Chk1	K02216
SPBC1347.06c	Cki1	K02218
SPBC3H7.15	Hhp1	K02218
SPAC23C11.11	Cka1	K03097
SPCC18B5.03	Wee1	K03114
SPBC1604.14c	Shk1	K04409
SPCC23B6.03c	Tel1	K04728
SPCC576.15c	Ksg1	K06276
SPBC216.05	Rad3	K06640
SPCC63.08c	Ppk36	K08269
SPCC24B10.07	Gad8	K08282
SPBC119.07	Ppk19	K08333
SPCC777.14	Prp4	K08827
SPBC530.14c	Dsk1	K08832
SPCC320.13c	Ark1	K08850
SPAC167.01	Ire1	K08852
SPBC6B1.02	Ppk30	K08853
SPAC3H1.13	Ppk13	K08856
SPAC19E9.02	Fin1	K08857
SPAC20G4.03c	Hri1	K08860
SPAC222.07c	Hri2	K08860
SPBC36B7.09	Gcn2	K08860
SPCC74.03c	Ssp2	K12761
SPAC3C7.06c	Pit1	K12765
SPAPB18E9.02c	Ppk18	K12767
SPAC14C4.03	Mek1	K12776
SPBC106.10	Pka1	K04345
SPBC12D12.04c	Pck2	K02677
SPCC297.03	Ssp1	K07359
SPAC23C11.16	Plo1	K06631
SPBC19F8.07	Mcs6	K02202
SPBC11B10.09	Cdc2	K04563
SPCC16C4.11	Pef1	K06655
SPAC1D4.06c	Csk1	K07760
SPAC23H4.17c	Srb10	K07760
SPAC2F3.15	Lsk1	K08819
SPAC31G5.09c	Spk1	K04371
SPAC24B11.06c	Sty1	K04441
SPBC119.08	Pmk1	K08293
SPAC9G1.02	Wis4	K11230
SPAC1D4.11c	Lkh1	K08287
SPAC2F7.03c	Pom1	K08825
SPBC106.01	Mph1	K08866
SPBC543.07	Pek1	K08294
SPBC409.07c	Wis1	K11227
SPAC27E2.09	Mak2	K02486
SPCC74.06	Mak3	K02486
SPCC1235.02	Bio2	K01012
SPBC21D10.11c	Nfs1	K04487
SPAC1A6.04c	Plb1	K13333
SPBC106.11c	Plg7	K01062
SPAC13A11.04c	Ubp8	K11366
SPCC1494.05c	Ubp12	K11835
SPBC6B1.06c	Ubp14	K11836
SPBC713.02c	Ubp21	K11838
SPCC188.08c	Ubp22	K11838
SPBC18H10.08c	Ubp4	K11839
SPBP8B7.21	Ubp3	K11841
SPAC6G9.08	Ubp6	K11843
SPAC23G3.08c	Ubp7	K11844
SPAC328.06	Ubp2	K11849
SPCC1682.12c	Ubp16	K11855
SPAC19B12.10	Sst2	K11866
SPCC16A11.12c	Ubp1	K11870
SPBC1703.12	Ubp9	K11872
SPAC24C9.14	Otu1	K13719
SPAC1071.12c	Stp1	K01078
SPBC428.03c	Pho4	K01078
SPBP4G3.02	Pho1	K01078
SPCC1753.04	Tol1	K01082
SPBC1198.14c	Fbp1	K03841
SPAC19G12.15c	Tpp1	K00697
SPAC3G6.09c	Tps2	K01087
SPAC2G11.07c	Ptc3	K01090
SPAC57A7.08	Pzh1	K01090
SPCC1223.11	Ptc2	K01090
SPCC1739.12	Ppe1	K01090
SPCC31H12.05c	Sds21	K01090
SPCC4F11.02	Ptc1	K01090
SPBP4H10.04	Ppb1	K04348
SPAC823.15	Ppa1	K04382
SPBC16H5.07c	Ppa2	K04382
SPBC776.02c	Dis2	K06269
SPAC23C11.04c	Pnk1	K08073
SPAC644.04	Pct1	K01098
SPBC15D4.15	Pho2	K01101
SPAC11E3.09	Pyp3	K01104
SPAC19D5.01	Pyp2	K01104
SPAC24H6.05	Cdc25	K01104
SPAC26F1.10c	Pyp1	K01104
SPAC1782.09c	Clp1	K06639
SPBC1685.01	Pmp1	K11240
SPBC609.02	Ptn1	K01110
SPAC22F8.11	Plc1	K01116
SPCC285.09c	Cgs2	K01120
SPCP31B10.05	Tdp1	K10862
SPAC1952.07	Rad1	K02830
SPAC22G7.04	Ubp13	K12571
SPBC119.11c	Pac1	K03685
SPBC336.06c	Rnh1	K03469
SPAC4G9.02	Rnh201	K10743
SPBC1105.16c	Rpr2	K03540
SPAC1D4.10	Trz2	K00784
SPBC3D6.03c	TrzL	K00784
SPBC19C7.07c	Sen34	K01170
SPAC23D3.14c	Aah2	K01176
SPBC16A3.13	Meu7	K01176
SPBC14C8.05c	Meu17	K01178
SPAPB24D3.10c	Agl1	K01187
SPBC1683.07	Mal1	K01187
SPAC1002.13c	Psu1	K01188
SPAC869.07c	Mel1	K07407
SPAC513.05	Ams1	K01191
SPCC191.11	Inv1	K01193
SPBC660.07	Ntp1	K01194
SPAC12B10.11	Exg2	K01210
SPAC26H5.08c	Bgl2	K01210
SPBC1105.05	Exg1	K01210
SPAC14C4.09	Agn1	K08254
SPBC646.06c	Agn2	K08254
SPAC1002.03c	Gls2	K05546
SPAC2E1P5.01c	Mns1	K01230
SPAPB24D3.04c	Mag1	K01247
SPBC14C8.03	Fma2	K01265
SPBC3E7.10	Fma1	K01265
SPAP8A3.12c	Tpp2	K01280
SPAC19G12.10c	Cpy1	K13289
SPAC27F1.03c	Uch1	K05609
SPBC409.06	Uch2	K05610
SPCC5E4.04	Cut1	K02365
SPACUNK4.12c	Mug138	K01408
SPBC16D10.03	Pgp2	K01409
SPCC1259.10	Pgp1	K01409
SPAC1F3.10c	Oct1	K01410
SPBC18E5.12c	Mas2	K01412
SPBP23A10.15c	Qcr1	K01412
SPCC1442.06	Pre8	K02726
SPCC1795.04c	Pre10	K02727
SPAC323.02c	Pup2	K02729
SPBC106.16	Pre6	K02731
SPAC22F8.06	Pam1	K02732
SPCC63.12c	Pup3	K02735
SPAC4A8.13c	Pts1	K02737
SPBC4C3.10c	Pre3	K02738
SPAC23D3.07	Pup1	K02739
SPAC1687.13c	Csn5	K09613
SPAC56F8.11	Spc3	K12948
SPBC1685.03	Sec11	K13280
SPAC1952.11c	Ure2	K01427
SPAPB2B4.01c	Gpi12	K03434
SPBC36.05c	Clr6	K06067
SPBC800.03	Clr3	K11407
SPAC3G9.07c	Hos2	K11483
SPBC16D10.07c	Sir2	K11121
SPCC132.02	Hst2	K11121
SPAC16.03c	Ura2	K01465
SPBP26C9.02c	Car1	K01476
SPBC1198.02	Dea2	K01488
SPAC1556.04c	Cdd1	K01489
SPBC106.04	Ada1	K01490
SPBC2G2.08	Ade9	K00288
SPCPB16A4.03c	Ade10	K00602
SPBC29A3.02c	His7	K11755
SPCC4G3.02	Aph1	K01518
SPBC29A3.02c	His7	K11755
SPAC824.08	Gda1	K01526
SPBC530.12c	Pdf1	K07252
SPAC13G6.01c	Rad8	K01529
SPAC31A2.07c	Dbp10	K01529
SPBC13G1.10c	Mug81	K01529
SPBC543.06c	Dbp8	K01529
SPAC4H3.05	Srs2	K03657
SPBC16D10.04c	Dna2	K10742
SPAC17A5.06	Ptr8	K10843
SPAC1D4.12	Rad15	K10844
SPAC15A10.03c	Rhp54	K10875
SPAC22F3.03c	Rdh54	K10877
SPAC9.05	Mfh1	K10896
SPAC2G11.12	Rqh1	K10901
SPBC83.08	Rvb2	K11338
SPAC1783.05	Hrp1	K11367
SPAC3G6.01	Hrp3	K11367
SPAC29B12.01	Ino80	K11665
SPAC11E3.01c	Swr1	K11681
SPCC1739.03	Hrr1	K11701
SPAC1250.01	Snf21	K11786
SPCC1620.14c	Snf22	K11786
SPAC9.03c	Brr2	K12854
SPBC29A3.01	Ccc2	K01533
SPAC1071.10c	Pma1	K01535
SPBC31E1.02c	Pmr1	K01537
SPBC839.06	Cta3	K01537
SPBC1604.07	Atp4	K02127
SPAC14C4.14	Atp1	K02132
SPAC222.12c	Atp2	K02133
SPBC13E7.04	Atp16	K02134
SPBC31F10.15c	Atp15	K02135
SPBC1734.13	Atp3	K02136
SPCC1840.06	Atp5	K02137
SPBC29A10.13	Atp7	K02138
SPBC1604.11	Atp17	K02139
SPAC23C4.11	Atp18	K02142
SPAC7D4.10	Vma13	K02144
SPAC343.05	Vma1	K02145
SPAC17A2.03c	Vma6	K02146
SPAC637.05c	Vma2	K02147
SPAPB2B4.05	Vma5	K02148
SPCC965.03	Vma8	K02149
SPAC11E3.07	Vma4	K02150
SPBC3B9.18c	Vma7	K02151
SPBC1289.05c	Vma10	K02152
SPAC16E8.07c	Vph1	K02154
SPAC1B3.14	Vma3	K02155
SPAC732.01	Vma11	K02155
SPAC2C4.13	Vma16	K03661
SPAC1142.06	Get3	K01551
SPAC1834.11c	Sec18	K06027
SPCC1795.11	Sum3	K11594
SPAC6F12.16c	Mtr4	K12598
SPBC776.09	Ste13	K12614
SPCC10H11.01	Prp11	K12811
SPAC17G6.14c	Uap56	K12812
SPBC19C2.01	Cdc28	K12813
SPBC1711.17	Prp16	K12815
SPAC10F6.02c	Prp22	K12818
SPBC16H5.10c	Prp43	K12820
SPBP8B7.16c	Dbp2	K12823
SPCC63.11	Prp28	K12858
SPAC1F7.02c	Has1	K13179
SPAC30D11.03	Ddx27	K13181
SPBC9B6.04c	Tuf1	K02358
SPAC23A1.10	Ef1A-b	K03231
SPBC839.15c	Ef1A-c	K03231
SPCC794.09c	Ef1A-a	K03231
SPAC513.01c	Eft201	K03234
SPCP31B10.07	Eft202	K03234
SPBC12C2.08	Dnm1	K01528
SPAC144.04c	Spe1	K01581
SPCC1322.13	Ade6	K11808
SPCC330.05c	Ura4	K01591
SPAC24C9.03	Mvd1	K01597
SPCC4B3.05c	Hem12	K01599
SPBC1539.09c	Trp1	K13501
SPBP4H10.05c	Spe2	K01611
SPAC23H3.09c	Gly1	K01620
SPBC19C2.07	Fba1	K01624
SPCC1442.09	Trp3	K01657
SPBC1539.09c	Trp1	K13501
SPBC418.01c	His4	K01663
SPCC18.18c	Fum1	K01679
SPAC1834.02	Aro1	K13830
SPBC1815.01	Eno101	K01689
SPBC21H7.07c	His5	K01693
SPAC19A8.15	Trp2	K01695
SPAC1805.06c	Hem2	K01698
SPAC9E9.03	Leu2	K01702
SPAC343.16	Lys2	K01705
SPBC30D10.16	Pha2	K01713
SPAC31G5.08	Ups1	K01719
SPAC27D7.04	Omt2	K01724
SPAC1834.02	Aro1	K13830
SPCC622.17	Apn1	K10771
SPBC3D6.10	Apn2	K10772
SPAC30D11.07	Nth1	K10773
SPBC1773.14	Arg7	K01755
SPBC14F5.09c	Ade8	K01756
SPBC12C2.12c	Glo1	K01759
SPBC19C7.03	Cyr1	K01768
SPCC320.09	Hem15	K01772
SPAC29B12.04	Snz1	K06215
SPBC359.02	Alr2	K01775
SPCC965.08c	Alr1	K01775
SPBC1347.02	FkbP39	K01802
SPBC28F2.03	Ppi1	K01802
SPBP8B7.25	Cyp4	K03768
SPAC1B3.03c	Wis2	K05864
SPBC1709.04c	Cyp3	K09567
SPBC839.17c	Fkh1	K09568
SPCC16C4.03	Pin1	K09578
SPAC21E11.05c	Cyp8	K10598
SPAC57A10.03	Cyp1	K12733
SPBC17G9.05	Rct1	K12735
SPCC553.04	Cyp9	K12736
SPBC16H5.05c	Cyp7	K12737
SPCC24B10.21	Tpi1	K01803
SPBC1604.05	Pgi1	K01810
SPBC1539.09c	Trp1	K13501
SPBC106.15	Idi1	K01823
SPAC26F1.06	Gpm1	K01834
SPAC1556.07	Pmm1	K01840
SPAC13G7.01c	Erg7	K01852
SPCC126.03	Pus1	K06173
SPBC1703.14c	Top1	K03163
SPBC16G5.12c	Top3	K03165
SPBC1A4.03c	Top2	K03164
SPAC20G8.07c	Erg2	K09829
SPCC1672.05c	Yrs1	K01866
SPAC2F7.13c	Wrs1	K01867
SPAC3G9.13c	Msw1	K01867
SPBC25H2.02	Trs1	K01868
SPAC26F1.13c	Lrs1	K01869
SPBC8D2.06	Irs1	K01870
SPBC17G9.03c	Krs1	K04567
SPAC23C11.09	Ala1	K01872
SPAC4A8.08c	Vas1	K01873
SPBC1709.02c	Vrs1	K01873
SPBC17A3.04c	Rar1	K01874
SPCC1223.07c	Drs1	K01876
SPAC3F10.03	Grs1	K01880
SPBC19C7.06	Prs1	K01881
SPBC342.02	Qrs1	K01886
SPBC25B2.09c	Mrs1	K01887
SPAC3G9.06	Frs2	K01889
SPAC23A1.12c	Frs1	K01890
SPBC2G2.12	Hrs1	K01892
SPBC1198.10c	Slm5	K01893
SPBC1773.10c	Nrs1	K01893
SPBC18H10.02	Lcf1	K01897
SPBP4H10.11c	Lcf2	K01897
SPAC23H4.06	Gln1	K01915
SPAC5H10.08c	Pan6	K01918
SPAC22F3.10c	Gcs1	K11204
SPAC3F10.04	Gsa1	K01920
SPBC409.10	Ade7	K01923
SPBC1604.21c	Ptr3	K03178
SPAC10F6.05c	Ubc6	K04554
SPBP16F5.04	Ubc7	K04555
SPBC2D10.20	Ubc1	K04649
SPCC1259.15c	Ubc11	K06688
SPAC1250.03	Ubc14	K06689
SPBC119.02	Ubc4	K06689
SPAC18B11.07c	Rhp6	K10573
SPBC1105.09	Ubc15	K10575
SPBC211.07c	Ubc8	K10576
SPAC30D11.13	Hus5	K10577
SPCC777.10c	Ubc12	K10579
SPAC11E3.04c	Ubc13	K10580
SPAC11G7.02	Pub1	K10591
SPAC1805.15c	Pub2	K10591
SPBC16E9.11c	Pub3	K10591
SPAC19D5.04	Ptr1	K10592
SPAC20H4.10	Ufd2	K10597
SPAC29A4.08c	Prp19	K10599
SPBC17D11.02c	Hrd1	K10601
SPAC15A10.11	Ubr11	K10625
SPBC19C7.02	Ubr1	K10625
SPBC1734.06	Rhp18	K10627
SPAC16C9.04c	Mot2	K10643
SPBC14F5.07	Doa10	K10661
SPAC4C5.04	Rad31	K10684
SPBC16H5.03c	Fub2	K10685
SPAC24H6.12c	Uba3	K10686
SPBC1198.09	Ubc16	K10689
SPCC1919.15	Brl1	K10696
SPCC970.10c	Brl2	K10696
SPAC1002.14	Itt1	K11971
SPBP8B7.27	Mug30	K12232
SPBC405.01	Ade1	K11788
SPAC10F6.03c	Cts1	K01937
SPBC2G2.08	Ade9	K00288
SPAC144.03	Ade2	K01939
SPBC428.05c	Arg12	K01940
SPBC405.01	Ade1	K11788
SPAC56E4.04c	Cut6	K11262
SPAP7G5.02c	Gua2	K01951
SPAC6F12.10c	Ade3	K01952
SPBC119.10	Asn1	K01953
SPBC215.08c	Arg4	K01955
SPBC56F2.09c	Arg5	K01956
SPAC22G7.06c	Ura1	K11541
SPBC17G9.11c	Pyr1	K01958
SPAC56E4.04c	Cut6	K11262
SPAC20G8.01	Cdc17	K10747
SPBC713.06	Adl1	K10747
SPCC1183.05c	Lig4	K10777
SPBC106.10	Pka1	K04345
SPBC12D12.04c	Pck2	K02677
SPAPB18E9.02c	Ppk18	K12767
SPCC576.15c	Ksg1	K06276
SPCC1259.13	Chk1	K02216
SPCC74.03c	Ssp2	K12761
SPAC14C4.03	Mek1	K12776
SPBC1347.06c	Cki1	K02218
SPBC3H7.15	Hhp1	K02218
SPAC23C11.11	Cka1	K03097
SPBC19F8.07	Mcs6	K02202
SPAC1D4.06c	Csk1	K07760
SPAC23H4.17c	Srb10	K07760
SPAC2F3.15	Lsk1	K08819
SPAC31G5.09c	Spk1	K04371
SPAC24B11.06c	Sty1	K04441
SPBC119.08	Pmk1	K08293
SPAC2F7.03c	Pom1	K08825
SPCC777.14	Prp4	K08827
SPAC3C7.06c	Pit1	K12765
SPBC530.14c	Dsk1	K08832
SPBC543.07	Pek1	K08294
SPBC409.07c	Wis1	K11227
SPBC1604.14c	Shk1	K04409
SPAC9G1.02	Wis4	K11230
SPCC320.13c	Ark1	K08850
SPCC1322.12c	Bub1	K02178
SPCC297.03	Ssp1	K07359
SPBC21C3.18	Spo4	K02214
SPBC776.12c	Hsk1	K02214
SPAC23C11.11	Cka1	K03097
SPAC167.01	Ire1	K08852
SPBC6B1.02	Ppk30	K08853
SPAC3H1.13	Ppk13	K08856
SPAC19E9.02	Fin1	K08857
SPAC20G4.03c	Hri1	K08860
SPAC222.07c	Hri2	K08860
SPBC36B7.09	Gcn2	K08860
SPAC23C11.16	Plo1	K06631
SPBC106.01	Mph1	K08866
SPCC63.08c	Ppk36	K08269
SPBC119.07	Ppk19	K08333
SPBC2D10.18	Abc1	K08869
SPCC23B6.03c	Tel1	K04728
SPBC216.05	Rad3	K06640
SPBC216.07c	Tor2	K07203
SPBC30D10.10c	Tor1	K07203
SPAC1F5.11c	Tra2	K08874
SPBP16F5.03c	Tra1	K08874
SPAC15A10.13	Ppk3	K08876
SPAC2G11.14	Taf111	K03125
SPAC27E2.09	Mak2	K02486
SPCC74.06	Mak3	K02486
SPCC663.03	Pmd1	K05658
SPAC15A10.01	Atm1	K05663
SPAC1F8.01	Ght3	K08139
SPBC1683.08	Ght4	K08139
SPBC4B4.08	Ght2	K08139
SPCC1235.13	Ght6	K08139
SPCC548.06c	Ght8	K08139
SPCC548.07c	Ght1	K08139
SPAC20G8.03	Itr2	K08150
SPAC4F8.15	Itr1	K08150
SPBC2G2.01c	Liz1	K03448
SPBC609.04	Caf5	K08158
SPAC2G11.13	Atg22	K06902
SPBC29A10.15	Orc1	K02603
SPBC685.09	Orc2	K02604
SPAC3H1.01c	Orp3	K02605
SPBP23A10.13	Orc4	K02606
SPBC646.14c	Orc5	K02607
SPBC428.18	Cdt1	K10727
SPBC14C8.07c	Cdc18	K02213
SPBC4.04c	Mcm2	K02540
SPCC1682.02c	Mcm3	K02541
SPCC16A11.17	Cdc21	K02212
SPBC211.04c	Mcm6	K02542
SPBC25D12.03c	Mcm7	K02210
SPBC21C3.18	Spo4	K02214
SPBC776.12c	Hsk1	K02214
SPCC550.13	Dfp1	K02309
SPBC725.13c	Psf2	K10733
SPBP4H10.21c	Sld5	K10735
SPAC23C4.18c	Rad4	K03507
SPAC6B12.11	Drc1	K10729
SPAC24H6.06	Sld3	K10731
SPAC17D4.02	Cdc45	K06628
SPBC1347.10	Cdc23	K10736
SPAC3H5.06c	Pol1	K02320
SPCC553.09c	Spb70	K02321
SPAC6B12.10c	Spp1	K02684
SPBC17D11.06	Spp2	K02685
SPBC25H2.13c	Cdc20	K02324
SPBP8B7.14c	Dpb2	K02325
SPBC3D6.09	Dpb4	K02326
SPBC336.04	Cdc6	K02327
SPAC27E2.05	Cdc1	K02328
SPBC1734.02c	Cdc27	K03504
SPBC12D12.02c	Cdm1	K03505
SPCC24B10.22	Pog1	K02332
SPBC660.13c	Ssb1	K07466
SPCC1753.01c	Ssb2	K10739
SPBC23E6.07c	Rfc1	K10754
SPAC1687.03c	Rfc4	K10755
SPAC23D3.02	Rfc2	K10755
SPAC27E2.10c	Rfc3	K10756
SPBC83.14c	Rfc5	K10756
SPBC336.06c	Rnh1	K03469
SPAC4G9.02	Rnh201	K10743
SPBC16D10.09	Pcn1	K04802
SPBC16D10.04c	Dna2	K10742
SPAC3G6.06c	Rad2	K04799
SPBC29A10.05	Exo1	K10746
SPAC20G8.01	Cdc17	K10747
SPBC713.06	Adl1	K10747
SPBC19C2.02	Pmt1	K00558
SPAC26H5.06	Pot1	K11109
SPBC16D10.07c	Sir2	K11121
SPCC132.02	Hst2	K11121
SPBC29A3.14c	Trt1	K11126
SPBC20F10.01	Gar1	K11128
SPAC1782.10c	Nhp2	K11129
SPAP27G11.13c	Nop10	K11130
SPBC29A3.14c	Trt1	K11126
SPAC26A3.08	Smb1	K11086
SPAC27D7.07c	Smd1	K11087
SPAC2C4.03c	Smd2	K11096
SPBC19C2.14	Smd3	K11088
SPBC11G11.06c	Sme1	K11097
SPBC3E7.14	Smf1	K11098
SPBC4B4.05	Smg1	K11099
SPBC947.11c	Elg1	K11134
SPAC1687.03c	Rfc4	K10755
SPAC23D3.02	Rfc2	K10755
SPAC27E2.10c	Rfc3	K10756
SPBC83.14c	Rfc5	K10756
SPAC13C5.07	Rad32	K10865
SPAC1556.01c	Rad50	K10866
SPCC23B6.03c	Tel1	K04728
SPAC2G11.12	Rqh1	K10901
SPCC970.01	Rad16	K10848
SPBC1703.14c	Top1	K03163
SPBC1A4.03c	Top2	K03164
SPBC16G5.12c	Top3	K03165
SPBC336.06c	Rnh1	K03469
SPAC10F6.09c	Psm3	K06669
SPAC926.09c	Fas1	K00668
SPAC4A8.11c	Fas2	K00667
SPBC3B8.07c	Dsd1	K04712
SPBC18H10.02	Lcf1	K01897
SPBP4H10.11c	Lcf2	K01897
SPAC23H3.13c	Gpa2	K04640
SPBC24C6.06	Gpa1	K04640
SPBC32H8.07	Git5	K07972
SPBC428.16c	Rhb1	K07208
SPAC17H9.09c	Ras1	K07974
SPAC110.03	Cdc42	K04393
SPAC16.01	Rho2	K07975
SPAC16A10.04	Rho4	K07975
SPAC1F7.04	Rho1	K07975
SPAC20H4.11c	Rho5	K07975
SPAC23C4.08	Rho3	K07975
SPBC1703.10	Ypt1	K07874
SPBC405.04c	Ypt7	K07897
SPAC9E9.07c	Ypt2	K07901
SPAC1565.06c	Spg1	K07976
SPAC18G6.03	Ypt3	K07976
SPAC1B3.11c	Ypt4	K07976
SPAC4C5.02c	Ryh1	K07976
SPAC6F6.15	Ypt5	K07976
SPAPB1A10.10c	Ypt71	K07976
SPBC1289.03c	Spi1	K07936
SPBC1539.08	Arf6	K07941
SPAC22F3.05c	Alp41	K07943
SPBC31F10.06c	Sar1	K07953
SPBC4F6.18c	Arf1	K07977
SPBC342.02	Qrs1	K01886
SPAC2F7.13c	Wrs1	K01867
SPAC3G9.13c	Msw1	K01867
SPCC1672.05c	Yrs1	K01866
SPBC25B2.09c	Mrs1	K01887
SPBC17A3.04c	Rar1	K01874
SPBC8D2.06	Irs1	K01870
SPAC4A8.08c	Vas1	K01873
SPBC1709.02c	Vrs1	K01873
SPAC26F1.13c	Lrs1	K01869
SPBC17G9.03c	Krs1	K04567
SPCC1223.07c	Drs1	K01876
SPBC1198.10c	Slm5	K01893
SPBC1773.10c	Nrs1	K01893
SPBC2G2.12	Hrs1	K01892
SPAC3F10.03	Grs1	K01880
SPBC19C7.06	Prs1	K01881
SPBC25H2.02	Trs1	K01868
SPAC23C11.09	Ala1	K01872
SPAC3G9.06	Frs2	K01889
SPAC23A1.12c	Frs1	K01890
SPBC11B10.02c	His3	K00817
SPAC2F3.09	Hem1	K00643
SPAC21E11.08	Lcb2	K00654
SPCC777.09c	Arg1	K00818
SPAC19D5.07	Uga1	K13524
SPBC428.02c	Eca39	K00826
SPBC725.02	Mpr1	K11232
SPBC887.10	Mcs4	K11233
SPAC27E2.09	Mak2	K02486
SPCC74.06	Mak3	K02486
SPAC8C9.14	Prr1	K02485
SPBC15D4.04	Gpt2	K01001
SPAC56E4.02c	Alg13	K07432
SPAC23C4.14	Alg1	K03842
SPBC11B10.01	Alg2	K03843
SPCC330.08	Alg11	K03844
SPAC7D4.06c	Alg3	K03845
SPBC1734.12c	Alg12	K03847
SPAC1834.05	Alg9	K03846
SPBC56F2.10c	Alg5	K00729
SPBC342.01c	Alg6	K03848
SPAC17C9.07	Alg8	K03849
SPAC56F8.06c	Alg10	K03850
SPBC1271.02	Stt3	K07151
SPAC31G5.16c	Dpm1	K00721
SPAC22A12.07c	Ogm1	K00728
SPAPB1E7.09	Ogm2	K00728
SPBC16C6.09	Ogm4	K00728
SPBC3D6.07	Gpi3	K03857
SPBC13E7.05	Gpi14	K05284
SPAC18B11.05	Gpi18	K07542
SPCC16A11.06c	Gpi10	K05286
SPAC4F10.10c	Mnn9	K05529
SPAC1006.05c	Och1	K05528
SPCC736.04c	Gma12	K10971
SPAC13G6.12c	Chs1	K00698
SPAC19B12.03	Bgs3	K00706
SPAC24C9.07c	Bgs2	K00706
SPBC19G7.05c	Bgs1	K00706
SPCC1840.02c	Bgs4	K00706
SPAC1527.01	Mok11	K00749
SPBC16D10.05	Mok13	K00749
SPBC32H8.13c	Mok12	K00749
SPCC1281.01	Ags1	K00749
SPCC63.04	Mok14	K00749
SPBPJ4664.06	Gpt1	K11718
SPAC19G12.15c	Tpp1	K00697
SPAC328.03	Tps1	K00697
SPAC110.04c	Pss1	K09485
SPAC926.04c	Hsp90	K04079
SPAC13G7.02c	Ssa1	K03283
SPCC1739.13	Ssa2	K03283
SPAC22A12.15c	Bip1	K09490
SPAC664.11	Ssc1	K04043
SPBC12D12.03	Cct1	K09493
SPAC1D4.04	Cct2	K09494
SPBC1A4.08c	Cct3	K09495
SPBC106.06	Cct4	K09496
SPAC1420.02c	Cct5	K09497
SPBC646.11	Cct6	K09498
SPBC25H2.12c	Cct7	K09499
SPBC337.05c	Cct8	K09500
SPAC12G12.04	Mcp60	K04077
SPAC6B12.08	Mug185	K09506
SPCC830.07c	Psi1	K09510
SPBC1778.01c	Zuo1	K09522
SPBC1734.05c	Spf31	K09528
SPBC36B7.03	Sec63	K09540
SPCC4G3.14	Mdj1	K03686
SPBC3E7.02c	Hsp16	K13993
SPBC3B9.19	Mge1	K03687
SPCC550.06c	Hsp10	K04078
SPBC215.02	Bob1	K04797
SPAC3C7.11c	Cnx1	K08054
SPCC645.14c	Sti1	K09553
SPBC9B6.10	Cdc37	K09554
SPAP8A3.12c	Tpp2	K01280
SPAC19G12.10c	Cpy1	K13289
SPBP8B7.25	Cyp4	K03768
SPAC1B3.03c	Wis2	K05864
SPBC1709.04c	Cyp3	K09567
SPAC57A10.03	Cyp1	K12733
SPAC21E11.05c	Cyp8	K10598
SPBC17G9.05	Rct1	K12735
SPCC553.04	Cyp9	K12736
SPBC16H5.05c	Cyp7	K12737
SPBC839.17c	Fkh1	K09568
SPCC16C4.03	Pin1	K09578
SPAC7D4.07c	Trx1	K03671
SPAC4F10.20	Grx1	K03676
SPAPB2B4.02	Grx5	K07390
SPAC56E4.06c	Ggt2	K00681
SPAC664.09	Ggt1	K00681
SPCC663.03	Pmd1	K05658
SPAC24B11.06c	Sty1	K04441
SPAC27E2.09	Mak2	K02486
SPCC74.06	Mak3	K02486
SPCC188.06c	Srp54	K03106
SPAC9G1.04	Oxa101	K03217
SPBP4H10.03	Oxa102	K03217
SPBC354.02c	Sec61	K10956
SPBC2G2.03c	Sbh1	K09481
SPAC4G8.02c	Sss1	K07342
SPAC17G6.09	Sec62	K12275
SPBC36B7.03	Sec63	K09540
SPBC409.21	Sec66	K12273
SPAC19B12.09	Srp14	K03104
SPCC126.15c	Sec65	K03105
SPCC188.06c	Srp54	K03106
SPCC1682.05c	Srp68	K03107
SPCC320.10	Srp72	K03108
SPAC23H4.07c	Srp102	K12272
SPAC11H11.04	Mam2	K11213
SPAC3F10.10c	Map3	K04627
SPCC1183.06	Ung1	K03648
SPCC965.05c	Thp1	K03649
SPAC26A3.02	Myh1	K03575
SPAC30D11.07	Nth1	K10773
SPCC622.17	Apn1	K10771
SPBC3D6.10	Apn2	K10772
SPBC336.04	Cdc6	K02327
SPAC27E2.05	Cdc1	K02328
SPBC1734.02c	Cdc27	K03504
SPBC12D12.02c	Cdm1	K03505
SPBC25H2.13c	Cdc20	K02324
SPBP8B7.14c	Dpb2	K02325
SPBC3D6.09	Dpb4	K02326
SPBC16D10.09	Pcn1	K04802
SPAC3G6.06c	Rad2	K04799
SPAC20G8.01	Cdc17	K10747
SPBC713.06	Adl1	K10747
SPCP31B10.05	Tdp1	K10862
SPAC23C11.04c	Pnk1	K08073
SPAC12B10.12c	Rhp41	K10838
SPCC4G3.10c	Rhp42	K10838
SPBC2D10.12	Rhp23	K10839
SPAC23H4.18c	Rbx1	K03868
SPAC17H9.10c	Ddb1	K10610
SPBC28F2.12	Rpb1	K03006
SPAC23G3.01	Rpb2	K03010
SPCC1442.10c	Rpb3	K03011
SPBC337.14	Rpb4	K03012
SPAC23C4.15	Rpb5	K03013
SPCC1020.04c	Rpb6	K03014
SPACUNK4.06c	Rpb7	K03015
SPBC14C8.12	Rpb8	K03016
SPAPYUG7.04c	Rpb9	K03017
SPAC1B3.12c	Rpb10	K03007
SPAC3A12.07	Rpb11	K03008
SPBC19C2.03	Rpc10	K03009
SPAC23H4.18c	Rbx1	K03868
SPAC17H9.10c	Ddb1	K10610
SPCP25A2.02c	Rhp26	K10841
SPAC17A5.06	Ptr8	K10843
SPAC1D4.12	Rad15	K10844
SPAC16E8.11c	Tfb1	K03141
SPCC1682.07	Ssl1	K03142
SPBC30B4.07c	Tfb4	K03143
SPBC13G1.13	Tfb2	K03144
SPBC32F12.15	Tfb5	K10845
SPBC19F8.07	Mcs6	K02202
SPBP16F5.02	Mcs2	K06634
SPBC776.18c	Pmh1	K10842
SPBC660.13c	Ssb1	K07466
SPCC1753.01c	Ssb2	K10739
SPBC649.03	Rhp14	K10847
SPBC4F6.15c	Swi10	K10849
SPCC970.01	Rad16	K10848
SPBC3E7.08c	Rad13	K10846
SPAC20G8.01	Cdc17	K10747
SPBC713.06	Adl1	K10747
SPBC19G7.01c	Msh2	K08735
SPAC8F11.03	Msh3	K08736
SPCC285.16c	Msh6	K08737
SPBC1703.04	Mlh1	K08734
SPBC336.04	Cdc6	K02327
SPAC27E2.05	Cdc1	K02328
SPBC1734.02c	Cdc27	K03504
SPBC12D12.02c	Cdm1	K03505
SPBC660.13c	Ssb1	K07466
SPCC1753.01c	Ssb2	K10739
SPBC23E6.07c	Rfc1	K10754
SPAC1687.03c	Rfc4	K10755
SPAC23D3.02	Rfc2	K10755
SPAC27E2.10c	Rfc3	K10756
SPBC83.14c	Rfc5	K10756
SPBC16D10.09	Pcn1	K04802
SPBC29A10.05	Exo1	K10746
SPAC20G8.01	Cdc17	K10747
SPBC713.06	Adl1	K10747
SPAC13C5.07	Rad32	K10865
SPAC1556.01c	Rad50	K10866
SPAC644.14c	Rhp51	K04482
SPAC8E11.03c	Dmc1	K10872
SPAC20H4.07	Rhp57	K10958
SPAC30D11.10	Rad22	K10873
SPBC119.14	Rti1	K10873
SPAC15A10.03c	Rhp54	K10875
SPAC22F3.03c	Rdh54	K10877
SPAC2G11.12	Rqh1	K10901
SPAC17A5.11	Rec12	K10878
SPAC3G6.02	Dss1	K10881
SPCC4G3.05c	Mus81	K08991
SPBC16G5.12c	Top3	K03165
SPBC409.03	Swi5	K10991
SPBC28F2.07	Sfr1	K10992
SPBC30D10.04	Swi3	K10998
SPCC126.02c	Pku70	K10884
SPBC543.03c	Pku80	K10885
SPAC13C5.07	Rad32	K10865
SPAC1556.01c	Rad50	K10866
SPCC1183.05c	Lig4	K10777
SPAC2F7.06c	Pol4	K10981
SPAC9.05	Mfh1	K10896
SPAC688.10	Rev3	K02350
SPBC16A3.11	Eso1	K03509
SPCC553.07c	Mug40	K03511
SPBC1347.01c	Rev1	K03515
SPAC18B11.07c	Rhp6	K10573
SPBC1734.06	Rhp18	K10627
SPCC338.05c	Mms2	K10704
SPAC11E3.04c	Ubc13	K10580
SPAC20G4.04c	Hus1	K10903
SPAC1952.07	Rad1	K02830
SPAC14C4.13	Rad17	K06662
SPAC1687.03c	Rfc4	K10755
SPAC23D3.02	Rfc2	K10755
SPAC27E2.10c	Rfc3	K10756
SPBC83.14c	Rfc5	K10756
SPAC1952.07	Rad1	K02830
SPBC216.06c	Swi1	K10997
SPBC30D10.04	Swi3	K10998
SPBC216.05	Rad3	K06640
SPCC23B6.03c	Tel1	K04728
SPCC1259.13	Chk1	K02216
SPCC18B5.11c	Cds1	K02831
SPAC1F7.05	Cdc22	K10807
SPBC25D12.04	Suc22	K10808
SPAC12G12.13c	Cid14	K03514
SPBC14C8.14c	Pol5	K02331
SPCC1183.06	Ung1	K03648
SPCC965.05c	Thp1	K03649
SPAPB24D3.04c	Mag1	K01247
SPAC26A3.02	Myh1	K03575
SPAC30D11.07	Nth1	K10773
SPAC4H3.05	Srs2	K03657
SPAC4H3.05	Srs2	K03657
SPAC23A1.04c	Mnl1	K10084
SPAC3C7.11c	Cnx1	K08054
SPAC1783.07c	Pap1	K09043
SPBC29B5.01	Atf1	K09046
SPAC21E11.03c	Pcr1	K09051
SPAC1565.04c	Ste4	K09062
SPAC3G9.14	Sak1	K09175
SPAC23E2.01	Fep1	K09184
SPCC1902.01	Gaf1	K09184
SPBC660.13c	Ssb1	K07466
SPAC6G10.12c	Ace2	K09238
SPBC1D7.02c	Scr1	K09467
SPAC13D6.02c	Byr3	K09250
SPAC2E12.02	Hsf1	K09419
SPBC1198.11c	Reb1	K09424
SPAC29E6.08	Tbp1	K03120
SPBC609.05	Pob3	K09272
SPAC13A11.02c	Erg11	K05917
SPAC24H6.04	Hxk1	K00844
SPAC4F8.07c	Hxk2	K00844
SPBC1604.05	Pgi1	K01810
SPBC16H5.02	Pfk1	K00850
SPBC1198.14c	Fbp1	K03841
SPBC19C2.07	Fba1	K01624
SPCC24B10.21	Tpi1	K01803
SPBC32F12.11	Tdh1	K00134
SPBC354.12	Gpd3	K00134
SPBC14F5.04c	Pgk1	K00927
SPAC26F1.06	Gpm1	K01834
SPBC1815.01	Eno101	K01689
SPAC4H3.10c	Pyk1	K00873
SPAC26F1.03	Pda1	K00161
SPBC30D10.13c	Pdb1	K00162
SPAC1002.09c	Dld1	K00382
SPCC13B11.01	Adh1	K13953
SPAC5H10.06c	Adh4	K13954
SPAC6C3.04	Cit1	K01647
SPAC6G10.08	Idp1	K00031
SPAC11G7.03	Idh1	K00030
SPBC902.05c	Idh2	K00030
SPAC1002.09c	Dld1	K00382
SPAC1556.02c	Sdh1	K00234
SPAC140.01	Sdh2	K00235
SPCC330.12c	Sdh3	K00236
SPBP23A10.16	Sdh4	K00237
SPCC18.18c	Fum1	K01679
SPBC17G9.11c	Pyr1	K01958
SPAC26F1.03	Pda1	K00161
SPBC30D10.13c	Pdb1	K00162
SPBC1604.05	Pgi1	K01810
SPAC3A12.18	Zwf1	K00036
SPCC1020.06c	Tal1	K00616
SPBC19C2.07	Fba1	K01624
SPBC16H5.02	Pfk1	K00850
SPBC1198.14c	Fbp1	K03841
SPAC1556.07	Pmm1	K01840
SPCC1906.01	Mpg1	K00966
SPAC24H6.04	Hxk1	K00844
SPAC4F8.07c	Hxk2	K00844
SPBC16H5.02	Pfk1	K00850
SPBC1198.14c	Fbp1	K03841
SPBC1773.05c	Tms1	K00008
SPBC19C2.07	Fba1	K01624
SPCC24B10.21	Tpi1	K01803
SPAC24H6.04	Hxk1	K00844
SPAC4F8.07c	Hxk2	K00844
SPAC869.07c	Mel1	K07407
SPBC16H5.02	Pfk1	K00850
SPCC191.11	Inv1	K01193
SPAPB24D3.10c	Agl1	K01187
SPBC1683.07	Mal1	K01187
SPCC191.11	Inv1	K01193
SPAPB24D3.10c	Agl1	K01187
SPBC1683.07	Mal1	K01187
SPAC19B12.03	Bgs3	K00706
SPAC24C9.07c	Bgs2	K00706
SPBC19G7.05c	Bgs1	K00706
SPCC1840.02c	Bgs4	K00706
SPAC12B10.11	Exg2	K01210
SPAC26H5.08c	Bgl2	K01210
SPBC1105.05	Exg1	K01210
SPAC1002.13c	Psu1	K01188
SPAC19G12.15c	Tpp1	K00697
SPAC328.03	Tps1	K00697
SPAC3G6.09c	Tps2	K01087
SPBC660.07	Ntp1	K01194
SPAC24H6.04	Hxk1	K00844
SPAC4F8.07c	Hxk2	K00844
SPBC1604.05	Pgi1	K01810
SPAC23D3.14c	Aah2	K01176
SPBC16A3.13	Meu7	K01176
SPBC14C8.05c	Meu17	K01178
SPBC1289.08	Uap1	K00972
SPAC13G6.12c	Chs1	K00698
SPAC24H6.04	Hxk1	K00844
SPAC4F8.07c	Hxk2	K00844
SPBC1604.05	Pgi1	K01810
SPAC1556.07	Pmm1	K01840
SPCC1906.01	Mpg1	K00966
SPAC26F1.03	Pda1	K00161
SPBC30D10.13c	Pdb1	K00162
SPAC1002.09c	Dld1	K00382
SPAC4H3.10c	Pyk1	K00873
SPAC56E4.04c	Cut6	K11262
SPBC12C2.12c	Glo1	K01759
SPCC794.12c	Mae2	K00027
SPBC17G9.11c	Pyr1	K01958
SPBC215.09c	Erg10	K00626
SPBC1105.02c	Lys4	K01655
SPAC6C3.04	Cit1	K01647
SPBC2G2.08	Ade9	K00288
SPBC215.09c	Erg10	K00626
SPAC56E4.04c	Cut6	K11262
SPAC19D5.07	Uga1	K13524
SPBC215.09c	Erg10	K00626
SPAC19D5.07	Uga1	K13524
SPAC4F8.14c	Hcs1	K01641
SPAC26F1.03	Pda1	K00161
SPBC30D10.13c	Pdb1	K00162
SPBP35G2.07	Ilv1	K01652
SPBP35G2.07	Ilv1	K01652
SPAC458.05	Pik3	K00914
SPAC22E12.16c	Pik1	K00888
SPAC19G12.14	Its3	K00889
SPAC22F8.11	Plc1	K01116
SPBC609.02	Ptn1	K01110
SPBC3E7.01	Fab1	K00921
SPAC1D4.08	Pis1	K00999
SPCC24B10.21	Tpi1	K01803
SPCC330.12c	Sdh3	K00236
SPBP23A10.16	Sdh4	K00237
SPAC1556.02c	Sdh1	K00234
SPAC140.01	Sdh2	K00235
SPBC16H5.06	Rip1	K00411
ScpofMp04	Cob	K00412
SPBC29A3.18	Cyt1	K00413
SPCC613.10	Qcr2	K00415
SPBC16C6.08c	Qcr6	K00416
SPCC737.02c	Qcr7	K00417
SPAC1782.07	Qcr8	K00418
SPBP4H10.08	Qcr10	K00420
SPBC365.02c	Cox10	K02257
ScpofMp01	Cox1	K02256
ScpofMp10	Cox2	K02261
SPCC338.10c	Cox5	K02263
SPAC1B2.04	Cox6	K02264
SPAC1296.02	Cox4	K02265
SPCC1739.09c	Cox13	K02266
SPCC1442.08c	Cox12	K02267
SPCC1259.05c	Cox9	K02269
SPAC24C9.16c	Cox8	K02272
SPAC22E12.10c	Etp1	K02259
SPBC26H8.14c	Cox17	K02260
SPBC31F10.15c	Atp15	K02135
SPBC13E7.04	Atp16	K02134
SPAC222.12c	Atp2	K02133
SPBC1734.13	Atp3	K02136
SPAC14C4.14	Atp1	K02132
SPCC1840.06	Atp5	K02137
SPBC1604.07	Atp4	K02127
SPBC29A10.13	Atp7	K02138
SPBC1604.11	Atp17	K02139
SPAC23C4.11	Atp18	K02142
SPAC17A2.03c	Vma6	K02146
SPBC3B9.18c	Vma7	K02151
SPAPB2B4.05	Vma5	K02148
SPAC343.05	Vma1	K02145
SPAC637.05c	Vma2	K02147
SPAC11E3.07	Vma4	K02150
SPAC1B3.14	Vma3	K02155
SPAC732.01	Vma11	K02155
SPAC2C4.13	Vma16	K03661
SPAC16E8.07c	Vph1	K02154
SPCC965.03	Vma8	K02149
SPBC1289.05c	Vma10	K02152
SPAC7D4.10	Vma13	K02144
SPAC1071.10c	Pma1	K01535
SPCC757.07c	Ctt1	K03781
SPAC18G6.04c	Shm2	K00600
SPBC1815.01	Eno101	K01689
SPAC343.10	Met11	K00297
SPAC56F8.10	Met9	K00297
SPAC22A12.11	Dak1	K00863
SPAC977.16c	Dak2	K00863
SPBC19C2.07	Fba1	K01624
SPBC1198.14c	Fbp1	K03841
SPBC16H5.02	Pfk1	K00850
SPAC26F1.06	Gpm1	K01834
SPAC31G5.14	Gcv1	K00605
SPAC23H4.06	Gln1	K01915
SPAPB1E7.07	Glt1	K00264
SPBC119.10	Asn1	K01953
SPAC1782.11	Met14	K00860
SPBC27.08c	Sua1	K00958
SPAC13G7.06	Met16	K00390
SPAC10F6.01c	Sir1	K00381
SPCC1753.04	Tol1	K01082
SPBC106.17c	Cys2	K00641
SPBC56F2.11	Met6	K00641
SPAC3A12.17c	Cys12	K01738
SPBC36.04	Cys11	K01738
SPAC56E4.04c	Cut6	K11262
SPAC926.09c	Fas1	K00668
SPAC4A8.11c	Fas2	K00667
SPAC26F1.04c	Etr1	K07512
SPBC215.09c	Erg10	K00626
SPBC18H10.02	Lcf1	K01897
SPBP4H10.11c	Lcf2	K01897
SPCC13B11.01	Adh1	K13953
SPAC5H10.06c	Adh4	K13954
SPAC4F8.14c	Hcs1	K01641
SPBC215.09c	Erg10	K00626
SPBC646.05c	Erg9	K00801
SPBC713.12	Erg1	K00511
SPAC13G7.01c	Erg7	K01852
SPAC13A11.02c	Erg11	K05917
SPBC16G5.18	Erg24	K00222
SPAC630.08c	Erg25	K07750
SPBC1709.07	Erg27	K09827
SPBC16E9.05	Erg6	K00559
SPAC20G8.07c	Erg2	K09829
SPAC1687.16c	Erg3	K09830
SPAC20G4.07c	Sts1	K00223
SPAC22A12.11	Dak1	K00863
SPAC977.16c	Dak2	K00863
SPAC13F5.03c	Gld1	K00005
SPBC776.14	Plh1	K00679
SPAC869.07c	Mel1	K07407
SPAC23D3.04c	Gpd2	K00006
SPBC215.05	Gpd1	K00006
SPCC1223.03c	Gut2	K00111
SPAC23D3.11	Ayr1	K06123
SPAC1A6.04c	Plb1	K13333
SPBC26H8.03	Cho2	K00551
SPCC1442.12	Pps1	K00998
SPAC1D4.08	Pis1	K00999
SPAC23D3.11	Ayr1	K06123
SPBC106.11c	Plg7	K01062
SPAC21E11.08	Lcb2	K00654
SPBC3B8.07c	Dsd1	K04712
SPAC869.07c	Mel1	K07407
SPBC32F12.03c	Gpx1	K00432
SPAC56E4.06c	Ggt2	K00681
SPAC664.09	Ggt1	K00681
SPAC4D7.08c	Ade4	K00764
SPBC405.01	Ade1	K11788
SPAC6F12.10c	Ade3	K01952
SPCC1322.13	Ade6	K11808
SPBC409.10	Ade7	K01923
SPBC14F5.09c	Ade8	K01756
SPCPB16A4.03c	Ade10	K00602
SPAC23A1.03	Apt1	K00759
SPBC2F12.14c	Gua1	K00088
SPAC806.07	Ndk1	K00940
SPCC4G3.02	Aph1	K01518
SPAP7G5.02c	Gua2	K01951
SPAC4H3.10c	Pyk1	K00873
SPAC1F7.05	Cdc22	K10807
SPBC25D12.04	Suc22	K10808
SPBC4C3.05c	Nuc1	K02999
SPBP23A10.07	Rpa2	K03002
SPCC1259.03	Rpa12	K03000
SPBC3B9.07c	Rpa43	K03004
SPAC2F3.03c	Rpa49	K03005
SPBC28F2.12	Rpb1	K03006
SPAC23G3.01	Rpb2	K03010
SPCC1442.10c	Rpb3	K03011
SPBC337.14	Rpb4	K03012
SPAC23C4.15	Rpb5	K03013
SPCC1020.04c	Rpb6	K03014
SPACUNK4.06c	Rpb7	K03015
SPBC14C8.12	Rpb8	K03016
SPAPYUG7.04c	Rpb9	K03017
SPAC1B3.12c	Rpb10	K03007
SPAC3A12.07	Rpb11	K03008
SPBC19C2.03	Rpc10	K03009
SPBC651.08c	Rpc1	K03018
SPAC4G9.08c	Rpc2	K03021
SPAPB1E7.03	Rpc82	K03023
SPCC18.07	Rpc53	K03026
SPBC1289.07c	Rpc40	K03027
SPAC22A12.05	Rpc11	K03019
SPAC1687.01	Rpc19	K03020
SPBC2G5.07c	Rpc25	K03022
SPBC839.12	Rpc31	K03024
SPCC290.02	Rpc34	K03025
SPAC3H5.06c	Pol1	K02320
SPCC553.09c	Spb70	K02321
SPAC6B12.10c	Spp1	K02684
SPBC17D11.06	Spp2	K02685
SPBC336.04	Cdc6	K02327
SPAC27E2.05	Cdc1	K02328
SPBC1734.02c	Cdc27	K03504
SPBC12D12.02c	Cdm1	K03505
SPBC25H2.13c	Cdc20	K02324
SPBP8B7.14c	Dpb2	K02325
SPBC3D6.09	Dpb4	K02326
SPBC19C7.03	Cyr1	K01768
SPCC285.09c	Cgs2	K01120
SPAC144.03	Ade2	K01939
SPBC106.04	Ada1	K01490
SPBC1198.02	Dea2	K01488
SPAC4G9.03	Adk1	K00939
SPAC1782.11	Met14	K00860
SPBC27.08c	Sua1	K00958
SPAC1952.11c	Ure2	K01427
SPAC22G7.06c	Ura1	K11541
SPBC215.08c	Arg4	K01955
SPBC56F2.09c	Arg5	K01956
SPAC16.03c	Ura2	K01465
SPAC57A10.12c	Ura3	K00226
SPBC725.15	Ura5	K00762
SPCC330.05c	Ura4	K01591
SPAC806.07	Ndk1	K00940
SPAC10F6.03c	Cts1	K01937
SPBC4C3.05c	Nuc1	K02999
SPBP23A10.07	Rpa2	K03002
SPCC1259.03	Rpa12	K03000
SPBC3B9.07c	Rpa43	K03004
SPAC2F3.03c	Rpa49	K03005
SPBC28F2.12	Rpb1	K03006
SPAC23G3.01	Rpb2	K03010
SPCC1442.10c	Rpb3	K03011
SPBC337.14	Rpb4	K03012
SPAC23C4.15	Rpb5	K03013
SPCC1020.04c	Rpb6	K03014
SPACUNK4.06c	Rpb7	K03015
SPBC14C8.12	Rpb8	K03016
SPAPYUG7.04c	Rpb9	K03017
SPAC1B3.12c	Rpb10	K03007
SPAC3A12.07	Rpb11	K03008
SPBC19C2.03	Rpc10	K03009
SPBC651.08c	Rpc1	K03018
SPAC4G9.08c	Rpc2	K03021
SPAPB1E7.03	Rpc82	K03023
SPCC18.07	Rpc53	K03026
SPBC1289.07c	Rpc40	K03027
SPAC22A12.05	Rpc11	K03019
SPAC1687.01	Rpc19	K03020
SPBC2G5.07c	Rpc25	K03022
SPBC839.12	Rpc31	K03024
SPCC290.02	Rpc34	K03025
SPAC3H5.06c	Pol1	K02320
SPCC553.09c	Spb70	K02321
SPAC6B12.10c	Spp1	K02684
SPBC17D11.06	Spp2	K02685
SPBC336.04	Cdc6	K02327
SPAC27E2.05	Cdc1	K02328
SPBC1734.02c	Cdc27	K03504
SPBC12D12.02c	Cdm1	K03505
SPBC25H2.13c	Cdc20	K02324
SPBP8B7.14c	Dpb2	K02325
SPBC3D6.09	Dpb4	K02326
SPAC1002.17c	Urg2	K00761
SPBC3F6.03	Trr1	K00384
SPAC1F7.05	Cdc22	K10807
SPBC25D12.04	Suc22	K10808
SPAC1556.04c	Cdd1	K01489
SPCC70.07c	Tmp1	K00943
SPCC4G3.02	Aph1	K01518
SPBC119.10	Asn1	K01953
SPBC428.05c	Arg12	K01940
SPBC1773.14	Arg7	K01755
SPAC144.03	Ade2	K01939
SPBC14F5.09c	Ade8	K01756
SPAC19D5.07	Uga1	K13524
SPAPB1E7.07	Glt1	K00264
SPAC23H4.06	Gln1	K01915
SPAC22G7.06c	Ura1	K11541
SPBC215.08c	Arg4	K01955
SPBC56F2.09c	Arg5	K01956
SPAC4D7.08c	Ade4	K00764
SPAC23H3.09c	Gly1	K01620
SPAC18G6.04c	Shm2	K00600
SPAC2F3.09	Hem1	K00643
SPAC2E1P3.04	Cao1	K00276
SPBC1289.16c	Cao2	K00276
SPAC13G6.06c	Gcv2	K00281
SPAC31G5.14	Gcv1	K00605
SPAC1002.09c	Dld1	K00382
SPCC1442.12	Pps1	K00998
SPCC550.10	Meu8	K00130
SPAC19A8.15	Trp2	K01695
SPAC3A12.17c	Cys12	K01738
SPBC36.04	Cys11	K01738
SPAC9.09	Met26	K00549
SPBC14F5.05c	Sam1	K00789
SPBP4H10.05c	Spe2	K01611
SPBC19C2.02	Pmt1	K00558
SPBC106.17c	Cys2	K00641
SPBC56F2.11	Met6	K00641
SPBC428.02c	Eca39	K00826
SPAC1002.09c	Dld1	K00382
SPAC19D5.07	Uga1	K13524
SPBC215.09c	Erg10	K00626
SPAC4F8.14c	Hcs1	K01641
SPAC9E9.03	Leu2	K01702
SPBP35G2.07	Ilv1	K01652
SPBC56F2.12	Ilv5	K00053
SPBC428.02c	Eca39	K00826
SPBC1A4.02c	Leu1	K00052
SPAC26F1.13c	Lrs1	K01869
SPBC8D2.06	Irs1	K01870
SPAC4A8.08c	Vas1	K01873
SPBC1709.02c	Vrs1	K01873
SPAC26F1.03	Pda1	K00161
SPBC30D10.13c	Pdb1	K00162
SPBC1105.02c	Lys4	K01655
SPAC343.16	Lys2	K01705
SPAP7G5.04c	Lys1	K00143
SPAC227.18	Lys3	K00290
SPAC227.18	Lys3	K00290
SPAP7G5.04c	Lys1	K00143
SPBC215.09c	Erg10	K00626
SPCC306.04c	Set1	K11422
SPAC29B12.02c	Set2	K11423
SPBC428.08c	Clr4	K11419
SPCC4B3.12	Set9	K11429
SPAC144.04c	Spe1	K01581
SPBP4H10.05c	Spe2	K01611
SPAC821.11	Pro1	K00147
SPAC4G9.10	Arg3	K00611
SPBC428.05c	Arg12	K01940
SPBC1773.14	Arg7	K01755
SPBP26C9.02c	Car1	K01476
SPAC1952.11c	Ure2	K01427
SPAC23H4.06	Gln1	K01915
SPBC725.14	Arg6	K00618
SPAC4G9.09c	Arg11	K12659
SPCC777.09c	Arg1	K00818
SPAC25G10.05c	His1	K00765
SPBC29A3.02c	His7	K11755
SPBC418.01c	His4	K01663
SPBC21H7.07c	His5	K01693
SPBC11B10.02c	His3	K00817
SPBC1711.13	His2	K00013
SPAC1687.11	Spb1	K00599
SPBC11B10.02c	His3	K00817
SPAC2E1P3.04	Cao1	K00276
SPBC1289.16c	Cao2	K00276
SPCC13B11.01	Adh1	K13953
SPAC5H10.06c	Adh4	K13954
SPAC1687.11	Spb1	K00599
SPAC2E1P3.04	Cao1	K00276
SPBC1289.16c	Cao2	K00276
SPBC11B10.02c	His3	K00817
SPBC215.09c	Erg10	K00626
SPAC2F7.13c	Wrs1	K01867
SPAC3G9.13c	Msw1	K01867
SPCC757.07c	Ctt1	K03781
SPAC1834.02	Aro1	K13830
SPBC1539.09c	Trp1	K13501
SPCC1442.09	Trp3	K01657
SPBC16G5.08	Trp4	K00766
SPAC19A8.15	Trp2	K01695
SPCC1494.04c	Tyr1	K00211
SPBC30D10.16	Pha2	K01713
SPBC11B10.02c	His3	K00817
SPAC5H10.08c	Pan6	K01918
SPAC19D5.07	Uga1	K13524
SPAC2E1P3.04	Cao1	K00276
SPBC1289.16c	Cao2	K00276
SPAC56E4.06c	Ggt2	K00681
SPAC664.09	Ggt1	K00681
SPAC56E4.06c	Ggt2	K00681
SPAC664.09	Ggt1	K00681
SPAC1687.11	Spb1	K00599
SPBC14F5.05c	Sam1	K00789
SPBC17A3.04c	Rar1	K01874
SPAC3A12.17c	Cys12	K01738
SPBC36.04	Cys11	K01738
SPBC27.08c	Sua1	K00958
SPAC1782.11	Met14	K00860
SPAC1002.13c	Psu1	K01188
SPAC56E4.06c	Ggt2	K00681
SPAC664.09	Ggt1	K00681
SPAC18G6.04c	Shm2	K00600
SPBC359.02	Alr2	K01775
SPCC965.08c	Alr1	K01775
SPAC56E4.06c	Ggt2	K00681
SPAC664.09	Ggt1	K00681
SPAC22F3.10c	Gcs1	K11204
SPAC3F10.04	Gsa1	K01920
SPBC17A3.07	Pgr1	K00383
SPAC6G10.08	Idp1	K00031
SPAC3A12.18	Zwf1	K00036
SPBC32F12.03c	Gpx1	K00432
SPAC144.04c	Spe1	K01581
SPAC1F7.05	Cdc22	K10807
SPBC25D12.04	Suc22	K10808
SPBC15D4.04	Gpt2	K01001
SPBC56F2.10c	Alg5	K00729
SPAC56E4.02c	Alg13	K07432
SPAC31G5.16c	Dpm1	K00721
SPBC21B10.11	Dpm2	K09658
SPBC1677.02	Dpm3	K09659
SPAC23C4.14	Alg1	K03842
SPBC11B10.01	Alg2	K03843
SPCC330.08	Alg11	K03844
SPBC887.19	Rft1	K06316
SPAC7D4.06c	Alg3	K03845
SPAC1834.05	Alg9	K03846
SPBC1734.12c	Alg12	K03847
SPBC342.01c	Alg6	K03848
SPAC17C9.07	Alg8	K03849
SPAC56F8.06c	Alg10	K03850
SPBC1271.02	Stt3	K07151
SPBC530.12c	Pdf1	K07252
SPAC1002.03c	Gls2	K05546
SPAC2E1P5.01c	Mns1	K01230
SPAC2E1P5.01c	Mns1	K01230
SPAC1006.05c	Och1	K05528
SPAC4F10.10c	Mnn9	K05529
SPAC22A12.07c	Ogm1	K00728
SPAPB1E7.09	Ogm2	K00728
SPBC16C6.09	Ogm4	K00728
SPCC736.04c	Gma12	K10971
SPBC3D6.07	Gpi3	K03857
SPBC685.05	Gpi15	K03858
SPCC550.04c	Gpi2	K03859
SPBC30D10.11	Gpi1	K03860
SPAC22A12.13	Mug84	K03861
SPBC21B10.11	Dpm2	K09658
SPAPB2B4.01c	Gpi12	K03434
SPAC144.10c	Gwt1	K05283
SPBC13E7.05	Gpi14	K05284
SPAC18B11.05	Gpi18	K07542
SPCC16A11.06c	Gpi10	K05286
SPAC1002.11	Gaa1	K05289
SPCC11E10.02c	Gpi8	K05290
SPAC869.07c	Mel1	K07407
SPAC513.05	Ams1	K01191
SPBC21D10.11c	Nfs1	K04487
SPAC23H4.10c	Thi4	K14154
SPAC6F12.05c	Tnr3	K00949
SPCC18.16c	Fmn1	K00861
SPAC1071.12c	Stp1	K01078
SPBC428.03c	Pho4	K01078
SPBP4G3.02	Pho1	K01078
SPAC9E9.11	Plr1	K05275
SPAC29B12.04	Snz1	K06215
SPBP35G2.07	Ilv1	K01652
SPBC56F2.12	Ilv5	K00053
SPAC5H10.08c	Pan6	K01918
SPBC428.02c	Eca39	K00826
SPCC1235.02	Bio2	K01012
SPCC1223.08c	Dfr1	K00287
SPCC1223.08c	Dfr1	K00287
SPBC2G2.08	Ade9	K00288
SPAC18G6.04c	Shm2	K00600
SPCPB16A4.03c	Ade10	K00602
SPAC1805.09c	Fmt1	K00604
SPAC31G5.14	Gcv1	K00605
SPAC343.10	Met11	K00297
SPAC56F8.10	Met9	K00297
SPAC2F3.09	Hem1	K00643
SPAC1805.06c	Hem2	K01698
SPAC24B11.13	Hem3	K01749
SPAC31G5.08	Ups1	K01719
SPCC4B3.05c	Hem12	K01599
SPAC222.11	Hem13	K00228
SPAC1F5.07c	Hem14	K00231
SPCC320.09	Hem15	K01772
SPBC365.02c	Cox10	K02257
SPAC22E12.10c	Etp1	K02259
SPAC56F8.04c	Coq2	K06125
SPCC162.05	Coq3	K00591
SPBC146.12	Coq6	K06126
SPCC4G3.04c	Coq5	K06127
SPBC337.15c	Coq7	K06134
SPBC215.09c	Erg10	K00626
SPAC4F8.14c	Hcs1	K01641
SPCC162.09c	Hmg1	K00021
SPAC13G6.11c	Erg12	K00869
SPAC343.01c	Erg8	K00938
SPAC24C9.03	Mvd1	K01597
SPBC106.15	Idi1	K01823
SPAC6F12.13c	Fps1	K00787
SPBC36.06c	Spo9	K00787
SPBPJ4664.01	Dps1	K05355
SPAC19A8.04	Erg5	K00517
SPAC24H6.04	Hxk1	K00844
SPAC4F8.07c	Hxk2	K00844
SPBC28F2.12	Rpb1	K03006
SPAC23G3.01	Rpb2	K03010
SPCC1442.10c	Rpb3	K03011
SPBC337.14	Rpb4	K03012
SPAC23C4.15	Rpb5	K03013
SPCC1020.04c	Rpb6	K03014
SPACUNK4.06c	Rpb7	K03015
SPBC14C8.12	Rpb8	K03016
SPAPYUG7.04c	Rpb9	K03017
SPAC1B3.12c	Rpb10	K03007
SPAC3A12.07	Rpb11	K03008
SPBC19C2.03	Rpc10	K03009
SPBC651.08c	Rpc1	K03018
SPAC4G9.08c	Rpc2	K03021
SPAPB1E7.03	Rpc82	K03023
SPCC18.07	Rpc53	K03026
SPBC1289.07c	Rpc40	K03027
SPAC22A12.05	Rpc11	K03019
SPAC1687.01	Rpc19	K03020
SPBC2G5.07c	Rpc25	K03022
SPBC839.12	Rpc31	K03024
SPCC290.02	Rpc34	K03025
SPBC4C3.05c	Nuc1	K02999
SPBP23A10.07	Rpa2	K03002
SPCC1259.03	Rpa12	K03000
SPBC3B9.07c	Rpa43	K03004
SPAC2F3.03c	Rpa49	K03005
SPAC29E6.08	Tbp1	K03120
SPAC2G11.14	Taf111	K03125
SPAC3A12.05c	Taf2	K03128
SPBC15D4.14	Taf73	K03130
SPCC5E4.03c	Taf5	K03130
SPCC16C4.18c	Taf6	K03131
SPAC13F5.02c	Ptr6	K03132
SPAC12G12.05c	Taf9	K03133
SPBC21H7.02	Taf10	K03134
SPAC1002.04c	Taf11	K03135
SPAC15A10.02	Taf12	K03126
SPCC1494.02c	Taf13	K03127
SPCC1620.09c	Tfg1	K03138
SPBC1198.13c	Tfg2	K03139
SPAC22H12.02	Tfg3	K03140
SPAC458.07	Tfa1	K03136
SPCC1672.08c	Tfa2	K03137
SPAC16E8.11c	Tfb1	K03141
SPCC1682.07	Ssl1	K03142
SPBC30B4.07c	Tfb4	K03143
SPBC13G1.13	Tfb2	K03144
SPSNRNA.02	Snu2	K14277
SPCC10H11.01	Prp11	K12811
SPAC17G6.14c	Uap56	K12812
SPBC19C2.01	Cdc28	K12813
SPBC1711.17	Prp16	K12815
SPBC6B1.10	Prp17	K12816
SPCC126.14	Prp18	K12817
SPAC10F6.02c	Prp22	K12818
SPBC365.05c	Slu7	K12819
SPBC16H5.10c	Prp43	K12820
SPAC26A3.08	Smb1	K11086
SPAC27D7.07c	Smd1	K11087
SPAC2C4.03c	Smd2	K11096
SPBC19C2.14	Smd3	K11088
SPBC11G11.06c	Sme1	K11097
SPBC3E7.14	Smf1	K11098
SPBC4B4.05	Smg1	K11099
SPAC19A8.13	Usp101	K11093
SPAC4D7.13	Usp104	K12821
SPBP8B7.16c	Dbp2	K12823
SPAC22A12.09c	Sap114	K12825
SPBC21C3.05	Sap62	K12826
SPBC36.09	Sap61	K12827
SPAC22F8.10c	Sap145	K12829
SPAPJ698.03c	Prp12	K12830
SPAC31G5.01	Sap49	K12831
SPAC23H3.02c	Ini1	K12834
SPBC146.07	Prp2	K12837
SPCC1281.02c	Spf30	K12839
SPCC1620.01c	Lsm2	K12621
SPBC9B6.05c	Lsm3	K12622
SPBC30D10.06	Lsm4	K12623
SPBC20F10.09	Lsm5	K12624
SPAC2F3.17c	Lsm6	K12625
SPCC285.12	Lsm7	K12626
SPCC1840.10	Lsm8	K12627
SPAC29E6.02	Prp3	K12843
SPBC1709.04c	Cyp3	K09567
SPBC119.13c	Prp31	K12844
SPAC607.03c	Snu13	K12845
SPBC577.07	Ubp10	K12847
SPAC167.03c	Snu66	K11984
SPAC22F3.11c	Snu23	K12848
SPBC19C2.08	Prp38	K12849
SPBC215.12	Cwf10	K12852
SPAC9.03c	Brr2	K12854
SPBC6B1.07	Prp1	K12855
SPAC4F8.12c	Spp42	K12856
SPBC1289.11	Spf38	K12857
SPCC63.11	Prp28	K12858
SPCC16A11.05c	Dim1	K12859
SPAC29A4.08c	Prp19	K10599
SPAC644.12	Cdc5	K12860
SPBC28F2.04c	Cwf7	K12861
SPBP22H7.07	Prp5	K12862
SPBC337.06c	Cwf15	K12863
SPAC13G7.02c	Ssa1	K03283
SPCC1739.13	Ssa2	K03283
SPCC188.11	Prp45	K06063
SPBC211.02c	Cwf3	K12867
SPBC31F10.11c	Cwf4	K12869
SPBC32F12.05c	Cwf12	K12870
SPAC57A10.03	Cyp1	K12733
SPCP1E11.07c	Cwf18	K12871
SPCC550.02c	Cwf5	K12872
SPBC24C6.11	Cwf14	K12873
SPBC646.02	Cwf11	K12874
SPAC1D4.14	Tho2	K12879
SPBC1D7.04	Mlo3	K12881
SPAC24C9.10c	Mrp4	K02967
SPAC4G9.17c	MrpS5	K02988
SPCC576.08c	Rps2	K02981
SPBC16G5.14c	Rps3	K02985
SPAC13G6.02c	Rps101	K02984
SPAC22H12.04c	Rps102	K02984
SPAC959.07	Rps403	K02987
SPBC19F8.08	Rps401	K02987
SPBC21B10.10	Rps402	K02987
SPAC328.10c	Rps502	K02989
SPAC8C9.08	Rps5	K02989
SPAC13G6.07c	Rps601	K02991
SPAPB1E7.12	Rps602	K02991
SPAC18G6.14c	Rps7	K02993
SPAC2C4.16c	Rps801	K02995
SPAC521.05	Rps802	K02995
SPAC24H6.07	Rps901	K02997
SPBC29A3.12	Rps902	K02997
SPAC31G5.17c	Rps1001	K02947
SPAC144.11	Rps1102	K02949
SPAC31G5.03	Rps1101	K02949
SPBC1685.02c	Rps1202	K02951
SPCC962.04	Rps1201	K02951
SPAC6F6.07c	Rps13	K02953
SPAC3H5.05c	Rps1401	K02955
SPAC1071.07c	Rps1502	K02958
SPCC1393.03	Rps1501	K02958
SPAC22A12.04c	Rps2201	K02957
SPAC5D6.01	Rps2202	K02957
SPAC664.04c	Rps1602	K02960
SPBC18H10.14	Rps1601	K02960
SPBC839.05c	Rps1701	K02962
SPCC24B10.09	Rps1702	K02962
SPBC16D10.11c	Rps1801	K02964
SPBC21C3.13	Rps1901	K02966
SPBC649.02	Rps1902	K02966
SPCC576.09	Rps20	K02969
SPBC18E5.06	Rps21	K02971
SPAC23C11.02c	Rps23	K02973
SPBP4H10.13	Rps2302	K02973
SPAC17G6.06	Rps2401	K02974
SPBC17G9.07	Rps2402	K02974
SPAC694.05c	Rps2502	K02975
SPBC3D6.15	Rps2501	K02975
SPAC1805.11c	Rps2602	K02976
SPAC806.03c	Rps2601	K02976
SPBC1685.10	Rps27	K02978
SPAC6G10.11c	Ubi3	K02977
SPAC25G10.06	Rps2801	K02979
SPCC285.15c	Rps2802	K02979
SPBC1685.09	Rps29	K02980
SPAC19B12.04	Rps3001	K02983
SPBC19G7.03c	Rps3002	K02983
SPAPJ698.02c	Rps002	K02998
SPBC685.06	Rps001	K02998
SPBC16G5.04	MrpL23	K02871
SPAC17A5.03	Rpl301	K02925
SPAPB8E5.06c	Rpl302	K02925
SPBC1711.06	Rpl401	K02930
SPBP8B7.03c	Rpl402	K02930
SPAC3H5.12c	Rpl501	K02932
SPBC11C11.09c	Rpl502	K02932
SPCC622.18	Rpl6	K02934
SPAC3H5.07	Rpl702	K02937
SPAC664.06	Rpl703	K02937
SPBC18H10.12c	Rpl701	K02937
SPBC29A3.04	Rpl8	K02936
SPAC1F7.13c	Rpl801	K02938
SPBC2F12.07c	Rpl802	K02938
SPBC839.04	Rpl803	K02938
SPAC4G9.16c	Rpl901	K02940
SPCC613.06	Rpl902	K02940
SPAP7G5.05	Rpl1002	K02866
SPBC18E5.04	Rpl1001	K02866
SPBC30D10.18c	Rpl102	K02865
SPCC1183.08c	Rpl101	K02865
SPAC26A3.07c	Rpl1101	K02868
SPBC17G9.10	Rpl1102	K02868
SPCC16C4.13c	Rpl1201	K02870
SPCC31H12.04c	Rpl1202	K02870
SPAC664.05	Rpl13	K02873
SPAC23A1.11	Rpl1602	K02872
SPBC2G2.05	Rpl1603	K02872
SPBC839.13c	Rpl1601	K02872
SPAC1805.13	Rpl14	K02875
SPAC1783.08c	Rpl1502	K02877
SPCC576.11	Rpl15	K02877
SPCC364.03	Rpl1702	K02880
SPBC11C11.07	Rpl1801	K02883
SPAC26A3.04	Rpl2002	K02882
SPAC3A12.10	Rpl2001	K02882
SPBC56F2.02	Rpl1901	K02885
SPCC1682.14	Rpl1902	K02885
SPAC959.08	Rpl2102	K02889
SPBC365.03c	Rpl2101	K02889
SPAC3G9.03	Rpl2301	K02894
SPCC1322.11	Rpl2302	K02894
SPBC106.18	Rpl2501	K02893
SPBC4F6.04	Rpl2502	K02893
SPAC22E12.13c	Rpl2403	K02896
SPAC6G9.09c	Rpl24	K02896
SPCC330.14c	Rpl2402	K02896
SPBC29B5.03c	Rpl26	K02898
SPBC685.07c	Rpl2701	K02901
SPCC74.05	Rpl2702	K02901
SPBC776.11	Rpl2801	K02900
SPCC5E4.07	Rpl2802	K02900
SPAC1687.06c	Rpl44	K02903
SPBC776.01	Rpl29	K02905
SPAC1250.05	Rpl3002	K02908
SPAC9G1.03c	Rpl3001	K02908
SPAC890.08	Rpl31	K02910
SPAC3H5.10	Rpl3202	K02912
SPBC16C6.11	Rpl3201	K02912
SPAC23A1.08c	Rpl3401	K02915
SPCC1322.15	Rpl3402	K02915
SPCC613.05c	Rpl35	K02918
SPBC1921.01c	Rpl35b	K02917
SPCP31B10.08c	Rpl35a	K02917
SPBC405.07	Rpl3602	K02920
SPCC970.05	Rpl3601	K02920
SPCC1223.05c	Rpl3702	K02922
SPBC800.04c	Rpl4301	K02921
SPBC83.02c	Rpl4302	K02921
SPAC30D11.12	Rpl3802	K02923
SPBC577.02	Rpl3801	K02923
SPCC663.04	Rpl39	K02924
SPAC11G7.04	Ubi1	K02927
SPAC1805.12c	Uep1	K02927
SPAC3F10.18c	Rpl4102	K02928
SPAC3G6.13c	Rpl4101	K02928
SPAC15E1.03	Rpl42	K02929
SPCC18.14c	Rpp0	K02941
SPAC644.15	Rpp101	K02942
SPBC3B9.13c	Rpp102	K02942
SPCP1E11.09c	Rpp103	K02942
SPAC1071.08	Rpp203	K02943
SPBC23G7.15c	Rpp202	K02943
SPBP8B7.06	Rpp201	K02943
SPBC342.02	Qrs1	K01886
SPAC23C11.09	Ala1	K01872
SPCC1223.07c	Drs1	K01876
SPBC1198.10c	Slm5	K01893
SPBC1773.10c	Nrs1	K01893
SPAC3F10.03	Grs1	K01880
SPBC25H2.02	Trs1	K01868
SPBC17A3.04c	Rar1	K01874
SPAC1805.09c	Fmt1	K00604
SPAC4A8.08c	Vas1	K01873
SPBC1709.02c	Vrs1	K01873
SPAC26F1.13c	Lrs1	K01869
SPBC8D2.06	Irs1	K01870
SPBC17G9.03c	Krs1	K04567
SPBC25B2.09c	Mrs1	K01887
SPBC19C7.06	Prs1	K01881
SPBC2G2.12	Hrs1	K01892
SPAC3G9.06	Frs2	K01889
SPAC23A1.12c	Frs1	K01890
SPCC1672.05c	Yrs1	K01866
SPAC2F7.13c	Wrs1	K01867
SPAC3G9.13c	Msw1	K01867
SPBC1105.16c	Rpr2	K03540
SPAC1D4.10	Trz2	K00784
SPBC3D6.03c	TrzL	K00784
SPBC1289.03c	Spi1	K07936
SPBP8B7.09c	Los1	K14288
SPAC23A1.10	Ef1A-b	K03231
SPBC839.15c	Ef1A-c	K03231
SPCC794.09c	Ef1A-a	K03231
SPAC1805.17	Crm1	K14290
SPBC16H5.11c	Skb1	K02516
SPAC2G11.15c	Tgs1	K14292
SPAC1B1.03c	Kap95	K14293
SPBC20F10.01	Gar1	K11128
SPAC1782.10c	Nhp2	K11129
SPAP27G11.13c	Nop10	K11130
SPAC16C9.03	Nmd3	K07562
SPAC1486.04c	Alm1	K09291
SPCC162.08c	Nup211	K09291
SPAC1486.05	Nup189	K14297
SPBC16A3.05c	Rae1	K14298
SPBC215.15	Sec13	K14004
SPAC15F9.02	Seh1	K14299
SPAC1805.04	Nup132	K14300
SPBC428.01c	Nup107	K14301
SPBC3B9.16c	Nup120	K14303
SPBC17G9.04c	Nup85	K14304
SPAC26A3.15c	Nsp1	K14306
SPAC22G7.09c	Nup45	K14307
SPCC1620.11	Nup97	K14309
SPCC290.03c	Nup186	K14310
SPAP27G11.10c	Nup184	K14311
SPAC1786.03	Cut11	K14315
SPAC22E12.07	Rna1	K14319
SPAC30D11.13	Hus5	K10577
SPBC365.06	Pmt3	K12160
SPBC15D4.10c	Amo1	K14321
SPAC4D7.05	Sum1	K03246
SPBC18H10.03	Tif35	K03248
SPBC646.09c	Int6	K03250
SPAC637.07	Moe1	K03251
SPAC4A8.16c	Tif33	K03252
SPBC17D11.05	Tif32	K03254
SPBC25H2.07	Tif11	K03236
SPBC23G7.05	Sui1	K03113
SPAC3G9.09c	Tif211	K03237
SPBC17G9.09	Tif213	K03242
SPAC21E11.06	Tif224	K03680
SPAC4D7.09	Tif223	K03241
SPAC8C9.15c	Tif225	K03240
SPAC17C9.03	Tif471	K03260
SPAC16E8.15	Tif45	K03259
SPBC1709.18	Tif452	K03259
SPBC18H10.04c	Sce3	K03258
SPBC1D7.04	Mlo3	K12881
SPAC17G6.14c	Uap56	K12812
SPAC1D4.14	Tho2	K12879
SPBC1921.03c	Mex67	K14284
SPAPB1A10.03	Nxt1	K14285
SPAC16C9.06c	Upf1	K14326
SPAC19A8.08	Upf2	K14327
SPAC9G1.04	Oxa101	K03217
SPBP4H10.03	Oxa102	K03217
SPCC188.06c	Srp54	K03106
SPBC354.02c	Sec61	K10956
SPBC2G2.03c	Sbh1	K09481
SPAC4G8.02c	Sss1	K07342
SPAC17G6.09	Sec62	K12275
SPBC36B7.03	Sec63	K09540
SPAC22A12.15c	Bip1	K09490
SPAC19B12.09	Srp14	K03104
SPCC320.10	Srp72	K03108
SPCC1682.05c	Srp68	K03107
SPCC126.15c	Sec65	K03105
SPAC23H4.07c	Srp102	K12272
SPAC56F8.11	Spc3	K12948
SPBC1685.03	Sec11	K13280
SPBC354.02c	Sec61	K10956
SPBC2G2.03c	Sbh1	K09481
SPAC4G8.02c	Sss1	K07342
SPAC17G6.09	Sec62	K12275
SPBC36B7.03	Sec63	K09540
SPBC1271.02	Stt3	K07151
SPAC22A12.15c	Bip1	K09490
SPAC1002.03c	Gls2	K05546
SPAC3C7.11c	Cnx1	K08054
SPAC2E1P5.01c	Mns1	K01230
SPBC31F10.06c	Sar1	K07953
SPBC215.15	Sec13	K14004
SPBC8D2.20c	Sec31	K14005
SPCC31H12.07	Sec231	K14006
SPBPJ4664.06	Gpt1	K11718
SPAC23A1.04c	Mnl1	K10084
SPAC343.09	Ubx3	K14012
SPAC1565.08	Cdc48	K13525
SPBC1711.10c	Npl4	K14015
SPBC16A3.09c	Ufd1	K14016
SPAC13G7.02c	Ssa1	K03283
SPCC1739.13	Ssa2	K03283
SPAC926.04c	Hsp90	K04079
SPAC110.04c	Pss1	K09485
SPBC3E7.02c	Hsp16	K13993
SPAC24C9.14	Otu1	K13719
SPBC887.04c	Lub1	K14018
SPBC2D10.12	Rhp23	K10839
SPAC26A3.16	Dph1	K04523
SPAC20H4.10	Ufd2	K10597
SPAC20G4.03c	Hri1	K08860
SPAC222.07c	Hri2	K08860
SPBC36B7.09	Gcn2	K08860
SPAC3G9.09c	Tif211	K03237
SPAC167.01	Ire1	K08852
SPBC14F5.07	Doa10	K10661
SPAC10F6.05c	Ubc6	K04554
SPBC1105.09	Ubc15	K10575
SPBP16F5.04	Ubc7	K04555
SPBC17D11.02c	Hrd1	K10601
SPAC1250.03	Ubc14	K06689
SPBC119.02	Ubc4	K06689
SPAC23H4.18c	Rbx1	K03868
SPAC17G6.12	Cul1	K03347
SPBC409.05	Skp1	K03094
SPCC825.03c	Psy1	K08486
SPBC31E1.04	Pep12	K08488
SPAC823.05c	Tlg2	K08489
SPBC8D2.14c	Sed5	K08490
SPCC895.04c	Ufe1	K08492
SPBC3B9.10	Vti1	K08493
SPAC4G8.10	Gos1	K08495
SPAP14E8.03	Bos1	K08496
SPBC36B7.07	Tlg1	K08499
SPAC6F12.03c	Fsv1	K08501
SPAC23C4.13	Bet1	K08504
SPAC31A2.13c	Sft1	K08505
SPBC26H8.02c	Sec9	K08508
SPAC6G9.11	Syb1	K08513
SPBC13G1.11	Ykt6	K08516
SPBC2A9.08c	Sec22	K08517
SPBC1604.21c	Ptr3	K03178
SPAC4C5.04	Rad31	K10684
SPBC16H5.03c	Fub2	K10685
SPAC24H6.12c	Uba3	K10686
SPAC18B11.07c	Rhp6	K10573
SPCC1259.15c	Ubc11	K06688
SPAC1250.03	Ubc14	K06689
SPBC119.02	Ubc4	K06689
SPBC1105.09	Ubc15	K10575
SPBP16F5.04	Ubc7	K04555
SPBC211.07c	Ubc8	K10576
SPAC30D11.13	Hus5	K10577
SPAC10F6.05c	Ubc6	K04554
SPCC777.10c	Ubc12	K10579
SPAC11E3.04c	Ubc13	K10580
SPBC2D10.20	Ubc1	K04649
SPAC11G7.02	Pub1	K10591
SPAC1805.15c	Pub2	K10591
SPBC16E9.11c	Pub3	K10591
SPAC19D5.04	Ptr1	K10592
SPAC20H4.10	Ufd2	K10597
SPAC21E11.05c	Cyp8	K10598
SPAC29A4.08c	Prp19	K10599
SPAC1687.05	Pli1	K04706
SPBC17D11.02c	Hrd1	K10601
SPAC23H4.18c	Rbx1	K03868
SPAC17G6.12	Cul1	K03347
SPBC409.05	Skp1	K03094
SPAC29E6.01	Pof11	K03362
SPAC4D7.03	Pop2	K03361
SPBC1718.01	Pop1	K03361
SPAC57A10.05c	Pof1	K10259
SPBC25B2.11	Pof2	K03360
SPAC24H6.03	Cul3	K03869
SPAC17H9.10c	Ddb1	K10610
SPAC343.03	Apc11	K03358
SPBP23A10.04	Apc2	K03349
SPAC821.08c	Slp1	K03363
SPAC144.13c	Srw1	K03364
SPBC106.09	Cut4	K03348
SPAC17C9.01c	Nuc2	K03350
SPAC19G12.01c	Cut20	K03351
SPAC959.09c	Apc5	K03352
SPAC6F12.15c	Cut9	K03353
SPAC6F12.14	Cut23	K03355
SPBC1A4.01	Apc10	K03357
SPBC21D10.11c	Nfs1	K04487
SPCC548.04	Urm1	K12161
SPBC2G5.03	Ctu1	K14168
SPBC19C2.13c	Ctu2	K14169
SPBC119.01	Rpn3	K03033
SPAC1420.03	Rpn501	K03035
SPAPB8E5.02c	Rpn502	K03035
SPAC23G3.11	Rpn6	K03036
SPBC582.07c	Rpn7	K03037
SPCC1682.10	Rpn8	K03038
SPAC607.05	Rpn9	K03039
SPAC31G5.13	Rpn11	K03030
SPBC16G5.01	Rpn12	K03031
SPAC3G6.02	Dss1	K10881
SPAC637.10c	Rpn10	K03029
SPBP19A11.03c	Mts4	K03028
SPBC17D11.07c	Rpn2	K03032
SPBC16C6.07c	Rpt1	K03061
SPBC4.07c	Rpt2	K03062
SPBC23G7.12c	Rpt6	K03066
SPCC1682.16	Rpt4	K03064
SPAC3A11.12c	Rpt5	K03065
SPCC576.10c	Rpt3	K03063
SPCC1442.06	Pre8	K02726
SPBC106.16	Pre6	K02731
SPAC323.02c	Pup2	K02729
SPCC1795.04c	Pre10	K02727
SPBC4C3.10c	Pre3	K02738
SPAC23D3.07	Pup1	K02739
SPCC63.12c	Pup3	K02735
SPAC4A8.13c	Pts1	K02737
SPAC22F8.06	Pam1	K02732
SPCC14G10.03c	Ump1	K11599
SPBP4H10.20	Nhm1	K12584
SPCC1840.11	Csl4	K07573
SPBC26H8.10	Dis3	K12585
SPAC3G9.10c	Ski6	K11600
SPBC115.01c	Rrp46	K12590
SPAC1F3.01	Rrp6	K12591
SPAC12G12.13c	Cid14	K03514
SPBP35G2.08c	Air1	K12597
SPAC6F12.16c	Mtr4	K12598
SPBC32F12.02	Rec14	K12601
SPCC31H12.08c	Ccr4	K12603
SPAC20G8.06	Not1	K12604
SPCC4G3.15c	Not2	K12605
SPAC1B3.05	Not3	K12580
SPAC16C9.04c	Mot2	K10643
SPCC18.06c	Caf1	K12581
SPAC29B12.06c	Rcd1	K12606
SPAC20G4.01	Caf16	K12608
SPAC19A8.12	Dcp2	K12613
SPBC776.09	Ste13	K12614
SPBC18E5.11c	Edc3	K12615
SPAC17A5.14	Exo2	K12618
SPAC26A3.12c	Dhp1	K12619
SPBC3D6.08c	Lsm1	K12620
SPCC1620.01c	Lsm2	K12621
SPBC9B6.05c	Lsm3	K12622
SPBC30D10.06	Lsm4	K12623
SPBC20F10.09	Lsm5	K12624
SPAC2F3.17c	Lsm6	K12625
SPCC285.12	Lsm7	K12626
SPCC1840.10	Lsm8	K12627
SPBC1815.01	Eno101	K01689
SPAC664.11	Ssc1	K04043
SPAC12G12.04	Mcp60	K04077
SPBC336.06c	Rnh1	K03469
SPAC3H5.06c	Pol1	K02320
SPCC553.09c	Spb70	K02321
SPAC6B12.10c	Spp1	K02684
SPBC17D11.06	Spp2	K02685
SPBC336.04	Cdc6	K02327
SPAC27E2.05	Cdc1	K02328
SPBC1734.02c	Cdc27	K03504
SPBC12D12.02c	Cdm1	K03505
SPBC25H2.13c	Cdc20	K02324
SPBP8B7.14c	Dpb2	K02325
SPBC3D6.09	Dpb4	K02326
SPBC4.04c	Mcm2	K02540
SPCC1682.02c	Mcm3	K02541
SPCC16A11.17	Cdc21	K02212
SPBC211.04c	Mcm6	K02542
SPBC25D12.03c	Mcm7	K02210
SPBC660.13c	Ssb1	K07466
SPCC1753.01c	Ssb2	K10739
SPBC16D10.09	Pcn1	K04802
SPBC23E6.07c	Rfc1	K10754
SPAC1687.03c	Rfc4	K10755
SPAC23D3.02	Rfc2	K10755
SPAC27E2.10c	Rfc3	K10756
SPBC83.14c	Rfc5	K10756
SPBC16D10.04c	Dna2	K10742
SPAC4G9.02	Rnh201	K10743
SPAC3G6.06c	Rad2	K04799
SPAC20G8.01	Cdc17	K10747
SPBC713.06	Adl1	K10747
SPAC30D11.07	Nth1	K10773
SPAPB24D3.04c	Mag1	K01247
SPCC1183.06	Ung1	K03648
SPCC965.05c	Thp1	K03649
SPAC26A3.02	Myh1	K03575
SPCC622.17	Apn1	K10771
SPBC3D6.10	Apn2	K10772
SPBC16D10.09	Pcn1	K04802
SPBC336.04	Cdc6	K02327
SPAC27E2.05	Cdc1	K02328
SPBC1734.02c	Cdc27	K03504
SPBC12D12.02c	Cdm1	K03505
SPBC25H2.13c	Cdc20	K02324
SPBP8B7.14c	Dpb2	K02325
SPBC3D6.09	Dpb4	K02326
SPAC3G6.06c	Rad2	K04799
SPAC20G8.01	Cdc17	K10747
SPBC713.06	Adl1	K10747
SPAC4H3.05	Srs2	K03657
SPAC23H4.18c	Rbx1	K03868
SPAC17H9.10c	Ddb1	K10610
SPAC12B10.12c	Rhp41	K10838
SPCC4G3.10c	Rhp42	K10838
SPBC2D10.12	Rhp23	K10839
SPCP25A2.02c	Rhp26	K10841
SPBC19F8.07	Mcs6	K02202
SPBC776.18c	Pmh1	K10842
SPBP16F5.02	Mcs2	K06634
SPAC17A5.06	Ptr8	K10843
SPAC1D4.12	Rad15	K10844
SPBC32F12.15	Tfb5	K10845
SPAC16E8.11c	Tfb1	K03141
SPCC1682.07	Ssl1	K03142
SPBC30B4.07c	Tfb4	K03143
SPBC13G1.13	Tfb2	K03144
SPBC3E7.08c	Rad13	K10846
SPBC649.03	Rhp14	K10847
SPBC660.13c	Ssb1	K07466
SPCC1753.01c	Ssb2	K10739
SPCC970.01	Rad16	K10848
SPBC4F6.15c	Swi10	K10849
SPBC336.04	Cdc6	K02327
SPAC27E2.05	Cdc1	K02328
SPBC1734.02c	Cdc27	K03504
SPBC12D12.02c	Cdm1	K03505
SPBC25H2.13c	Cdc20	K02324
SPBP8B7.14c	Dpb2	K02325
SPBC3D6.09	Dpb4	K02326
SPBC16D10.09	Pcn1	K04802
SPBC23E6.07c	Rfc1	K10754
SPAC1687.03c	Rfc4	K10755
SPAC23D3.02	Rfc2	K10755
SPAC27E2.10c	Rfc3	K10756
SPBC83.14c	Rfc5	K10756
SPAC20G8.01	Cdc17	K10747
SPBC713.06	Adl1	K10747
SPAC4H3.05	Srs2	K03657
SPBC1703.04	Mlh1	K08734
SPCC285.16c	Msh6	K08737
SPBC19G7.01c	Msh2	K08735
SPAC8F11.03	Msh3	K08736
SPBC23E6.07c	Rfc1	K10754
SPAC1687.03c	Rfc4	K10755
SPAC23D3.02	Rfc2	K10755
SPAC27E2.10c	Rfc3	K10756
SPBC83.14c	Rfc5	K10756
SPBC16D10.09	Pcn1	K04802
SPBC29A10.05	Exo1	K10746
SPBC660.13c	Ssb1	K07466
SPCC1753.01c	Ssb2	K10739
SPBC336.04	Cdc6	K02327
SPAC27E2.05	Cdc1	K02328
SPBC1734.02c	Cdc27	K03504
SPBC12D12.02c	Cdm1	K03505
SPAC20G8.01	Cdc17	K10747
SPBC713.06	Adl1	K10747
SPAC1556.01c	Rad50	K10866
SPAC13C5.07	Rad32	K10865
SPAC20H4.07	Rhp57	K10958
SPBC660.13c	Ssb1	K07466
SPCC1753.01c	Ssb2	K10739
SPAC644.14c	Rhp51	K04482
SPAC30D11.10	Rad22	K10873
SPBC119.14	Rti1	K10873
SPAC3G6.02	Dss1	K10881
SPAC15A10.03c	Rhp54	K10875
SPAC22F3.03c	Rdh54	K10877
SPBC336.04	Cdc6	K02327
SPAC27E2.05	Cdc1	K02328
SPBC1734.02c	Cdc27	K03504
SPBC12D12.02c	Cdm1	K03505
SPAC2G11.12	Rqh1	K10901
SPBC16G5.12c	Top3	K03165
SPCC4G3.05c	Mus81	K08991
SPCC126.02c	Pku70	K10884
SPBC543.03c	Pku80	K10885
SPCC1183.05c	Lig4	K10777
SPAC1556.01c	Rad50	K10866
SPAC13C5.07	Rad32	K10865
SPAC2F7.06c	Pol4	K10981
SPAC3G6.06c	Rad2	K04799
SPSNRNA.02	Snu2	K14277
SPCC663.03	Pmd1	K05658
SPAC15A10.01	Atm1	K05663
SPAC11H11.04	Mam2	K11213
SPAC3F10.10c	Map3	K04627
SPBC32H8.07	Git5	K07972
SPAC110.03	Cdc42	K04393
SPAC16E8.09	Scd1	K11236
SPAC22H10.07	Scd2	K11237
SPBC1604.14c	Shk1	K04409
SPBC1685.01	Pmp1	K11240
SPBC12D12.04c	Pck2	K02677
SPBC543.07	Pek1	K08294
SPAC1486.04c	Alm1	K09291
SPCC162.08c	Nup211	K09291
SPBC725.02	Mpr1	K11232
SPBC887.10	Mcs4	K11233
SPAC9G1.02	Wis4	K11230
SPBC409.07c	Wis1	K11227
SPAC24B11.06c	Sty1	K04441
SPBC12C2.12c	Glo1	K01759
SPAC22E12.16c	Pik1	K00888
SPAC19G12.14	Its3	K00889
SPAC458.05	Pik3	K00914
SPBC3E7.01	Fab1	K00921
SPAC1D4.08	Pis1	K00999
SPBC609.02	Ptn1	K01110
SPAC22F8.11	Plc1	K01116
SPBC12D12.04c	Pck2	K02677
SPAC29A4.05	Cam2	K02183
SPAC3A12.14	Cam1	K02183
SPBC12C2.08	Dnm1	K01528
SPBC1539.08	Arf6	K07941
SPAC19G12.14	Its3	K00889
SPAC26A3.05	Chc1	K04646
SPBC691.03c	Apl3	K11824
SPAC31A2.09c	Apm4	K11826
SPBC685.04c	Aps2	K11827
SPAC11G7.02	Pub1	K10591
SPAC1805.15c	Pub2	K10591
SPBC16E9.11c	Pub3	K10591
SPAC13G7.02c	Ssa1	K03283
SPCC1739.13	Ssa2	K03283
SPBC18H10.08c	Ubp4	K11839
SPAC19B12.10	Sst2	K11866
SPBC405.04c	Ypt7	K07897
SPAC19A8.05c	Sst4	K12182
SPBC1734.08	Hse1	K04705
SPAC1B3.07c	Vps28	K12184
SPBC651.05c	Dot2	K12188
SPBC3B9.09	Vps36	K12190
SPBC4B4.06	Vps25	K12189
SPBC215.14c	Vps20	K12195
SPAC1142.07c	Vps32	K12194
SPAC9E9.14	Vps24	K12193
SPAC4F8.01	Did4	K12191
SPAC2G11.06	Vps4	K12196
SPBC13G1.12	Did2	K12197
SPAC110.03	Cdc42	K04393
SPBC21D10.05c	Ucp3	K12486
SPAC22E12.17c	Glo3	K12493
SPBC31E1.04	Pep12	K08488
SPBC32H8.12c	Act1	K05692
SPCC895.04c	Ufe1	K08492
SPBC2A9.08c	Sec22	K08517
SPAC458.05	Pik3	K00914
SPAC19A8.05c	Sst4	K12182
SPAC343.05	Vma1	K02145
SPAC637.05c	Vma2	K02147
SPAPB2B4.05	Vma5	K02148
SPCC965.03	Vma8	K02149
SPAC11E3.07	Vma4	K02150
SPBC3B9.18c	Vma7	K02151
SPBC1289.05c	Vma10	K02152
SPAC16E8.07c	Vph1	K02154
SPAC17A2.03c	Vma6	K02146
SPAC7D4.10	Vma13	K02144
SPAC1B3.14	Vma3	K02155
SPAC732.01	Vma11	K02155
SPAC2C4.13	Vma16	K03661
SPBC405.04c	Ypt7	K07897
SPAC1093.06c	Dhc1	K10413
SPBC646.17c	Dic1	K10415
SPBC16A3.15c	Nda2	K07374
SPBC800.05c	Atb2	K07374
SPBC26H8.07c	Nda3	K07375
SPBC3E7.01	Fab1	K00921
SPBC354.02c	Sec61	K10956
SPBC2G2.03c	Sbh1	K09481
SPAC4G8.02c	Sss1	K07342
SPAC3C7.11c	Cnx1	K08054
SPAC17A5.01	Pex6	K13339
SPAC17D4.01	Pex7	K13341
SPBC725.07	Pex5	K13342
SPBC17A3.10	Pas4	K13346
SPBC18H10.02	Lcf1	K01897
SPBP4H10.11c	Lcf2	K01897
SPAC13G6.11c	Erg12	K00869
SPAC6G10.08	Idp1	K00031
SPCC757.07c	Ctt1	K03781
SPAC821.10c	Sod1	K04565
SPCC63.08c	Ppk36	K08269
SPBC354.14c	Vac8	K08332
SPBC119.07	Ppk19	K08333
SPAC458.05	Pik3	K00914
SPAC1783.06c	Atg12	K08336
SPBC4B4.10c	Mug77	K08339
SPBP8B7.24c	Atg8	K08341
SPBC3B9.06c	Apg3	K08343
SPBC11B10.09	Cdc2	K04563
SPBC14C8.07c	Cdc18	K02213
SPBC29A10.15	Orc1	K02603
SPBC685.09	Orc2	K02604
SPAC3H1.01c	Orp3	K02605
SPBP23A10.13	Orc4	K02606
SPBC646.14c	Orc5	K02607
SPBC4.04c	Mcm2	K02540
SPCC1682.02c	Mcm3	K02541
SPCC16A11.17	Cdc21	K02212
SPBC211.04c	Mcm6	K02542
SPBC25D12.03c	Mcm7	K02210
SPBC21C3.18	Spo4	K02214
SPBC776.12c	Hsk1	K02214
SPCC550.13	Dfp1	K02309
SPAC17D4.02	Cdc45	K06628
SPBC106.09	Cut4	K03348
SPBP23A10.04	Apc2	K03349
SPAC17C9.01c	Nuc2	K03350
SPAC19G12.01c	Cut20	K03351
SPAC959.09c	Apc5	K03352
SPAC6F12.15c	Cut9	K03353
SPAC6F12.14	Cut23	K03355
SPBC1A4.01	Apc10	K03357
SPAC343.03	Apc11	K03358
SPAC821.08c	Slp1	K03363
SPBC409.05	Skp1	K03094
SPAC17G6.12	Cul1	K03347
SPAC23H4.18c	Rbx1	K03868
SPBC25B2.11	Pof2	K03360
SPAC4D7.03	Pop2	K03361
SPBC1718.01	Pop1	K03361
SPCC16C4.11	Pef1	K06655
SPBC106.01	Mph1	K08866
SPBC3D6.04c	Mad1	K06679
SPBC20F10.06	Mad2	K02537
SPCC1795.01c	Mad3	K06680
SPCC1322.12c	Bub1	K02178
SPAC23H3.08c	Bub3	K02180
SPAC589.08c	Dam1	K02307
SPCC1259.13	Chk1	K02216
SPCC5E4.04	Cut1	K02365
SPAC227.07c	Pab1	K04354
SPAC823.15	Ppa1	K04382
SPBC16H5.07c	Ppa2	K04382
SPAP8A3.09c	Paa1	K03456
SPBC428.13c	Mob1	K06685
SPAC1782.09c	Clp1	K06639
SPAC144.13c	Srw1	K03364
SPAPB2B4.03	Cig2	K02220
SPBC582.03	Cdc13	K02220
SPBC1734.14c	Suc1	K02219
SPCC18B5.03	Wee1	K03114
SPAC57A10.05c	Pof1	K10259
SPBC16H5.11c	Skb1	K02516
SPAC1952.07	Rad1	K02830
SPAC14C4.13	Rad17	K06662
SPAC694.06c	Mrc1	K11272
SPCC18B5.11c	Cds1	K02831
SPAC3G9.14	Sak1	K09175
SPBC23E6.09	Ssn6	K06665
SPAC18B11.10	Tup11	K06666
SPAC630.14c	Tup12	K06666
SPBC29A10.04	Psm1	K06636
SPAC10F6.09c	Psm3	K06669
SPCC338.17c	Rad21	K06670
SPAC17H9.20	Psc3	K06671
SPAC31A2.05c	Mis4	K06672
SPBP4H10.06c	Cut14	K06674
SPBC146.03c	Cut3	K06675
SPCC306.03c	Cnd2	K06676
SPBC776.13	Cnd1	K06677
SPCC188.03	Cnd3	K06678
SPBC11B10.09	Cdc2	K04563
SPAC1F8.01	Ght3	K08139
SPBC1683.08	Ght4	K08139
SPBC4B4.08	Ght2	K08139
SPCC1235.13	Ght6	K08139
SPCC548.06c	Ght8	K08139
SPCC548.07c	Ght1	K08139
SPCC74.03c	Ssp2	K12761
SPBC19C7.03	Cyr1	K01768
SPBC106.10	Pka1	K04345
SPAC3C7.06c	Pit1	K12765
SPBC14C8.07c	Cdc18	K02213
SPBC29A10.15	Orc1	K02603
SPBC685.09	Orc2	K02604
SPAC3H1.01c	Orp3	K02605
SPBP23A10.13	Orc4	K02606
SPBC646.14c	Orc5	K02607
SPBC4.04c	Mcm2	K02540
SPCC1682.02c	Mcm3	K02541
SPCC16A11.17	Cdc21	K02212
SPBC211.04c	Mcm6	K02542
SPBC25D12.03c	Mcm7	K02210
SPAC17D4.02	Cdc45	K06628
SPBC21C3.18	Spo4	K02214
SPBC776.12c	Hsk1	K02214
SPCC550.13	Dfp1	K02309
SPAPB18E9.02c	Ppk18	K12767
SPAC17A5.11	Rec12	K10878
SPAC8E11.03c	Dmc1	K10872
SPAC1782.09c	Clp1	K06639
SPBC776.02c	Dis2	K06269
SPAC14C4.03	Mek1	K12776
SPCC18B5.03	Wee1	K03114
SPAC1952.07	Rad1	K02830
SPAC14C4.13	Rad17	K06662
SPCC18B5.11c	Cds1	K02831
SPCC1259.13	Chk1	K02216
SPCC5E4.04	Cut1	K02365
SPBC29A10.04	Psm1	K06636
SPAC10F6.09c	Psm3	K06669
SPAC17H9.20	Psc3	K06671
SPBC20F10.06	Mad2	K02537
SPBC3D6.04c	Mad1	K06679
SPBC106.09	Cut4	K03348
SPBP23A10.04	Apc2	K03349
SPAC17C9.01c	Nuc2	K03350
SPAC19G12.01c	Cut20	K03351
SPAC959.09c	Apc5	K03352
SPAC6F12.15c	Cut9	K03353
SPAC6F12.14	Cut23	K03355
SPBC1A4.01	Apc10	K03357
SPAC343.03	Apc11	K03358
SPAC821.08c	Slp1	K03363
SPCC1322.12c	Bub1	K02178
SPAC6F12.12	Par2	K11584
SPCC188.02	Par1	K11584
SPAC823.15	Ppa1	K04382
SPBC16H5.07c	Ppa2	K04382
SPAP8A3.09c	Paa1	K03456
SPCC825.03c	Psy1	K08486
SPBC31E1.04	Pep12	K08488
SPAC823.05c	Tlg2	K08489
SPBC8D2.14c	Sed5	K08490
SPCC895.04c	Ufe1	K08492
SPBC3B9.10	Vti1	K08493
SPAC4G8.10	Gos1	K08495
SPAP14E8.03	Bos1	K08496
SPBC36B7.07	Tlg1	K08499
SPAC6F12.03c	Fsv1	K08501
SPAC23C4.13	Bet1	K08504
SPAC31A2.13c	Sft1	K08505
SPBC26H8.02c	Sec9	K08508
SPAC6G9.11	Syb1	K08513
SPBC13G1.11	Ykt6	K08516
SPBC2A9.08c	Sec22	K08517
SPAC11H11.04	Mam2	K11213
SPAC3F10.10c	Map3	K04627
SPBC29A10.04	Psm1	K06636
SPAC10F6.09c	Psm3	K06669
SPCC338.17c	Rad21	K06670
SPAC17H9.20	Psc3	K06671
SPAC31A2.05c	Mis4	K06672
SPAC110.02	Pds5	K11267
SPBC902.02c	Ctf18	K11269
SPAC19D5.11c	Ctf8	K11270
SPAC31A2.15c	Dcc1	K11271
SPAC1687.03c	Rfc4	K10755
SPAC23D3.02	Rfc2	K10755
SPAC27E2.10c	Rfc3	K10756
SPBC83.14c	Rfc5	K10756
SPBC216.06c	Swi1	K10997
SPBC30D10.04	Swi3	K10998
SPAC694.06c	Mrc1	K11272
SPAPB1E7.02c	Mcl1	K11274
SPAC19G12.06c	Hta2	K11251
SPBC11B10.10c	Pht1	K11251
SPCC622.08c	Hta1	K11251
SPCC622.09	Htb1	K11252
SPAC1834.04	Hht1	K11253
SPBC1105.11c	Hht3	K11253
SPBC8D2.04	Hht2	K11253
SPAC1834.03c	Hhf1	K11254
SPBC1105.12	Hhf3	K11254
SPBC8D2.03c	Hhf2	K11254
SPBC2D10.11c	Nap2	K11279
SPCC364.06	Nap1	K11279
SPAC26H5.03	Pcf2	K10751
SPAC25H1.06	Pcf3	K10752
SPAC29A4.18	Prw1	K10752
SPCC1672.10	Mis16	K10752
SPCC663.05c	Cia1	K10753
SPAC1F7.01c	Spt6	K11292
SPBC15D4.03	Slm9	K11293
SPBC31F10.13c	Hip1	K11293
SPAC140.02	Gar2	K11294
SPAC139.06	Hat1	K11303
SPAC1952.05	Gcn5	K06062
SPAC2G11.14	Taf111	K03125
SPAC637.12c	Mst1	K11304
SPAC29A4.20	Elp3	K07739
SPBC342.06c	Rtt109	K11309
SPBC8D2.07c	Sfc9	K11310
SPAC1952.05	Gcn5	K06062
SPAC1F5.11c	Tra2	K08874
SPBP16F5.03c	Tra1	K08874
SPCC61.02	Spt3	K11313
SPCC24B10.08c	Ada2	K11314
SPBC15D4.14	Taf73	K03130
SPCC5E4.03c	Taf5	K03130
SPCC16C4.18c	Taf6	K03131
SPAC12G12.05c	Taf9	K03133
SPBC21H7.02	Taf10	K03134
SPAC15A10.02	Taf12	K03126
SPAC1952.05	Gcn5	K06062
SPAC1F5.11c	Tra2	K08874
SPBP16F5.03c	Tra1	K08874
SPCC61.02	Spt3	K11313
SPBC15D4.14	Taf73	K03130
SPCC5E4.03c	Taf5	K03130
SPCC16C4.18c	Taf6	K03131
SPAC12G12.05c	Taf9	K03133
SPBC21H7.02	Taf10	K03134
SPAC15A10.02	Taf12	K03126
SPAC1952.05	Gcn5	K06062
SPAC1F5.11c	Tra2	K08874
SPBP16F5.03c	Tra1	K08874
SPCC61.02	Spt3	K11313
SPAC3A12.05c	Taf2	K03128
SPBC15D4.14	Taf73	K03130
SPCC5E4.03c	Taf5	K03130
SPCC16C4.18c	Taf6	K03131
SPAC13F5.02c	Ptr6	K03132
SPAC12G12.05c	Taf9	K03133
SPBC21H7.02	Taf10	K03134
SPAC15A10.02	Taf12	K03126
SPAC637.12c	Mst1	K11304
SPAC1F5.11c	Tra2	K08874
SPBP16F5.03c	Tra1	K08874
SPCC830.05c	Epl1	K11322
SPAC9G1.13c	Swc4	K11324
SPAPB8E5.09	Rvb1	K04499
SPBC83.08	Rvb2	K11338
SPAC23H4.12	Alp13	K11339
SPBC32H8.12c	Act1	K05692
SPAC17G8.07	Yaf9	K11341
SPAC1952.05	Gcn5	K06062
SPAC1F5.11c	Tra2	K08874
SPBP16F5.03c	Tra1	K08874
SPCC61.02	Spt3	K11313
SPBC25H2.11c	Spt7	K11359
SPBC14C8.17c	Spt8	K11360
SPAC4D7.10c	Spt20	K11361
SPBC887.18c	Hfi1	K11362
SPCC24B10.08c	Ada2	K11314
SPAC57A10.14	Sgf11	K11363
SPBC1921.07c	Sgf29	K11364
SPCC126.04c	Sgf73	K11365
SPBC15D4.14	Taf73	K03130
SPCC5E4.03c	Taf5	K03130
SPCC16C4.18c	Taf6	K03131
SPAC12G12.05c	Taf9	K03133
SPBC21H7.02	Taf10	K03134
SPAC15A10.02	Taf12	K03126
SPAC13A11.04c	Ubp8	K11366
SPAC1783.05	Hrp1	K11367
SPAC3G6.01	Hrp3	K11367
SPBC6B1.12c	Sus1	K11368
SPAC1952.05	Gcn5	K06062
SPAC1F5.11c	Tra2	K08874
SPBP16F5.03c	Tra1	K08874
SPCC61.02	Spt3	K11313
SPBC25H2.11c	Spt7	K11359
SPAC4D7.10c	Spt20	K11361
SPBC887.18c	Hfi1	K11362
SPCC24B10.08c	Ada2	K11314
SPAC57A10.14	Sgf11	K11363
SPBC1921.07c	Sgf29	K11364
SPCC126.04c	Sgf73	K11365
SPBC15D4.14	Taf73	K03130
SPCC5E4.03c	Taf5	K03130
SPCC16C4.18c	Taf6	K03131
SPAC12G12.05c	Taf9	K03133
SPBC21H7.02	Taf10	K03134
SPAC15A10.02	Taf12	K03126
SPAC13A11.04c	Ubp8	K11366
SPAC1783.05	Hrp1	K11367
SPAC3G6.01	Hrp3	K11367
SPAC1952.05	Gcn5	K06062
SPCC24B10.08c	Ada2	K11314
SPBC1921.07c	Sgf29	K11364
SPAC1952.05	Gcn5	K06062
SPCC24B10.08c	Ada2	K11314
SPAC139.06	Hat1	K11303
SPAC25H1.06	Pcf3	K10752
SPAC29A4.18	Prw1	K10752
SPCC1672.10	Mis16	K10752
SPBC577.15c	Sim3	K11372
SPAC29A4.20	Elp3	K07739
SPBC36.07	Iki3	K11373
SPAC17G8.13c	Mst2	K11378
SPAC22H12.02	Tfg3	K03140
SPAC637.12c	Mst1	K11304
SPAC1F5.11c	Tra2	K08874
SPBP16F5.03c	Tra1	K08874
SPAC3G9.08	Png1	K11396
SPAC17G8.07	Yaf9	K11341
SPCC1795.08c	Vid21	K11397
SPAC9G1.13c	Swc4	K11324
SPAC23H4.12	Alp13	K11339
SPCC830.05c	Epl1	K11322
SPBC32H8.12c	Act1	K05692
SPAC23D3.09	Arp42	K11400
SPBP23A10.08	Alp5	K11400
SPBC36.05c	Clr6	K06067
SPAC3G9.07c	Hos2	K11483
SPBC800.03	Clr3	K11407
SPCC306.04c	Set1	K11422
SPAC29B12.02c	Set2	K11423
SPBP8B7.07c	Set6	K11426
SPBC428.08c	Clr4	K11419
SPCC4B3.12	Set9	K11429
SPAC890.07c	Rmt1	K11434
SPBC8D2.10c	Rmt3	K11436
SPBC16H5.11c	Skb1	K02516
SPCC622.16c	Epe1	K10276
SPBC16D10.07c	Sir2	K11121
SPCC132.02	Hst2	K11121
SPBP4H10.06c	Cut14	K06674
SPBC146.03c	Cut3	K06675
SPCC306.03c	Cnd2	K06676
SPBC776.13	Cnd1	K06677
SPCC188.03	Cnd3	K06678
SPBP4H10.06c	Cut14	K06674
SPBC146.03c	Cut3	K06675
SPBC1A4.03c	Top2	K03164
SPBC1105.17	Cnp1	K11495
SPBC1861.01c	Cnp3	K11497
SPAC1687.20c	Mis6	K11501
SPAC4F10.12	Fta1	K11504
SPBC11C11.03	Ndc80	K11547
SPAC27F1.04c	Nuf2	K11548
SPAC1687.20c	Mis6	K11501
SPBC1861.01c	Cnp3	K11497
SPBP22H7.09c	Mis15	K11551
SPAC25B8.14	Mal2	K11552
SPAC16A10.05c	Dad1	K11553
SPAC25B8.14	Mal2	K11552
SPBC11C11.03	Ndc80	K11547
SPAC27F1.04c	Nuf2	K11548
SPBC336.08	Spc24	K11557
SPCC188.04c	Spc25	K11558
SPBC409.04c	Mis12	K11559
SPBC409.09c	Mis13	K11560
SPAC688.02c	Mis14	K11561
SPAC29E6.04	Nnf1	K11562
SPCC1020.02	Spc7	K11563
SPAC25H1.06	Pcf3	K10752
SPAC29A4.18	Prw1	K10752
SPCC1672.10	Mis16	K10752
SPCC970.12	Mis18	K11564
SPBC27.02c	Ask1	K11566
SPAC16A10.05c	Dad1	K11553
SPAC1805.07c	Dad2	K11567
SPAC14C4.16	Dad3	K11568
SPBC3B9.22c	Dad4	K11569
SPAC589.08c	Dam1	K02307
SPCC1223.15c	Spc19	K11572
SPBC409.05	Skp1	K03094
SPBC3D6.04c	Mad1	K06679
SPBC20F10.06	Mad2	K02537
SPBC12D12.09	Rev7	K13728
SPCC1322.12c	Bub1	K02178
SPAC23H3.08c	Bub3	K02180
SPAC1093.06c	Dhc1	K10413
SPBC646.17c	Dic1	K10415
SPBC106.01	Mph1	K08866
SPAC31G5.09c	Spk1	K04371
SPAC823.15	Ppa1	K04382
SPBC16H5.07c	Ppa2	K04382
SPAP8A3.09c	Paa1	K03456
SPAC227.07c	Pab1	K04354
SPAC6F12.12	Par2	K11584
SPCC188.02	Par1	K11584
SPCC188.13c	Dcr1	K11592
SPCC1795.11	Sum3	K11594
SPAC18G6.02c	Chp1	K11595
SPCC736.11	Ago1	K11596
SPBC83.03c	Tas3	K11597
SPAC6F12.09	Rdp1	K11699
SPCC663.12	Cid12	K11700
SPCC1739.03	Hrr1	K11701
SPBC19C2.02	Pmt1	K00558
SPBC36.05c	Clr6	K06067
SPAC25H1.06	Pcf3	K10752
SPAC29A4.18	Prw1	K10752
SPCC1672.10	Mis16	K10752
SPBC12C2.10c	Pst1	K11644
SPBC428.08c	Clr4	K11419
SPCC5E4.04	Cut1	K02365
SPBC106.09	Cut4	K03348
SPBP23A10.04	Apc2	K03349
SPAC17C9.01c	Nuc2	K03350
SPAC19G12.01c	Cut20	K03351
SPAC959.09c	Apc5	K03352
SPAC6F12.15c	Cut9	K03353
SPAC6F12.14	Cut23	K03355
SPBC1A4.01	Apc10	K03357
SPAC343.03	Apc11	K03358
SPAC821.08c	Slp1	K03363
SPCC320.13c	Ark1	K08850
SPAC23C11.16	Plo1	K06631
SPAC2F7.08c	Snf5	K11648
SPAC17G6.10	Ssr1	K11649
SPAC23G3.10c	Ssr3	K11650
SPBC32H8.12c	Act1	K05692
SPAC2F7.08c	Snf5	K11648
SPAC17G6.10	Ssr1	K11649
SPAC23G3.10c	Ssr3	K11650
SPBC32H8.12c	Act1	K05692
SPBC3D6.09	Dpb4	K02326
SPBC36.05c	Clr6	K06067
SPAC25H1.06	Pcf3	K10752
SPAC29A4.18	Prw1	K10752
SPCC1672.10	Mis16	K10752
SPAC25H1.06	Pcf3	K10752
SPAC29A4.18	Prw1	K10752
SPCC1672.10	Mis16	K10752
SPAC25H1.06	Pcf3	K10752
SPAC29A4.18	Prw1	K10752
SPCC1672.10	Mis16	K10752
SPCC550.12	Arp6	K11662
SPAPB8E5.09	Rvb1	K04499
SPBC83.08	Rvb2	K11338
SPAC9G1.13c	Swc4	K11324
SPAC17G8.07	Yaf9	K11341
SPBC29A3.05	Vps71	K11663
SPBP35G2.13c	Swc2	K11664
SPAC29B12.01	Ino80	K11665
SPAC222.04c	Ies6	K11667
SPAPB8E5.09	Rvb1	K04499
SPBC83.08	Rvb2	K11338
SPBC365.10	Arp5	K11672
SPAC664.02c	Arp8	K11673
SPAC29B12.01	Ino80	K11665
SPAC6B12.05c	Ies2	K11676
SPAC222.04c	Ies6	K11667
SPAC22H12.02	Tfg3	K03140
SPAPB8E5.09	Rvb1	K04499
SPBC83.08	Rvb2	K11338
SPAC23D3.09	Arp42	K11400
SPBP23A10.08	Alp5	K11400
SPBC365.10	Arp5	K11672
SPAC664.02c	Arp8	K11673
SPBC4B4.03	Rsc1	K11756
SPBC1734.15	Rsc4	K11759
SPCC1281.05	Rsc7	K11761
SPAC23H3.10	Ssr2	K11762
SPBC1703.02	Rsc9	K11763
SPAC1F3.07c	Rsc58	K11766
SPAC1071.06	Arp9	K11768
SPCC16A11.14	Sfh1	K11770
SPAC1250.01	Snf21	K11786
SPCC1620.14c	Snf22	K11786
SPBC30B4.04c	Sol1	K11771
SPAC1250.01	Snf21	K11786
SPCC1620.14c	Snf22	K11786
SPAC2F7.08c	Snf5	K11648
SPAC1071.06	Arp9	K11768
SPAC22H12.02	Tfg3	K03140
SPAC11E3.01c	Swr1	K11681
SPBC32H8.12c	Act1	K05692
SPAC23D3.09	Arp42	K11400
SPBP23A10.08	Alp5	K11400
SPAPB8E5.09	Rvb1	K04499
SPBC83.08	Rvb2	K11338
SPCC550.12	Arp6	K11662
SPAC17G8.07	Yaf9	K11341
SPBC29A3.05	Vps71	K11663
SPBP35G2.13c	Swc2	K11664
SPAC9G1.13c	Swc4	K11324
SPCC1450.02	Bdf1	K11684
SPAC27F1.03c	Uch1	K05609
SPBC409.06	Uch2	K05610
SPBC6B1.06c	Ubp14	K11836
SPCC16A11.12c	Ubp1	K11870
SPCC1494.05c	Ubp12	K11835
SPBC18H10.08c	Ubp4	K11839
SPAC6G9.08	Ubp6	K11843
SPBC713.02c	Ubp21	K11838
SPCC188.08c	Ubp22	K11838
SPBP8B7.21	Ubp3	K11841
SPAC23G3.08c	Ubp7	K11844
SPAC13A11.04c	Ubp8	K11366
SPAC328.06	Ubp2	K11849
SPCC1682.12c	Ubp16	K11855
SPBC1703.12	Ubp9	K11872
SPAP7G5.02c	Gua2	K01951
SPAC4D7.08c	Ade4	K00764
SPBC119.10	Asn1	K01953
SPBC19G7.09	Ulp1	K08592
SPAC17A5.07c	Ulp2	K08596
SPCC5E4.04	Cut1	K02365
SPAC24C9.14	Otu1	K13719
SPBC1921.05	Ape2	K13721
SPAC3A12.05c	Taf2	K03128
SPAC1F3.10c	Oct1	K01410
SPACUNK4.12c	Mug138	K01408
SPBC18E5.12c	Mas2	K01412
SPBP23A10.15c	Qcr1	K01412
SPBC16D10.03	Pgp2	K01409
SPCC1259.10	Pgp1	K01409
SPBC14C8.03	Fma2	K01265
SPBC3E7.10	Fma1	K01265
SPAC31G5.13	Rpn11	K03030
SPAC1687.13c	Csn5	K09613
SPAC19B12.10	Sst2	K11866
SPAP8A3.12c	Tpp2	K01280
SPAC19G12.10c	Cpy1	K13289
SPAC22F3.06c	Lon1	K08675
SPBC1685.03	Sec11	K13280
SPCC1442.06	Pre8	K02726
SPBC106.16	Pre6	K02731
SPAC323.02c	Pup2	K02729
SPCC1795.04c	Pre10	K02727
SPBC4C3.10c	Pre3	K02738
SPAC23D3.07	Pup1	K02739
SPCC63.12c	Pup3	K02735
SPAC4A8.13c	Pts1	K02737
SPAC22F8.06	Pam1	K02732
SPAC56E4.06c	Ggt2	K00681
SPAC664.09	Ggt1	K00681
SPBC32H8.12c	Act1	K05692
SPBC146.13c	Myo1	K10356
SPBC14C8.06	Arc1	K05757
SPAC6F6.10c	Arc2	K05758
SPBC1778.08c	Arc3	K05756
SPAC6G9.07c	Arc4	K05755
SPAC17G8.04c	Arc5	K05754
SPAC20G4.06c	Adf1	K05765
SPAC12B10.07	Acp1	K10364
SPAC4A8.15c	Cdc3	K05759
SPBC16A3.15c	Nda2	K07374
SPBC800.05c	Atb2	K07374
SPBC26H8.07c	Nda3	K07375
SPBC32F12.04	Tug1	K10389
SPAC25G10.07c	Cut7	K10398
SPBC2F12.13	Klp5	K10401
SPAC664.10	Klp2	K10405
SPAC1093.06c	Dhc1	K10413
SPBC646.17c	Dic1	K10415
SPAC926.07c	Dlc2	K10418
SPAC19G12.07c	Rsd1	K13091
SPAC26A3.08	Smb1	K11086
SPAC27D7.07c	Smd1	K11087
SPAC2C4.03c	Smd2	K11096
SPBC19C2.14	Smd3	K11088
SPBC11G11.06c	Sme1	K11097
SPBC3E7.14	Smf1	K11098
SPBC4B4.05	Smg1	K11099
SPAC19A8.13	Usp101	K11093
SPBP8B7.16c	Dbp2	K12823
SPAC4D7.13	Usp104	K12821
SPAC26A3.08	Smb1	K11086
SPAC27D7.07c	Smd1	K11087
SPAC2C4.03c	Smd2	K11096
SPBC19C2.14	Smd3	K11088
SPBC11G11.06c	Sme1	K11097
SPBC3E7.14	Smf1	K11098
SPBC4B4.05	Smg1	K11099
SPAC22A12.09c	Sap114	K12825
SPBC21C3.05	Sap62	K12826
SPBC36.09	Sap61	K12827
SPAC22F8.10c	Sap145	K12829
SPAPJ698.03c	Prp12	K12830
SPAC31G5.01	Sap49	K12831
SPAC23H3.02c	Ini1	K12834
SPBC146.07	Prp2	K12837
SPBC16H5.10c	Prp43	K12820
SPCC10H11.01	Prp11	K12811
SPCC1281.02c	Spf30	K12839
SPAC23H3.08c	Bub3	K02180
SPBC1289.02c	Uap2	K13093
SPCC962.06c	Bpb1	K13095
SPAC26A3.08	Smb1	K11086
SPAC27D7.07c	Smd1	K11087
SPAC2C4.03c	Smd2	K11096
SPBC19C2.14	Smd3	K11088
SPBC11G11.06c	Sme1	K11097
SPBC3E7.14	Smf1	K11098
SPBC4B4.05	Smg1	K11099
SPAC19A8.13	Usp101	K11093
SPBP8B7.16c	Dbp2	K12823
SPAC4D7.13	Usp104	K12821
SPAC26A3.08	Smb1	K11086
SPAC27D7.07c	Smd1	K11087
SPAC2C4.03c	Smd2	K11096
SPBC19C2.14	Smd3	K11088
SPBC11G11.06c	Sme1	K11097
SPBC3E7.14	Smf1	K11098
SPBC4B4.05	Smg1	K11099
SPAC22A12.09c	Sap114	K12825
SPBC21C3.05	Sap62	K12826
SPBC36.09	Sap61	K12827
SPAC22F8.10c	Sap145	K12829
SPAPJ698.03c	Prp12	K12830
SPAC31G5.01	Sap49	K12831
SPAC23H3.02c	Ini1	K12834
SPBC146.07	Prp2	K12837
SPBC16H5.10c	Prp43	K12820
SPCC10H11.01	Prp11	K12811
SPCC1281.02c	Spf30	K12839
SPAC26A3.08	Smb1	K11086
SPAC27D7.07c	Smd1	K11087
SPAC2C4.03c	Smd2	K11096
SPBC19C2.14	Smd3	K11088
SPBC11G11.06c	Sme1	K11097
SPBC3E7.14	Smf1	K11098
SPBC4B4.05	Smg1	K11099
SPCC1620.01c	Lsm2	K12621
SPBC9B6.05c	Lsm3	K12622
SPBC30D10.06	Lsm4	K12623
SPBC20F10.09	Lsm5	K12624
SPAC2F3.17c	Lsm6	K12625
SPCC285.12	Lsm7	K12626
SPCC1840.10	Lsm8	K12627
SPAC29E6.02	Prp3	K12843
SPBC1709.04c	Cyp3	K09567
SPBC119.13c	Prp31	K12844
SPAC607.03c	Snu13	K12845
SPBC215.12	Cwf10	K12852
SPBC6B1.07	Prp1	K12855
SPAC4F8.12c	Spp42	K12856
SPBC1289.11	Spf38	K12857
SPAC9.03c	Brr2	K12854
SPCC63.11	Prp28	K12858
SPCC16A11.05c	Dim1	K12859
SPAC167.03c	Snu66	K11984
SPBC577.07	Ubp10	K12847
SPAC22F3.11c	Snu23	K12848
SPBC19C2.08	Prp38	K12849
SPBC13E7.01	Cwf22	K13100
SPBC19C2.01	Cdc28	K12813
SPAC21E11.05c	Cyp8	K10598
SPAC6F12.16c	Mtr4	K12598
SPAC29A4.08c	Prp19	K10599
SPAC644.12	Cdc5	K12860
SPBC28F2.04c	Cwf7	K12861
SPBP22H7.07	Prp5	K12862
SPBC337.06c	Cwf15	K12863
SPAC13G7.02c	Ssa1	K03283
SPCC1739.13	Ssa2	K03283
SPCC188.11	Prp45	K06063
SPBC211.02c	Cwf3	K12867
SPBC31F10.11c	Cwf4	K12869
SPBC646.02	Cwf11	K12874
SPBC24C6.11	Cwf14	K12873
SPCP1E11.07c	Cwf18	K12871
SPBC32F12.05c	Cwf12	K12870
SPAC57A10.03	Cyp1	K12733
SPCC550.02c	Cwf5	K12872
SPCC1620.10	Cwf26	K13106
SPBC887.05c	Cwf29	K13107
SPBC31E1.03	Hub1	K13113
SPAC26A3.08	Smb1	K11086
SPAC27D7.07c	Smd1	K11087
SPAC2C4.03c	Smd2	K11096
SPBC19C2.14	Smd3	K11088
SPBC11G11.06c	Sme1	K11097
SPBC3E7.14	Smf1	K11098
SPBC4B4.05	Smg1	K11099
SPCC1620.01c	Lsm2	K12621
SPBC9B6.05c	Lsm3	K12622
SPAC22A12.09c	Sap114	K12825
SPBC21C3.05	Sap62	K12826
SPBC36.09	Sap61	K12827
SPAC22F8.10c	Sap145	K12829
SPAPJ698.03c	Prp12	K12830
SPAC31G5.01	Sap49	K12831
SPAC23H3.02c	Ini1	K12834
SPAC26A3.08	Smb1	K11086
SPAC27D7.07c	Smd1	K11087
SPAC2C4.03c	Smd2	K11096
SPBC19C2.14	Smd3	K11088
SPBC11G11.06c	Sme1	K11097
SPBC3E7.14	Smf1	K11098
SPBC4B4.05	Smg1	K11099
SPBC215.12	Cwf10	K12852
SPAC9.03c	Brr2	K12854
SPBC6B1.07	Prp1	K12855
SPAC4F8.12c	Spp42	K12856
SPBC1289.11	Spf38	K12857
SPCC63.11	Prp28	K12858
SPAC167.03c	Snu66	K11984
SPAC22F3.11c	Snu23	K12848
SPBC19C2.08	Prp38	K12849
SPBC13E7.01	Cwf22	K13100
SPBC19C2.01	Cdc28	K12813
SPAC21E11.05c	Cyp8	K10598
SPAC6F12.16c	Mtr4	K12598
SPBC16H5.10c	Prp43	K12820
SPAC29A4.08c	Prp19	K10599
SPAC644.12	Cdc5	K12860
SPBC28F2.04c	Cwf7	K12861
SPBC337.06c	Cwf15	K12863
SPBP22H7.07	Prp5	K12862
SPAC13G7.02c	Ssa1	K03283
SPCC1739.13	Ssa2	K03283
SPCC188.11	Prp45	K06063
SPBC211.02c	Cwf3	K12867
SPBC31F10.11c	Cwf4	K12869
SPBC646.02	Cwf11	K12874
SPBC24C6.11	Cwf14	K12873
SPCP1E11.07c	Cwf18	K12871
SPBC32F12.05c	Cwf12	K12870
SPAC57A10.03	Cyp1	K12733
SPCC550.02c	Cwf5	K12872
SPCC1620.10	Cwf26	K13106
SPBC887.05c	Cwf29	K13107
SPAC17G6.14c	Uap56	K12812
SPAC1D4.14	Tho2	K12879
SPBC1D7.04	Mlo3	K12881
SPBC6B1.10	Prp17	K12816
SPCC126.14	Prp18	K12817
SPBC365.05c	Slu7	K12819
SPAC10F6.02c	Prp22	K12818
SPBC1711.17	Prp16	K12815
SPBC17G9.05	Rct1	K12735
SPCC553.04	Cyp9	K12736
SPBC16H5.05c	Cyp7	K12737
SPCC364.02c	Bis1	K13118
SPBC13E7.02	Cwf24	K13127
SPCC1281.02c	Spf30	K12839
SPAC1D4.14	Tho2	K12879
SPBC1D7.04	Mlo3	K12881
SPAC17G6.14c	Uap56	K12812
SPCC1795.11	Sum3	K11594
SPAC1F7.02c	Has1	K13179
SPAC30D11.03	Ddx27	K13181
SPAC3H5.04	Aar2	K13205
SPBC1734.05c	Spf31	K09528
SPBC776.02c	Dis2	K06269
SPBC16H5.11c	Skb1	K02516
SPCC777.14	Prp4	K08827
SPBC4B4.09	Usp105	K13217
SPCC126.02c	Pku70	K10884
SPSNRNA.02	Snu2	K14277
SPAC24C9.10c	Mrp4	K02967
SPAC4G9.17c	MrpS5	K02988
SPBC16G5.04	MrpL23	K02871
SPAC24C9.10c	Mrp4	K02967
SPAC4G9.17c	MrpS5	K02988
SPAC13G6.02c	Rps101	K02984
SPAC22H12.04c	Rps102	K02984
SPAC959.07	Rps403	K02987
SPBC19F8.08	Rps401	K02987
SPBC21B10.10	Rps402	K02987
SPAC13G6.07c	Rps601	K02991
SPAPB1E7.12	Rps602	K02991
SPAC2C4.16c	Rps801	K02995
SPAC521.05	Rps802	K02995
SPBC839.05c	Rps1701	K02962
SPCC24B10.09	Rps1702	K02962
SPBC21C3.13	Rps1901	K02966
SPBC649.02	Rps1902	K02966
SPAC17G6.06	Rps2401	K02974
SPBC17G9.07	Rps2402	K02974
SPAC694.05c	Rps2502	K02975
SPBC3D6.15	Rps2501	K02975
SPAC1805.11c	Rps2602	K02976
SPAC806.03c	Rps2601	K02976
SPBC1685.10	Rps27	K02978
SPAC6G10.11c	Ubi3	K02977
SPAC25G10.06	Rps2801	K02979
SPCC285.15c	Rps2802	K02979
SPAC19B12.04	Rps3001	K02983
SPBC19G7.03c	Rps3002	K02983
SPBC16G5.04	MrpL23	K02871
SPBC1711.06	Rpl401	K02930
SPBP8B7.03c	Rpl402	K02930
SPBC29A3.04	Rpl8	K02936
SPAP7G5.05	Rpl1002	K02866
SPBC18E5.04	Rpl1001	K02866
SPAC664.05	Rpl13	K02873
SPAC1805.13	Rpl14	K02875
SPAC1783.08c	Rpl1502	K02877
SPCC576.11	Rpl15	K02877
SPBC11C11.07	Rpl1801	K02883
SPBC56F2.02	Rpl1901	K02885
SPCC1682.14	Rpl1902	K02885
SPAC959.08	Rpl2102	K02889
SPBC365.03c	Rpl2101	K02889
SPAC22E12.13c	Rpl2403	K02896
SPAC6G9.09c	Rpl24	K02896
SPCC330.14c	Rpl2402	K02896
SPAC1250.05	Rpl3002	K02908
SPAC9G1.03c	Rpl3001	K02908
SPAC890.08	Rpl31	K02910
SPAC3H5.10	Rpl3202	K02912
SPBC16C6.11	Rpl3201	K02912
SPAC23A1.08c	Rpl3401	K02915
SPCC1322.15	Rpl3402	K02915
SPBC1921.01c	Rpl35b	K02917
SPCP31B10.08c	Rpl35a	K02917
SPCC1223.05c	Rpl3702	K02922
SPBC800.04c	Rpl4301	K02921
SPBC83.02c	Rpl4302	K02921
SPCC663.04	Rpl39	K02924
SPAC11G7.04	Ubi1	K02927
SPAC1805.12c	Uep1	K02927
SPAC3F10.18c	Rpl4102	K02928
SPAC3G6.13c	Rpl4101	K02928
SPAC15E1.03	Rpl42	K02929
SPCC576.08c	Rps2	K02981
SPBC16G5.14c	Rps3	K02985
SPAC13G6.02c	Rps101	K02984
SPAC22H12.04c	Rps102	K02984
SPAC959.07	Rps403	K02987
SPBC19F8.08	Rps401	K02987
SPBC21B10.10	Rps402	K02987
SPAC328.10c	Rps502	K02989
SPAC8C9.08	Rps5	K02989
SPAC13G6.07c	Rps601	K02991
SPAPB1E7.12	Rps602	K02991
SPAC18G6.14c	Rps7	K02993
SPAC2C4.16c	Rps801	K02995
SPAC521.05	Rps802	K02995
SPAC24H6.07	Rps901	K02997
SPBC29A3.12	Rps902	K02997
SPAC31G5.17c	Rps1001	K02947
SPAC144.11	Rps1102	K02949
SPAC31G5.03	Rps1101	K02949
SPBC1685.02c	Rps1202	K02951
SPCC962.04	Rps1201	K02951
SPAC6F6.07c	Rps13	K02953
SPAC3H5.05c	Rps1401	K02955
SPAC1071.07c	Rps1502	K02958
SPCC1393.03	Rps1501	K02958
SPAC22A12.04c	Rps2201	K02957
SPAC5D6.01	Rps2202	K02957
SPAC664.04c	Rps1602	K02960
SPBC18H10.14	Rps1601	K02960
SPBC839.05c	Rps1701	K02962
SPCC24B10.09	Rps1702	K02962
SPBC16D10.11c	Rps1801	K02964
SPBC21C3.13	Rps1901	K02966
SPBC649.02	Rps1902	K02966
SPCC576.09	Rps20	K02969
SPBC18E5.06	Rps21	K02971
SPAC23C11.02c	Rps23	K02973
SPBP4H10.13	Rps2302	K02973
SPAC17G6.06	Rps2401	K02974
SPBC17G9.07	Rps2402	K02974
SPAC694.05c	Rps2502	K02975
SPBC3D6.15	Rps2501	K02975
SPAC1805.11c	Rps2602	K02976
SPAC806.03c	Rps2601	K02976
SPBC1685.10	Rps27	K02978
SPAC6G10.11c	Ubi3	K02977
SPAC25G10.06	Rps2801	K02979
SPCC285.15c	Rps2802	K02979
SPBC1685.09	Rps29	K02980
SPAC19B12.04	Rps3001	K02983
SPBC19G7.03c	Rps3002	K02983
SPAPJ698.02c	Rps002	K02998
SPBC685.06	Rps001	K02998
SPAC17A5.03	Rpl301	K02925
SPAPB8E5.06c	Rpl302	K02925
SPBC1711.06	Rpl401	K02930
SPBP8B7.03c	Rpl402	K02930
SPAC3H5.12c	Rpl501	K02932
SPBC11C11.09c	Rpl502	K02932
SPCC622.18	Rpl6	K02934
SPAC3H5.07	Rpl702	K02937
SPAC664.06	Rpl703	K02937
SPBC18H10.12c	Rpl701	K02937
SPBC29A3.04	Rpl8	K02936
SPAC1F7.13c	Rpl801	K02938
SPBC2F12.07c	Rpl802	K02938
SPBC839.04	Rpl803	K02938
SPAC4G9.16c	Rpl901	K02940
SPCC613.06	Rpl902	K02940
SPAP7G5.05	Rpl1002	K02866
SPBC18E5.04	Rpl1001	K02866
SPBC30D10.18c	Rpl102	K02865
SPCC1183.08c	Rpl101	K02865
SPAC26A3.07c	Rpl1101	K02868
SPBC17G9.10	Rpl1102	K02868
SPCC16C4.13c	Rpl1201	K02870
SPCC31H12.04c	Rpl1202	K02870
SPAC664.05	Rpl13	K02873
SPAC23A1.11	Rpl1602	K02872
SPBC2G2.05	Rpl1603	K02872
SPBC839.13c	Rpl1601	K02872
SPAC1805.13	Rpl14	K02875
SPAC1783.08c	Rpl1502	K02877
SPCC576.11	Rpl15	K02877
SPCC364.03	Rpl1702	K02880
SPBC11C11.07	Rpl1801	K02883
SPAC26A3.04	Rpl2002	K02882
SPAC3A12.10	Rpl2001	K02882
SPBC56F2.02	Rpl1901	K02885
SPCC1682.14	Rpl1902	K02885
SPAC959.08	Rpl2102	K02889
SPBC365.03c	Rpl2101	K02889
SPAC3G9.03	Rpl2301	K02894
SPCC1322.11	Rpl2302	K02894
SPBC106.18	Rpl2501	K02893
SPBC4F6.04	Rpl2502	K02893
SPAC22E12.13c	Rpl2403	K02896
SPAC6G9.09c	Rpl24	K02896
SPCC330.14c	Rpl2402	K02896
SPBC29B5.03c	Rpl26	K02898
SPBC685.07c	Rpl2701	K02901
SPCC74.05	Rpl2702	K02901
SPBC776.11	Rpl2801	K02900
SPCC5E4.07	Rpl2802	K02900
SPAC1687.06c	Rpl44	K02903
SPBC776.01	Rpl29	K02905
SPAC1250.05	Rpl3002	K02908
SPAC9G1.03c	Rpl3001	K02908
SPAC890.08	Rpl31	K02910
SPAC3H5.10	Rpl3202	K02912
SPBC16C6.11	Rpl3201	K02912
SPAC23A1.08c	Rpl3401	K02915
SPCC1322.15	Rpl3402	K02915
SPCC613.05c	Rpl35	K02918
SPBC1921.01c	Rpl35b	K02917
SPCP31B10.08c	Rpl35a	K02917
SPBC405.07	Rpl3602	K02920
SPCC970.05	Rpl3601	K02920
SPCC1223.05c	Rpl3702	K02922
SPBC800.04c	Rpl4301	K02921
SPBC83.02c	Rpl4302	K02921
SPAC30D11.12	Rpl3802	K02923
SPBC577.02	Rpl3801	K02923
SPCC663.04	Rpl39	K02924
SPAC11G7.04	Ubi1	K02927
SPAC1805.12c	Uep1	K02927
SPAC3F10.18c	Rpl4102	K02928
SPAC3G6.13c	Rpl4101	K02928
SPAC15E1.03	Rpl42	K02929
SPCC18.14c	Rpp0	K02941
SPAC644.15	Rpp101	K02942
SPBC3B9.13c	Rpp102	K02942
SPCP1E11.09c	Rpp103	K02942
SPAC1071.08	Rpp203	K02943
SPBC23G7.15c	Rpp202	K02943
SPBP8B7.06	Rpp201	K02943
SPBC25H2.07	Tif11	K03236
SPBC23G7.05	Sui1	K03113
SPAC3G9.09c	Tif211	K03237
SPBC17G9.09	Tif213	K03242
SPAC21E11.06	Tif224	K03680
SPAC4D7.09	Tif223	K03241
SPAC8C9.15c	Tif225	K03240
SPAC26H5.10c	Tif51	K03263
SPBC336.10c	Tif512	K03263
SPCC1919.09	Tif6	K03264
SPAC4D7.05	Sum1	K03246
SPBC18H10.03	Tif35	K03248
SPBC646.09c	Int6	K03250
SPAC637.07	Moe1	K03251
SPAC4A8.16c	Tif33	K03252
SPBC17D11.05	Tif32	K03254
SPBC18H10.04c	Sce3	K03258
SPAC16E8.15	Tif45	K03259
SPBC1709.18	Tif452	K03259
SPAC17C9.03	Tif471	K03260
SPBC9B6.04c	Tuf1	K02358
SPAC23A1.10	Ef1A-b	K03231
SPBC839.15c	Ef1A-c	K03231
SPCC794.09c	Ef1A-a	K03231
SPAC513.01c	Eft201	K03234
SPCP31B10.07	Eft202	K03234
SPCC1450.04	Tef5	K03232
SPAC3C7.08c	Elf1	K03235
SPCC417.08	Tef3	K03235
SPAC1834.01	Sup45	K03265
SPCC584.04	Sup35	K03267
