A	b3770	b2530	b2379	b2290	b3572	b1190	b4053				
C	b3607	b2421	b2414								
D	b0928										
E	b3212	b3213	b1761								
F	b2600	b2599	b2599	b3770	b0928	b4054					
G	b2551										
H	b2019	b2026	b2026	b2024	b2023	b2025	b2022	b2021	b2022	b2020	b2020
I	b3772	b3767	b3768	b3769	b3671	b3670	b0077	b0078	b3774	b3771	b3770
K	b4024	b3433	b2478	b0031	b0166	b3359	b2472	b3809	b2838		
L	b0074	b0072	b0071	b0072	b0071	b0073	b4054	b3770			
M	b3940	b3433	b3940	b4013	b3939	b1622	b3008	b4019	b3829		
N	b0674	b3744	b0674								
P	b0242	b0243	b0386								
Q	b3870										
R	b0033	b0032	b2818	b3959	b3958	b3359	b3957	b0273	b4254	b3172	b3960
S	b2913	b0907	b4388								
T	b0928	b4024	b3940	b0002	b3433	b3940	b0002	b0003	b0004		
V	b0077	b0078	b3767	b3768	b3769	b3671	b3670	b3774	b3771	b3770	
W	b1264	b1263	b1263	b1262	b1262	b1260	b1261				
Y	b2600	b2599	b2600	b0928	b4054						
