SPAC4A8.11c	Fas2	K00667	1837
SPAC926.09c	Fas1	K00668	2095
SPCC417.08	Tef3	K03235	1052
SPAC56E4.04c	Cut6	K11262	2333
SPAPB1E7.07	Glt1	K00264	2115
SPAC10F6.01c	Sir1	K00381	1488
SPBC16H5.02	Pfk1	K00850	932
SPAC22G7.06c	Ura1	K11541	2256
SPCP31B10.07	Eft202	K03234	847
SPAC926.04c	Hsp90	K04079	732
SPAC4H3.10c	Pyk1	K00873	504
SPAC1834.02	Aro1	K13830	1579
SPCC1739.13	Ssa2	K03283	638
SPBC14F5.04c	Pgk1	K00927	399
SPAC9.09	Met26	K00549	775
SPBC19C2.07	Fba1	K01624	359
SPBC215.08c	Arg4	K01955	1158
SPAC23A1.10	Ef1A-b	K03231	451
SPAP7G5.04c	Lys1	K00143	1425
SPAC26A3.05	Chc1	K04646	1726
SPBC17G9.11c	Pyr1	K01958	1189
SPBC1815.01	Eno101	K01689	431
SPAC110.04c	Pss1	K09485	730
SPAC12G12.04	Mcp60	K04077	565
SPBC19C7.06	Prs1	K01881	716
SPAC6F12.10c	Ade3	K01952	1316
SPCPB16A4.03c	Ade10	K00602	582
SPBC8D2.06	Irs1	K01870	1117
SPAC1565.08	Cdc48	K13525	819
SPCC13B11.01	Adh1	K13953	340
SPAC26F1.13c	Lrs1	K01869	1149
SPBC56F2.12	Ilv5	K00053	410
SPBC32F12.11	Tdh1	K00134	326
SPBC14F5.05c	Sam1	K00789	380
SPBC32H8.12c	Act1	K05692	379
SPAC1556.02c	Sdh1	K00234	640
SPAC664.11	Ssc1	K04043	663
SPBC17D11.05	Tif32	K03254	973
SPAC1071.10c	Pma1	K01535	907
SPBC25H2.02	Trs1	K01868	728
SPAC23H4.10c	Thi4	K14154	505
SPAC19A8.15	Trp2	K01695	685
SPAC222.12c	Atp2	K02133	517
SPAC22A12.15c	Bip1	K09490	665
SPAC9E9.03	Leu2	K01702	752
SPBC146.13c	Myo1	K10356	1233
SPAC4F8.07c	Hxk2	K00844	462
SPCC1795.11	Sum3	K11594	634
SPBC1604.21c	Ptr3	K03178	1026
SPAC4A8.16c	Tif33	K03252	948
SPBC405.01	Ade1	K11788	774
SPBC2F12.14c	Gua1	K00088	518
SPBC1921.05	Ape2	K13721	903
SPAC17C9.03	Tif471	K03260	1399
SPBC8D2.20c	Sec31	K14005	1204
SPBC1709.02c	Vrs1	K01873	1011
SPAC26F1.06	Gpm1	K01834	216
SPAC13G6.06c	Gcv2	K00281	1038
SPCC794.12c	Mae2	K00027	568
SPBC215.05	Gpd1	K00006	381
SPCC645.14c	Sti1	K09553	595
SPBP19A11.03c	Mts4	K03028	890
SPBC119.10	Asn1	K01953	574
SPAP7G5.02c	Gua2	K01951	545
SPAC343.05	Vma1	K02145	625
SPAC19A8.04	Erg5	K00517	566
SPCC777.09c	Arg1	K00818	431
SPBC17A3.04c	Rar1	K01874	807
SPBC342.02	Qrs1	K01886	836
SPBC17G9.03c	Krs1	K04567	613
SPAC1D4.04	Cct2	K09494	515
SPAC343.16	Lys2	K01705	709
SPBP35G2.07	Ilv1	K01652	665
SPBC1773.10c	Nrs1	K01893	580
SPAC3C7.08c	Elf1	K03235	1060
SPAC1002.09c	Dld1	K00382	497
SPAC4G9.09c	Arg11	K12659	888
SPAC3F10.03	Grs1	K01880	672
SPCC1322.13	Ade6	K11808	545
SPAC23H4.06	Gln1	K01915	363
SPAC13G7.02c	Ssa1	K03283	637
SPAPB8E5.06c	Rpl302	K02925	398
SPAC24H6.04	Hxk1	K00844	487
SPAC3G9.06	Frs2	K01889	511
SPBC17D11.07c	Rpn2	K03032	974
SPBC4C3.05c	Nuc1	K02999	1719
SPCC1223.07c	Drs1	K01876	606
SPBC14F5.09c	Ade8	K01756	493
SPAC2F3.09	Hem1	K00643	554
SPAC3A12.18	Zwf1	K00036	520
SPCC584.04	Sup35	K03267	659
SPBC25B2.09c	Mrs1	K01887	642
SPBP23A10.07	Rpa2	K03002	1196
SPBC26H8.07c	Nda3	K07375	449
SPAC1F7.05	Cdc22	K10807	836
SPAC637.05c	Vma2	K02147	507
SPAC23C11.09	Ala1	K01872	975
SPBC27.08c	Sua1	K00958	497
SPAC26F1.03	Pda1	K00161	410
SPBC1A4.08c	Cct3	K09495	531
SPAC29B12.04	Snz1	K06215	285
SPBC215.09c	Erg10	K00626	372
SPBC18H10.02	Lcf1	K01897	690
SPCC1281.01	Ags1	K00749	2472
SPAC25G10.05c	His1	K00765	309
SPBC2G2.08	Ade9	K00288	961
SPBC56F2.09c	Arg5	K01956	415
SPBC25H2.12c	Cct7	K09499	551
SPAC4G9.03	Adk1	K00939	221
SPBC2G2.12	Hrs1	K01892	575
SPAC23G3.01	Rpb2	K03010	1252
SPAPB8E5.02c	Rpn502	K03035	469
SPAC6G10.08	Idp1	K00031	449
SPBC25D12.04	Suc22	K10808	412
SPAC4F8.14c	Hcs1	K01641	447
SPBC23G7.12c	Rpt6	K03066	409
SPAC57A10.12c	Ura3	K00226	439
SPAPJ698.02c	Rps002	K02998	285
SPAC22A12.11	Dak1	K00863	566
SPCC1672.05c	Yrs1	K01866	405
SPAC3C7.11c	Cnx1	K08054	576
SPBC12D12.03	Cct1	K09493	545
SPAC9.03c	Brr2	K12854	2260
SPBC106.06	Cct4	K09496	517
SPCC794.09c	Ef1A-a	K03231	451
SPBC1A4.02c	Leu1	K00052	361
SPAC23A1.12c	Frs1	K01890	607
SPAC22H12.04c	Rps102	K02984	259
SPAC1486.04c	Alm1	K09291	1797
SPBP8B7.03c	Rpl402	K02930	361
SPAC1420.02c	Cct5	K09497	539
SPBC16C6.08c	Qcr6	K00416	221
SPBC17G9.09	Tif213	K03242	443
SPAC23D3.04c	Gpd2	K00006	371
SPBC418.01c	His4	K01663	539
SPBP23A10.15c	Qcr1	K01412	461
SPAC14C4.14	Atp1	K02132	532
SPBC1604.05	Pgi1	K01810	553
SPBC646.11	Cct6	K09498	532
SPAC22F3.06c	Lon1	K08675	1078
SPBC685.06	Rps001	K02998	288
SPBC1539.09c	Trp1	K13501	754
SPCC1840.02c	Bgs4	K00706	2046
SPCC24B10.21	Tpi1	K01803	247
SPBC428.05c	Arg12	K01940	419
SPAC4D7.05	Sum1	K03246	334
SPAC19D5.04	Ptr1	K10592	3316
SPBC28F2.12	Rpb1	K03006	1764
SPAP8A3.09c	Paa1	K03456	605
SPAC3H5.12c	Rpl501	K02932	304
SPBC1778.01c	Zuo1	K09522	456
SPBC16A3.15c	Nda2	K07374	465
SPAC3A11.12c	Rpt5	K03065	444
SPAC3H5.07	Rpl702	K02937	258
SPAC20G8.06	Not1	K12604	2154
SPAC144.03	Ade2	K01939	435
SPCC1183.08c	Rpl101	K02865	217
SPBC9B6.04c	Tuf1	K02358	438
SPBC16H5.10c	Prp43	K12820	761
SPBC119.01	Rpn3	K03033	521
SPAC3A12.10	Rpl2001	K02882	187
SPBC1711.06	Rpl401	K02930	362
SPBP8B7.16c	Dbp2	K12823	559
SPBC337.05c	Cct8	K09500	545
SPBC18H10.12c	Rpl701	K02937	261
SPAC13A11.02c	Erg11	K05917	512
SPBC26H8.10	Dis3	K12585	1000
SPBC16C6.07c	Rpt1	K03061	445
SPAC3G9.09c	Tif211	K03237	314
SPAC1F7.01c	Spt6	K11292	1428
SPBP4H10.11c	Lcf2	K01897	688
SPBC713.02c	Ubp21	K11838	1188
SPBC106.17c	Cys2	K00641	512
SPAC19G12.10c	Cpy1	K13289	1038
SPAC4F8.12c	Spp42	K12856	2494
SPBC28F2.03	Ppi1	K01802	158
SPBC17A3.07	Pgr1	K00383	454
SPAC1556.07	Pmm1	K01840	265
SPAC13G6.02c	Rps101	K02984	259
SPBC609.05	Pob3	K09272	522
SPAC16E8.07c	Vph1	K02154	855
SPBC1105.02c	Lys4	K01655	420
SPBC4.07c	Rpt2	K03062	455
SPAC6C3.04	Cit1	K01647	492
SPCC162.09c	Hmg1	K00021	1044
SPBC36.04	Cys11	K01738	344
SPCC1223.08c	Dfr1	K00287	468
SPBC19F8.08	Rps401	K02987	270
SPCC1494.05c	Ubp12	K11835	1017
SPCC31H12.07	Sec231	K14006	771
SPCC1906.01	Mpg1	K00966	361
SPBC14C8.03	Fma2	K01265	429
SPAC8C9.15c	Tif225	K03240	693
SPCC320.10	Srp72	K03108	575
SPBC776.09	Ste13	K12614	498
SPAC17G6.14c	Uap56	K12812	447
SPAC1834.11c	Sec18	K06027	795
SPBC13E7.04	Atp16	K02134	167
SPAC6F12.16c	Mtr4	K12598	1146
SPBC428.02c	Eca39	K00826	435
SPBC29A3.04	Rpl8	K02936	260
SPCC1442.09	Trp3	K01657	499
SPAPB1E7.12	Rps602	K02991	249
SPAC31G5.14	Gcv1	K00605	385
SPBPJ4664.06	Gpt1	K11718	1503
SPAC343.10	Met11	K00297	655
SPBC15D4.15	Pho2	K01101	298
SPBC646.09c	Int6	K03250	519
SPBC16G5.14c	Rps3	K02985	250
SPAC227.18	Lys3	K00290	376
SPCC576.08c	Rps2	K02981	251
SPAC1805.17	Crm1	K14290	1122
SPCC1682.16	Rpt4	K03064	396
SPAC637.07	Moe1	K03251	569
SPBC660.13c	Ssb1	K07466	619
SPCC613.10	Qcr2	K00415	415
SPAC23G3.11	Rpn6	K03036	430
SPBC776.02c	Dis2	K06269	342
SPAC3F10.04	Gsa1	K01920	510
SPAC4D7.08c	Ade4	K00764	543
SPBC215.12	Cwf10	K12852	1011
SPBC3F6.03	Trr1	K00384	314
SPBC83.08	Rvb2	K11338	468
SPBC18H10.04c	Sce3	K03258	386
SPBC26H8.03	Cho2	K00551	933
SPAC1B1.03c	Kap95	K14293	861
SPAC10F6.03c	Cts1	K01937	607
SPCC1020.06c	Tal1	K00616	320
SPCC1753.04	Tol1	K01082	352
SPCC18.14c	Rpp0	K02941	305
SPAC1142.06	Get3	K01551	332
SPAC21E11.08	Lcb2	K00654	613
SPAC6F12.13c	Fps1	K00787	359
SPBC56F2.02	Rpl1901	K02885	206
SPAC4D7.09	Tif223	K03241	458
SPAC3G9.03	Rpl2301	K02894	135
SPAC5H10.06c	Adh4	K13954	413
SPBC16E9.05	Erg6	K00559	389
SPBC16H5.11c	Skb1	K02516	665
SPBC30D10.13c	Pdb1	K00162	360
SPAC26H5.10c	Tif51	K03263	156
SPAC7D4.10	Vma13	K02144	467
SPCC613.06	Rpl902	K02940	194
SPAC2G11.07c	Ptc3	K01090	407
SPBC29A10.01	Ccr1	K00327	697
SPBC646.05c	Erg9	K00801	484
SPAC24C9.03	Mvd1	K01597	388
SPBC106.04	Ada1	K01490	871
SPBC25D12.05	Trm1	K00555	548
SPAC821.11	Pro1	K00147	442
SPBC21D10.11c	Nfs1	K04487	504
SPAC1F7.13c	Rpl801	K02938	246
SPAC1F7.02c	Has1	K13179	593
SPBC215.15	Sec13	K14004	296
SPAC3H5.05c	Rps1401	K02955	133
SPBC16D10.11c	Rps1801	K02964	158
SPBC16A3.05c	Rae1	K14298	351
SPCC830.07c	Psi1	K09510	366
SPAC19B12.03	Bgs3	K00706	1915
SPCC364.06	Nap1	K11279	403
SPAC1B3.03c	Wis2	K05864	365
SPAC22F3.10c	Gcs1	K11204	695
SPAC821.10c	Sod1	K04565	144
SPAC607.05	Rpn9	K03039	395
SPAPB1E7.09	Ogm2	K00728	772
SPCC290.03c	Nup186	K14310	1693
SPBC713.12	Erg1	K00511	457
SPCC1442.06	Pre8	K02726	240
SPCC1682.05c	Srp68	K03107	616
SPAC16C9.06c	Upf1	K14326	949
SPBC12C2.08	Dnm1	K01528	790
SPCC162.08c	Nup211	K09291	1921
SPBC4F6.18c	Arf1	K07977	187
SPBC11B10.02c	His3	K00817	388
SPAC56F8.10	Met9	K00297	627
SPBC660.07	Ntp1	K01194	768
SPAPB8E5.09	Rvb1	K04499	455
SPACUNK4.12c	Mug138	K01408	1019
SPAC22E12.07	Rna1	K14319	393
SPAC343.09	Ubx3	K14012	408
SPAC21E11.06	Tif224	K03680	468
SPAC2C4.16c	Rps801	K02995	205
SPCC548.06c	Ght8	K08139	547
SPCC622.18	Rpl6	K02934	193
SPBC1289.05c	Vma10	K02152	110
SPCC576.10c	Rpt3	K03063	396
SPAC18G6.04c	Shm2	K00600	490
SPAC630.14c	Tup12	K06666	595
SPAC16.03c	Ura2	K01465	341
SPAC1952.11c	Ure2	K01427	828
SPAP8A3.12c	Tpp2	K01280	1298
SPBC409.10	Ade7	K01923	308
SPBC14C8.06	Arc1	K05757	378
SPAC17A5.14	Exo2	K12618	1386
SPBC354.12	Gpd3	K00134	324
SPBC800.05c	Atb2	K07374	459
SPAC1296.02	Cox4	K02265	165
SPBC106.15	Idi1	K01823	246
SPBC36.07	Iki3	K11373	1286
SPBC887.04c	Lub1	K14018	720
SPAC11G7.03	Idh1	K00030	352
SPAC1486.05	Nup189	K14297	1722
SPAC24H6.07	Rps901	K02997	201
SPBC543.06c	Dbp8	K01529	461
SPAC7D4.07c	Trx1	K03671	102
SPBC3H7.15	Hhp1	K02218	386
SPCC18.18c	Fum1	K01679	512
SPAC23H3.09c	Gly1	K01620	375
SPAC1250.01	Snf21	K11786	1273
SPAC19G12.15c	Tpp1	K00697	853
SPAC16.04	Dus3	K05544	633
SPAC29A4.18	Prw1	K10752	440
SPCC24B10.09	Rps1702	K02962	141
SPCC1682.10	Rpn8	K03038	323
SPAC3G6.01	Hrp3	K11367	1448
SPBC1604.07	Atp4	K02127	242
SPCC962.04	Rps1201	K02951	142
SPBC18H10.03	Tif35	K03248	286
SPAC1A6.04c	Plb1	K13333	610
SPAPB2B4.05	Vma5	K02148	403
SPCC74.03c	Ssp2	K12761	599
SPAC17G8.04c	Arc5	K05754	153
SPBC36.05c	Clr6	K06067	419
SPAC222.11	Hem13	K00228	329
SPAC1687.06c	Rpl44	K02903	134
SPBC725.15	Ura5	K00762	215
SPAC1834.01	Sup45	K03265	443
SPAC8C9.08	Rps5	K02989	202
SPCC1682.02c	Mcm3	K02541	885
SPAC6G10.11c	Ubi3	K02977	157
SPBC16G5.01	Rpn12	K03031	281
SPBC9B6.10	Cdc37	K09554	477
SPBC1711.13	His2	K00013	432
SPBC29A3.02c	His7	K11755	419
SPBC31E1.02c	Pmr1	K01537	893
SPCC1919.09	Tif6	K03264	238
SPAC18B11.10	Tup11	K06666	612
SPAC22A12.07c	Ogm1	K00728	920
SPBC1289.07c	Rpc40	K03027	356
SPCC757.07c	Ctt1	K03781	529
SPAC15A10.11	Ubr11	K10625	2126
SPAC140.02	Gar2	K11294	481
SPCC5E4.03c	Taf5	K03130	657
SPAP27G11.10c	Nup184	K14311	1608
SPAC1071.07c	Rps1502	K02958	160
SPAC2F7.13c	Wrs1	K01867	408
SPBC19G7.05c	Bgs1	K00706	1814
SPAC31G5.16c	Dpm1	K00721	242
SPAC664.05	Rpl13	K02873	214
SPCC31H12.05c	Sds21	K01090	334
SPAC4G9.16c	Rpl901	K02940	195
SPAC4G9.10	Arg3	K00611	328
SPAC9G1.03c	Rpl3001	K02908	105
SPCC330.05c	Ura4	K01591	267
SPBC1703.02	Rsc9	K11763	799
SPAC12B10.07	Acp1	K10364	271
SPAC31G5.13	Rpn11	K03030	314
SPCC16C4.13c	Rpl1201	K02870	160
SPBC4C3.10c	Pre3	K02738	223
SPAC328.03	Tps1	K00697	531
SPBC3E7.10	Fma1	K01265	383
SPBC1A4.03c	Top2	K03164	1525
SPAC13G6.11c	Erg12	K00869	394
SPCC188.06c	Srp54	K03106	515
SPCC31H12.08c	Ccr4	K12603	694
SPAC328.06	Ubp2	K11849	1184
SPBC902.05c	Idh2	K00030	374
SPBC216.07c	Tor2	K07203	2420
SPAC22F8.06	Pam1	K02732	228
SPAC26A3.15c	Nsp1	K14306	552
SPAC1F5.11c	Tra2	K08874	3823
SPBC409.07c	Wis1	K11227	588
SPAC17G6.06	Rps2401	K02974	140
SPBC685.07c	Rpl2701	K02901	140
SPBC12C2.10c	Pst1	K11644	1558
SPBC11B10.01	Alg2	K03843	519
SPAC513.05	Ams1	K01191	1112
SPBC582.07c	Rpn7	K03037	424
SPBC354.14c	Vac8	K08332	547
SPBC18E5.12c	Mas2	K01412	505
SPAC26A3.16	Dph1	K04523	334
SPAC31G5.03	Rps1101	K02949	159
SPBC1271.02	Stt3	K07151	772
SPAC328.10c	Rps502	K02989	203
SPBC1604.14c	Shk1	K04409	657
SPAC1805.05	Cki3	K00924	456
SPAC6F6.10c	Arc2	K05758	336
SPCC1450.04	Tef5	K03232	213
SPCC576.11	Rpl15	K02877	216
SPCC4G3.04c	Coq5	K06127	308
SPBC1289.03c	Spi1	K07936	223
SPAC17G6.10	Ssr1	K11649	542
SPAC9E9.11	Plr1	K05275	334
SPBC23E6.07c	Rfc1	K10754	940
SPBC577.15c	Sim3	K11372	399
SPBC106.16	Pre6	K02731	257
SPAC1805.04	Nup132	K14300	1200
SPBC651.08c	Rpc1	K03018	1431
SPAC30C2.02	Mmd1	K06072	324
SPBC8D2.10c	Rmt3	K11436	561
SPBC13G1.11	Ykt6	K08516	206
SPAC890.07c	Rmt1	K11434	354
SPBC4B4.09	Usp105	K13217	647
SPAC4F10.10c	Mnn9	K05529	348
SPCC1682.14	Rpl1902	K02885	207
SPAC4A8.13c	Pts1	K02737	272
SPAC20G4.06c	Adf1	K05765	142
SPBP22H7.07	Prp5	K12862	476
SPAC1F3.01	Rrp6	K12591	814
SPBC16G5.08	Trp4	K00766	341
SPAC4G9.08c	Rpc2	K03021	1183
SPAC31A2.07c	Dbp10	K01529	860
SPAC15A10.02	Taf12	K03126	447
SPAC140.01	Sdh2	K00235	285
SPCC1322.08	Srk1	K00924	601
SPAC18G6.14c	Rps7	K02993	199
SPBC119.08	Pmk1	K08293	438
SPBC30D10.18c	Rpl102	K02865	217
SPAC664.06	Rpl703	K02937	265
SPAC1D4.08	Pis1	K00999	258
SPAC9G1.02	Wis4	K11230	1458
SPBC1703.10	Ypt1	K07874	207
SPAC6F6.07c	Rps13	K02953	154
SPAC1071.08	Rpp203	K02943	101
SPAC23C11.11	Cka1	K03097	359
SPBC6B1.06c	Ubp14	K11836	788
SPBC31F10.06c	Sar1	K07953	193
SPCC74.05	Rpl2702	K02901	139
SPAC17G6.12	Cul1	K03347	812
SPAC6G9.08	Ubp6	K11843	475
SPBC4F6.04	Rpl2502	K02893	143
SPAP7G5.05	Rpl1002	K02866	230
SPAC323.02c	Pup2	K02729	250
SPAC13G7.06	Met16	K00390	277
SPBC17G9.04c	Nup85	K14304	709
SPBP8B7.25	Cyp4	K03768	201
SPAPB1E7.03	Rpc82	K03023	621
SPCC1739.12	Ppe1	K01090	320
SPBC16H5.07c	Ppa2	K04382	331
SPCC737.02c	Qcr7	K00417	145
SPBC1347.02	FkbP39	K01802	357
SPAC23A1.03	Apt1	K00759	188
SPBC14F5.07	Doa10	K10661	1293
SPAC16C9.04c	Mot2	K10643	494
SPAC23G3.10c	Ssr3	K11650	452
SPBC428.03c	Pho4	K01078	473
SPAPJ698.03c	Prp12	K12830	1226
SPAC3A12.17c	Cys12	K01738	391
SPAC644.04	Pct1	K01098	322
SPAC1250.05	Rpl3002	K02908	111
SPBC29A10.13	Atp7	K02138	174
SPAC1805.13	Rpl14	K02875	138
SPAC11E3.07	Vma4	K02150	234
SPAC1B2.04	Cox6	K02264	145
SPBP8B7.06	Rpp201	K02943	101
SPAC2F3.03c	Rpa49	K03005	437
SPCC613.05c	Rpl35	K02918	130
SPAC18G6.03	Ypt3	K07976	217
SPBC1773.14	Arg7	K01755	470
SPCC24B10.07	Gad8	K08282	579
SPAC3A12.14	Cam1	K02183	153
SPAC11G7.02	Pub1	K10591	793
SPAC1783.05	Hrp1	K11367	1440
SPBC11B10.09	Cdc2	K04563	312
SPAC23C4.15	Rpb5	K03013	217
SPAC24B11.06c	Sty1	K04441	365
SPBC4F6.06	Kin1	K00924	897
SPAC20H4.10	Ufd2	K10597	1047
SPAC6F12.05c	Tnr3	K00949	583
SPCC330.08	Alg11	K03844	484
SPBP4G3.02	Pho1	K01078	459
SPCC4G3.14	Mdj1	K03686	519
SPBC211.04c	Mcm6	K02542	904
SPAC29A4.08c	Prp19	K10599	492
SPBC1711.10c	Npl4	K14015	578
SPCC1620.11	Nup97	K14309	886
SPAC1F7.04	Rho1	K07975	204
SPCC1235.02	Bio2	K01012	369
SPBC18E5.06	Rps21	K02971	87
SPBC1734.15	Rsc4	K11759	551
SPAC27E2.10c	Rfc3	K10756	349
SPAC1002.03c	Gls2	K05546	965
SPBC18H10.14	Rps1601	K02960	140
SPAC4D7.13	Usp104	K12821	744
SPBC25D12.03c	Mcm7	K02210	778
SPBP4H10.13	Rps2302	K02973	142
SPAC10F6.02c	Prp22	K12818	1194
SPCC1450.02	Bdf1	K11684	592
SPAC9E9.07c	Ypt2	K07901	207
SPCC338.10c	Cox5	K02263	188
SPBC337.15c	Coq7	K06134	221
SPAC1687.11	Spb1	K00599	826
SPBC12C2.12c	Glo1	K01759	312
SPCC4G3.15c	Not2	K12605	313
SPBC409.06	Uch2	K05610	311
SPAC4F10.20	Grx1	K03676	102
SPBC146.07	Prp2	K12837	535
SPBC2D10.11c	Nap2	K11279	394
SPAC1F3.07c	Rsc58	K11766	405
SPAC19A8.12	Dcp2	K12613	756
SPBC29A3.18	Cyt1	K00413	312
SPAC890.08	Rpl31	K02910	120
SPBC8D2.03c	Hhf2	K11254	104
SPCC126.03	Pus1	K06173	548
SPBC17G9.10	Rpl1102	K02868	181
SPAC16C9.03	Nmd3	K07562	514
SPAC9G1.12	Cpd1	K07442	379
SPAC5D6.01	Rps2202	K02957	134
SPBC4.04c	Mcm2	K02540	843
SPAC22E12.16c	Pik1	K00888	878
SPBC23G7.15c	Rpp202	K02943	101
SPAC29B12.01	Ino80	K11665	1663
SPAC17A2.03c	Vma6	K02146	357
SPAC30D11.03	Ddx27	K13181	776
SPAC31G5.17c	Rps1001	K02947	148
SPAC6F6.15	Ypt5	K07976	209
SPCC1620.14c	Snf22	K11786	1725
SPAC3H5.10	Rpl3202	K02912	131
SPAC1687.01	Rpc19	K03020	124
SPAC13D6.02c	Byr3	K09250	176
SPAC1B3.05	Not3	K12580	661
SPBC16H5.06	Rip1	K00411	225
SPBC776.11	Rpl2801	K02900	151
SPAC1805.06c	Hem2	K01698	328
SPBP4H10.04	Ppb1	K04348	579
SPBC146.03c	Cut3	K06675	1369
SPBP4H10.05c	Spe2	K01611	388
SPBC16D10.03	Pgp2	K01409	341
SPBC2D10.12	Rhp23	K10839	364
SPAC17H9.09c	Ras1	K07974	225
SPBC16D10.09	Pcn1	K04802	263
SPCC16C4.18c	Taf6	K03131	457
SPAC1D4.14	Tho2	K12879	1715
SPBC1685.10	Rps27	K02978	83
SPBC1289.11	Spf38	K12857	340
SPAC56E4.06c	Ggt2	K00681	616
SPBC365.03c	Rpl2101	K02889	167
SPCC576.09	Rps20	K02969	123
SPBC31F10.11c	Cwf4	K12869	734
SPBC31F10.13c	Hip1	K11293	942
SPBC16E9.11c	Pub3	K10591	811
SPAC1782.11	Met14	K00860	206
SPBC23E6.09	Ssn6	K06665	1104
SPAC29A4.20	Elp3	K07739	562
SPBC3B9.19	Mge1	K03687	230
SPAC23D3.07	Pup1	K02739	266
SPCC1442.10c	Rpb3	K03011	306
SPCC550.06c	Hsp10	K04078	102
SPAC227.07c	Pab1	K04354	479
SPAC57A7.08	Pzh1	K01090	519
SPBC1709.18	Tif452	K03259	251
SPAC23A1.11	Rpl1602	K02872	200
SPCC4F11.02	Ptc1	K01090	351
SPBC1703.14c	Top1	K03163	854
SPBC29A10.04	Psm1	K06636	1277
SPBC337.06c	Cwf15	K12863	276
SPAC5H10.08c	Pan6	K01918	289
SPCC10H11.01	Prp11	K12811	1037
SPBC21B10.10	Rps402	K02987	269
SPBC32F12.03c	Gpx1	K00432	164
SPCC16C4.03	Pin1	K09578	179
SPBC6B1.02	Ppk30	K08853	962
SPCC18.16c	Fmn1	K00861	172
SPBC36B7.03	Sec63	K09540	633
SPBC3B9.10	Vti1	K08493	225
SPBC19G7.01c	Msh2	K08735	997
SPBC1198.02	Dea2	K01488	374
SPBC1347.06c	Cki1	K02218	458
SPCC18.06c	Caf1	K12581	341
SPAC15F9.02	Seh1	K14299	350
SPAC23H4.07c	Srp102	K12272	233
SPCC16A11.17	Cdc21	K02212	922
SPCC622.09	Htb1	K11252	125
SPCC1840.06	Atp5	K02137	218
SPCC188.02	Par1	K11584	575
SPAC57A10.03	Cyp1	K12733	153
SPAC15A10.13	Ppk3	K08876	651
SPBP8B7.21	Ubp3	K11841	528
SPCC4B3.05c	Hem12	K01599	364
SPAC20G8.01	Cdc17	K10747	786
SPAC664.02c	Arp8	K11673	683
SPCC74.06	Mak3	K02486	2424
SPAC23D3.09	Arp42	K11400	428
SPBC4B4.08	Ght2	K08139	534
SPCC16C4.11	Pef1	K06655	297
SPBC1778.08c	Arc3	K05756	180
SPAC23D3.02	Rfc2	K10755	344
SPBC16C6.09	Ogm4	K00728	818
SPBC106.10	Pka1	K04345	523
SPBC3B9.16c	Nup120	K14303	1179
SPCC1393.03	Rps1501	K02958	159
SPAC24B11.13	Hem3	K01749	334
SPBC11C11.07	Rpl1801	K02883	192
SPCP31B10.08c	Rpl35a	K02917	110
SPAC630.08c	Erg25	K07750	325
SPAC27F1.03c	Uch1	K05609	226
SPBC800.03	Clr3	K11407	698
SPAC1556.01c	Rad50	K10866	1354
SPBC365.10	Arp5	K11672	748
SPAC4G9.17c	MrpS5	K02988	399
SPAC23C4.12	Hhp2	K00924	416
SPBC14C8.14c	Pol5	K02331	997
SPAC29B12.06c	Rcd1	K12606	292
SPAC26A3.12c	Dhp1	K12619	1021
SPCC5E4.07	Rpl2802	K02900	151
SPCC965.03	Vma8	K02149	293
SPAC23C4.14	Alg1	K03842	443
SPAC1687.15	Gsk3	K00924	401
SPAC17G8.14c	Pck1	K00924	1015
SPBC1289.08	Uap1	K00972	482
SPBC19C2.01	Cdc28	K12813	1101
SPBC83.02c	Rpl4302	K02921	94
SPAC29A4.05	Cam2	K02183	147
SPBC405.07	Rpl3602	K02920	102
SPAC1783.08c	Rpl1502	K02877	216
SPAC3A12.07	Rpb11	K03008	128
SPBC646.02	Cwf11	K12874	1348
SPBC16C6.11	Rpl3201	K02912	131
SPAC1783.07c	Pap1	K09043	559
SPBC29A3.01	Ccc2	K01533	889
SPBP26C9.02c	Car1	K01476	324
SPAC21E11.05c	Cyp8	K10598	532
SPBC839.05c	Rps1701	K02962	141
SPAC3H5.06c	Pol1	K02320	1448
SPBC6B1.10	Prp17	K12816	573
SPAC1142.07c	Vps32	K12194	230
SPBPJ4664.01	Dps1	K05355	382
SPBC887.10	Mcs4	K11233	520
SPBC17G9.07	Rps2402	K02974	141
SPAC19B12.09	Srp14	K03104	106
SPCC1739.09c	Cox13	K02266	138
SPAC23D3.11	Ayr1	K06123	297
SPBC691.03c	Apl3	K11824	909
SPBC146.12	Coq6	K06126	487
SPBC83.14c	Rfc5	K10756	367
SPBP35G2.05c	Cki2	K00924	452
SPAC1071.06	Arp9	K11768	537
SPBC216.06c	Swi1	K10997	1023
SPAPB24D3.10c	Agl1	K01187	988
SPAC19A8.05c	Sst4	K12182	620
SPCC970.10c	Brl2	K10696	709
SPBC3B9.13c	Rpp102	K02942	101
SPAC23C4.08	Rho3	K07975	204
SPAC607.03c	Snu13	K12845	123
SPAC144.04c	Spe1	K01581	435
SPBC21C3.13	Rps1901	K02966	147
SPAC1D4.13	Byr1	K00924	347
SPAC1F5.07c	Hem14	K00231	486
SPBP23A10.08	Alp5	K11400	443
SPAPB2B4.02	Grx5	K07390	150
SPAC2G11.06	Vps4	K12196	440
SPCC553.04	Cyp9	K12736	627
SPCC1259.15c	Ubc11	K06688	178
SPAC1F7.08	Fio1	K00540	635
SPCC16A11.05c	Dim1	K12859	154
SPAC1782.10c	Nhp2	K11129	156
SPAC3A12.05c	Taf2	K03128	1216
SPAC19A8.08	Upf2	K14327	1109
SPBC1198.13c	Tfg2	K03139	314
SPAC2G11.14	Taf111	K03125	1008
SPAC11E3.04c	Ubc13	K10580	153
SPBC409.21	Sec66	K12273	201
SPBC1921.03c	Mex67	K14284	604
SPBP4H10.20	Nhm1	K12584	319
SPAC23E2.01	Fep1	K09184	551
SPBC19C2.14	Smd3	K11088	100
SPAC1786.03	Cut11	K14315	630
SPCC1223.11	Ptc2	K01090	371
SPAC23H3.10	Ssr2	K11762	524
SPBC649.02	Rps1902	K02966	146
SPBC800.04c	Rpl4301	K02921	95
SPAC22E12.10c	Etp1	K02259	623
SPAPB1A10.10c	Ypt71	K07976	213
SPAC24C9.14	Otu1	K13719	324
SPBC21H7.07c	His5	K01693	214
SPBC211.02c	Cwf3	K12867	841
SPAC6G9.07c	Arc4	K05755	178
SPCC285.16c	Msh6	K08737	1285
SPAC110.03	Cdc42	K04393	194
SPBC21H7.02	Taf10	K03134	214
SPCC188.03	Cnd3	K06678	913
SPAC823.15	Ppa1	K04382	320
SPAC167.02	Ptb1	K05956	319
SPAC56F8.11	Spc3	K12948	196
SPAC26F1.04c	Etr1	K07512	374
SPBC2D10.18	Abc1	K08869	623
SPCC1620.01c	Lsm2	K12621	100
SPAC23A1.08c	Rpl3401	K02915	117
SPBC13E7.02	Cwf24	K13127	551
SPAC20G4.07c	Sts1	K00223	477
SPAC2E1P3.04	Cao1	K00276	738
SPBC23G7.05	Sui1	K03113	113
SPAC16E8.15	Tif45	K03259	227
SPAC664.09	Ggt1	K00681	624
SPBC16A3.09c	Ufd1	K14016	347
SPBC409.05	Skp1	K03094	170
SPCC548.04	Urm1	K12161	97
SPCC1919.15	Brl1	K10696	733
SPCC364.03	Rpl1702	K02880	189
SPAC823.05c	Tlg2	K08489	313
SPBC428.01c	Nup107	K14301	847
SPBC36B7.07	Tlg1	K08499	227
SPAC26A3.08	Smb1	K11086	140
SPCC1753.01c	Ssb2	K10739	276
SPAP27G11.13c	Nop10	K11130	69
SPBC887.18c	Hfi1	K11362	345
SPBC336.04	Cdc6	K02327	1122
SPBC1D7.04	Mlo3	K12881	198
SPBC56F2.11	Met6	K00641	504
SPCC1902.01	Gaf1	K09184	834
SPBC25H2.13c	Cdc20	K02324	2297
SPCC663.03	Pmd1	K05658	1359
SPAC1D4.10	Trz2	K00784	823
SPCC306.03c	Cnd2	K06676	756
SPCC338.05c	Mms2	K10704	141
SPCC188.08c	Ubp22	K11838	1169
SPAC2F3.17c	Lsm6	K12625	76
SPCC1442.08c	Cox12	K02267	93
SPBP4H10.06c	Cut14	K06674	1219
SPAC15E1.03	Rpl42	K02929	111
SPAC25G10.06	Rps2801	K02979	69
SPAC6G9.11	Syb1	K08513	122
SPAC2E12.02	Hsf1	K09419	608
SPCC825.03c	Psy1	K08486	296
SPBC1685.02c	Rps1202	K02951	144
SPBC29B5.03c	Rpl26	K02898	130
SPCC1840.11	Csl4	K07573	181
SPBC36.09	Sap61	K12827	520
SPCC162.05	Coq3	K00591	280
SPAC664.10	Klp2	K10405	827
SPAC637.10c	Rpn10	K03029	246
SPCC962.06c	Bpb1	K13095	578
SPBC1709.07	Erg27	K09827	352
SPCC126.15c	Sec65	K03105	213
SPCPB16A4.04c	Trm8	K03439	287
SPBC725.02	Mpr1	K11232	296
SPAC23G3.08c	Ubp7	K11844	894
SPAC20G4.01	Caf16	K12608	284
SPAC12G12.05c	Taf9	K03133	167
SPAC644.14c	Rhp51	K04482	362
SPAC10F6.09c	Psm3	K06669	1243
SPBC3E7.02c	Hsp16	K13993	145
SPAC1006.05c	Och1	K05528	417
SPCC1259.03	Rpa12	K03000	119
SPAC31A2.09c	Apm4	K11826	462
SPBC18E5.11c	Edc3	K12615	447
SPCC1494.04c	Tyr1	K00211	444
SPAC24C9.10c	Mrp4	K02967	266
SPAC30D11.13	Hus5	K10577	163
SPAC22A12.09c	Sap114	K12825	494
SPBC16G5.04	MrpL23	K02871	161
SPAC22G7.04	Ubp13	K12571	1125
SPAC824.08	Gda1	K01526	559
SPAPB17E12.04c	Csn2	K12176	467
SPBC725.14	Arg6	K00618	507
SPAC644.12	Cdc5	K12860	789
SPBC1734.12c	Alg12	K03847	571
SPBC1709.06	Dus2	K05543	483
SPBC1734.13	Atp3	K02136	305
SPAC8C9.14	Prr1	K02485	545
SPBC13E7.01	Cwf22	K13100	933
SPCC4G3.02	Aph1	K01518	188
SPAC19G12.06c	Hta2	K11251	125
SPAC13G7.01c	Erg7	K01852	752
SPCC1795.04c	Pre10	K02727	255
SPAC3G6.06c	Rad2	K04799	389
SPAC27D7.07c	Smd1	K11087	119
SPAC23H4.12	Alp13	K11339	355
SPAC24H6.03	Cul3	K03869	822
SPBC1685.09	Rps29	K02980	60
SPBC30D10.16	Pha2	K01713	271
SPBC1709.04c	Cyp3	K09567	172
SPBC19C2.03	Rpc10	K03009	65
SPBC119.07	Ppk19	K08333	1736
SPAC22E12.17c	Glo3	K12493	478
SPAC806.03c	Rps2601	K02976	126
SPBC839.17c	Fkh1	K09568	109
SPAC13G6.07c	Rps601	K02991	250
SPAC1834.05	Alg9	K03846	602
SPBC582.03	Cdc13	K02220	505
SPAC19G12.07c	Rsd1	K13091	630
SPBC3B9.07c	Rpa43	K03004	176
SPBC428.16c	Rhb1	K07208	186
SPAC21E11.03c	Pcr1	K09051	176
SPBC12D12.04c	Pck2	K02677	1054
SPCP1E11.09c	Rpp103	K02942	102
SPAC6G9.09c	Rpl24	K02896	153
SPAC13F5.02c	Ptr6	K03132	409
SPBC20F10.01	Gar1	K11128	183
SPAC2C4.03c	Smd2	K11096	119
SPBC354.02c	Sec61	K10956	484
SPBC16H5.03c	Fub2	K10685	641
SPCC285.09c	Cgs2	K01120	351
SPBC776.13	Cnd1	K06677	1193
SPCC1682.07	Ssl1	K03142	427
SPBC6B1.07	Prp1	K12855	936
SPAC6F12.15c	Cut9	K03353	689
SPCC1281.05	Rsc7	K11761	400
SPBC106.11c	Plg7	K01062	453
SPAC9G1.04	Oxa101	K03217	382
SPBC1289.02c	Uap2	K13093	381
SPBC1539.08	Arf6	K07941	188
SPBC1D7.02c	Scr1	K09467	542
SPBC2G5.03	Ctu1	K14168	344
SPAPB1A10.04c	Cwp1	K05955	317
SPCC330.10	Pcm1	K00565	376
SPAC343.01c	Erg8	K00938	430
SPAC4C5.02c	Ryh1	K07976	210
SPBC3D6.04c	Mad1	K06679	726
SPAC56F8.08	Mud1	K11885	326
SPAC3G6.09c	Tps2	K01087	875
SPBC19C2.13c	Ctu2	K14169	370
SPAC12G12.13c	Cid14	K03514	711
SPBC29B5.01	Atf1	K09046	542
SPBC337.14	Rpb4	K03012	139
SPBC18E5.04	Rpl1001	K02866	230
SPCC320.09	Hem15	K01772	388
SPCC11E10.02c	Gpi8	K05290	392
SPAC56F8.04c	Coq2	K06125	360
SPBC14C8.12	Rpb8	K03016	130
SPBC1604.11	Atp17	K02139	99
SPBC30D10.06	Lsm4	K12623	126
SPCC18B5.11c	Cds1	K02831	472
SPAC23H3.02c	Ini1	K12834	120
SPCC24B10.08c	Ada2	K11314	458
SPCC663.04	Rpl39	K02924	57
SPAPYUG7.04c	Rpb9	K03017	120
SPAC23C11.16	Plo1	K06631	702
SPBC13G1.10c	Mug81	K01529	1986
SPBC30B4.04c	Sol1	K11771	872
SPBC365.06	Pmt3	K12160	117
SPAC22E12.13c	Rpl2403	K02896	202
SPAC139.06	Hat1	K11303	400
SPAC22F8.10c	Sap145	K12829	628
SPBC24C6.11	Cwf14	K12873	155
SPAC19G12.14	Its3	K00889	761
SPCC736.04c	Gma12	K10971	387
SPBP8B7.09c	Los1	K14288	1000
SPAC926.07c	Dlc2	K10418	89
SPAC4A8.15c	Cdc3	K05759	122
SPBC3D6.08c	Lsm1	K12620	147
SPBC725.07	Pex5	K13342	609
SPBC119.02	Ubc4	K06689	150
SPBC1921.01c	Rpl35b	K02917	111
SPCC63.08c	Ppk36	K08269	832
SPBC839.13c	Rpl1601	K02872	201
SPCC297.03	Ssp1	K07359	672
SPAC1805.11c	Rps2602	K02976	126
SPBC29A3.12	Rps902	K02997	202
SPAC24H6.12c	Uba3	K10686	444
SPBC17D11.02c	Hrd1	K10601	687
SPCC1223.05c	Rpl3702	K02922	91
SPAC19A8.13	Usp101	K11093	274
SPAC458.07	Tfa1	K03136	446
SPBC106.18	Rpl2501	K02893	144
SPAC26H5.03	Pcf2	K10751	522
SPBC530.14c	Dsk1	K08832	555
SPCC191.11	Inv1	K01193	585
SPBP23A10.16	Sdh4	K00237	161
SPAC167.03c	Snu66	K11984	679
SPAC16E8.09	Scd1	K11236	900
SPAC22F8.11	Plc1	K01116	933
SPAC30D11.12	Rpl3802	K02923	76
SPAP14E8.03	Bos1	K08496	244
SPAC19D5.07	Uga1	K13524	481
SPBC3B9.18c	Vma7	K02151	124
SPBC3E7.14	Smf1	K11098	79
SPBC4B4.03	Rsc1	K11756	819
SPCC553.09c	Spb70	K02321	583
SPAC2E1P5.01c	Mns1	K01230	552
SPBC119.11c	Pac1	K03685	377
SPCC16A11.14	Sfh1	K11770	425
SPAC1782.07	Qcr8	K00418	95
SPAC4C5.04	Rad31	K10684	315
SPAC4D7.10c	Spt20	K11361	491
SPBC17D11.06	Spp2	K02685	482
SPBC1105.09	Ubc15	K10575	173
SPAC1687.03c	Rfc4	K10755	342
SPAC806.07	Ndk1	K00940	154
SPBC215.02	Bob1	K04797	152
SPAC110.02	Pds5	K11267	1262
SPAC16A10.04	Rho4	K07975	203
SPCC290.02	Rpc34	K03025	308
SPBC25H2.07	Tif11	K03236	142
SPCC18.07	Rpc53	K03026	335
SPCC1183.06	Ung1	K03648	333
SPBC2D10.20	Ubc1	K04649	222
SPCC5E4.04	Cut1	K02365	1903
SPAC1250.03	Ubc14	K06689	161
SPAC17G6.04c	Cpp1	K05954	383
SPAC17G6.09	Sec62	K12275	287
SPBC428.13c	Mob1	K06685	225
SPAC17H9.10c	Ddb1	K10610	1096
SPBC31E1.04	Pep12	K08488	268
SPAC4A8.08c	Vas1	K01873	996
SPAC3H1.01c	Orp3	K02605	728
SPCC895.04c	Ufe1	K08492	330
SPAC6F12.14	Cut23	K03355	598
SPAC1002.04c	Taf11	K03135	205
SPBC1734.14c	Suc1	K02219	122
SPBC6B1.12c	Sus1	K11368	112
SPAC2G11.15c	Tgs1	K14292	247
SPAC22H12.02	Tfg3	K03140	251
SPAC57A10.05c	Pof1	K10259	610
SPBC29A3.05	Vps71	K11663	148
SPAC3G9.14	Sak1	K09175	785
SPBC19F8.07	Mcs6	K02202	350
SPAC27E2.09	Mak2	K02486	2404
SPAC13A11.04c	Ubp8	K11366	470
SPCC16A11.12c	Ubp1	K11870	896
SPAC17G8.07	Yaf9	K11341	226
SPBC342.01c	Alg6	K03848	538
SPAC2F7.03c	Pom1	K08825	1100
SPBP16F5.03c	Tra1	K08874	3837
SPBP8B7.14c	Dpb2	K02325	611
SPAC1D4.12	Rad15	K10844	801
SPAC1071.12c	Stp1	K01078	158
SPBC24C6.06	Gpa1	K04640	420
SPBC115.01c	Rrp46	K12590	226
SPCC4G3.08	Psk1	K00924	448
SPBC2G2.05	Rpl1603	K02872	203
SPAC6B12.10c	Spp1	K02684	472
SPAC2C4.11c	Rbp28	K11884	240
SPBC4.05	Mlo2	K11979	346
SPAC56E4.02c	Alg13	K07432	161
SPCC1322.12c	Bub1	K02178	1075
SPAC323.06c	Uba5	K04532	541
SPCC777.10c	Ubc12	K10579	182
SPAC23C11.04c	Pnk1	K08073	428
SPBP4H10.08	Qcr10	K00420	83
SPBC36.06c	Spo9	K00787	372
SPBC1734.08	Hse1	K04705	386
SPAC16E8.11c	Tfb1	K03141	550
SPCC61.02	Spt3	K11313	324
SPCC1682.12c	Ubp16	K11855	468
SPBC31F10.15c	Atp15	K02135	70
SPAC19B12.04	Rps3001	K02983	63
SPBC20F10.09	Lsm5	K12624	80
SPBC26H8.14c	Cox17	K02260	68
SPBC3B8.01c	Arh1	K00528	479
SPAC17C9.07	Alg8	K03849	523
SPBC26H8.02c	Sec9	K08508	422
SPCC1840.10	Lsm8	K12627	96
SPBC543.07	Pek1	K08294	370
SPAC732.01	Vma11	K02155	152
SPAC20G8.03	Itr2	K08150	555
SPBC15D4.14	Taf73	K03130	656
SPCC1620.09c	Tfg1	K03138	558
SPBC16D10.04c	Dna2	K10742	1432
SPAC17D4.02	Cdc45	K06628	666
SPAC11E3.01c	Swr1	K11681	1358
SPBC1773.05c	Tms1	K00008	353
SPAC9E9.14	Vps24	K12193	239
SPBC530.12c	Pdf1	K07252	647
SPBC56F2.10c	Alg5	K00729	334
SPAC3H1.13	Ppk13	K08856	354
SPAC7D4.06c	Alg3	K03845	427
SPAC27D7.04	Omt2	K01724	101
SPAC23C4.11	Atp18	K02142	62
SPBC1711.17	Prp16	K12815	1208
SPBP4H10.03	Oxa102	K03217	412
SPAC1B3.14	Vma3	K02155	148
SPAPB18E9.02c	Ppk18	K12767	1335
SPBC21C3.05	Sap62	K12826	227
SPCC550.02c	Cwf5	K12872	359
SPCC970.01	Rad16	K10848	911
SPAC18B11.07c	Rhp6	K10573	155
SPBC31E1.03	Hub1	K13113	76
SPBC28F2.04c	Cwf7	K12861	194
SPAC1F3.02c	Mkh1	K00924	1137
SPAC1687.13c	Csn5	K09613	312
SPBC18H10.08c	Ubp4	K11839	615
SPBC1198.14c	Fbp1	K03841	350
SPBC32F12.02	Rec14	K12601	299
SPBC3D6.15	Rps2501	K02975	89
SPBC947.11c	Elg1	K11134	943
SPBC13G1.12	Did2	K12197	200
SPAC17D4.01	Pex7	K13341	314
SPAC959.08	Rpl2102	K02889	167
SPBP23A10.04	Apc2	K03349	715
SPBC2G2.01c	Liz1	K03448	526
SPCC63.11	Prp28	K12858	674
SPBC405.04c	Ypt7	K07897	209
SPBC106.01	Mph1	K08866	684
SPAC29B12.02c	Set2	K11423	824
SPAPB2B4.01c	Gpi12	K03434	254
SPBC1734.05c	Spf31	K09528	223
SPBC776.14	Plh1	K00679	643
SPBC887.19	Rft1	K06316	543
SPBC577.02	Rpl3801	K02923	77
SPBP4H10.21c	Sld5	K10735	227
SPBC211.07c	Ubc8	K10576	191
SPAC31G5.01	Sap49	K12831	326
SPAC10F6.05c	Ubc6	K04554	233
SPAC20G8.07c	Erg2	K09829	224
SPAC2C4.14c	Ppk11	K00924	320
SPAC1952.05	Gcn5	K06062	472
SPBC1685.03	Sec11	K13280	194
SPAC9.05	Mfh1	K10896	877
SPCC1620.10	Cwf26	K13106	327
SPBC365.05c	Slu7	K12819	389
SPBC8D2.04	Hht2	K11253	139
SPAC1002.13c	Psu1	K01188	379
SPBC30D10.10c	Tor1	K07203	2418
SPAC22G7.09c	Nup45	K14307	409
SPBC342.06c	Rtt109	K11309	385
SPAC29E6.08	Tbp1	K03120	231
SPBC25H2.11c	Spt7	K11359	1026
SPCC338.17c	Rad21	K06670	616
SPAC1687.05	Pli1	K04706	733
SPAC1D4.06c	Csk1	K07760	315
SPAC22H10.07	Scd2	K11237	545
SPBC1347.10	Cdc23	K10736	605
SPCC1672.08c	Tfa2	K03137	292
SPCC63.12c	Pup3	K02735	206
SPBC776.18c	Pmh1	K10842	333
SPAC14C4.16	Dad3	K11568	88
SPAC31A2.13c	Sft1	K08505	96
SPBC8D2.14c	Sed5	K08490	317
SPCC132.02	Hst2	K11121	344
SPAC1002.11	Gaa1	K05289	607
SPBC3D6.03c	TrzL	K00784	690
SPCC14G10.03c	Ump1	K11599	133
SPAC4H3.05	Srs2	K03657	919
SPBC646.14c	Orc5	K02607	470
SPCC126.14	Prp18	K12817	366
SPAC57A10.14	Sgf11	K11363	119
SPCC306.04c	Set1	K11422	954
SPBP16F5.04	Ubc7	K04555	170
SPAC25H1.06	Pcf3	K10752	425
SPAC27E2.05	Cdc1	K02328	466
SPBP8B7.07c	Set6	K11426	500
SPBC409.09c	Mis13	K11560	334
SPAC30D11.10	Rad22	K10873	472
SPAC23A1.04c	Mnl1	K10084	811
SPBC36B7.09	Gcn2	K08860	1646
SPBC2A9.08c	Sec22	K08517	226
SPBC11G11.06c	Sme1	K11097	88
SPAC17A5.01	Pex6	K13339	967
SPBC13G1.13	Tfb2	K03144	465
SPCC188.04c	Spc25	K11558	262
SPBC337.16	Cho1	K00550	225
SPAC1002.17c	Urg2	K00761	200
SPBC725.13c	Psf2	K10733	194
SPAC2G11.13	Atg22	K06902	533
SPAC3H5.04	Aar2	K13205	356
SPBC106.09	Cut4	K03348	1503
SPAC1805.15c	Pub2	K10591	701
SPAC2F3.15	Lsk1	K08819	612
SPBC19C7.07c	Sen34	K01170	298
SPAC6F12.12	Par2	K11584	658
SPBC4B4.05	Smg1	K11099	78
SPAC4F8.01	Did4	K12191	217
SPBC577.07	Ubp10	K12847	535
SPAC17H9.20	Psc3	K06671	1005
SPBC32H8.13c	Mok12	K00749	2422
SPBC14C8.17c	Spt8	K11360	531
SPAC22A12.05	Rpc11	K03019	116
SPBC216.05	Rad3	K06640	2485
SPBC16G5.18	Erg24	K00222	441
SPBC215.03c	Csn1	K12175	442
SPBP35G2.08c	Air1	K12597	323
SPBC3B9.09	Vps36	K12190	483
SPBC649.03	Rhp14	K10847	315
SPCC330.12c	Sdh3	K00236	183
SPAC2E1P5.04c	Cwg2	K11713	363
SPBC4B4.06	Vps25	K12189	189
SPBP8B7.24c	Atg8	K08341	128
SPAC1782.09c	Clp1	K06639	547
SPBC15D4.04	Gpt2	K01001	453
SPAC1565.04c	Ste4	K09062	279
SPBC1A4.01	Apc10	K03357	195
SPBC9B6.05c	Lsm3	K12622	97
SPCC1259.10	Pgp1	K01409	418
SPAC15A10.01	Atm1	K05663	700
SPCC320.13c	Ark1	K08850	369
SPAC3C7.06c	Pit1	K12765	661
SPAPB1E7.02c	Mcl1	K11274	826
SPAC637.12c	Mst1	K11304	494
SPAC1B3.12c	Rpb10	K03007	75
SPAC26F1.10c	Pyp1	K01104	559
SPAC19G12.01c	Cut20	K03351	750
SPCC622.08c	Hta1	K11251	126
SPCC1442.12	Pps1	K00998	241
SPAC23H3.13c	Gpa2	K04640	368
SPBC776.01	Rpl29	K02905	65
SPAC29E6.02	Prp3	K12843	568
SPBC902.02c	Ctf18	K11269	987
SPCC663.05c	Cia1	K10753	267
SPAC26H5.12	Rpo41	K10908	1195
SPBC1685.01	Pmp1	K11240	287
SPBC1703.12	Ubp9	K11872	607
SPAC4G9.02	Rnh201	K10743	334
SPBC29A10.15	Orc1	K02603	731
SPAC31G5.08	Ups1	K01719	259
SPBC839.12	Rpc31	K03024	221
SPBC16D10.07c	Sir2	K11121	485
SPCC364.02c	Bis1	K13118	391
SPAC17A5.06	Ptr8	K10843	830
SPCP1E11.07c	Cwf18	K12871	151
SPCC576.15c	Ksg1	K06276	596
SPAC10F6.12c	Mam4	K00587	241
SPBC15D4.03	Slm9	K11293	821
SPCC1672.10	Mis16	K10752	440
SPAC25G10.07c	Cut7	K10398	1109
SPAC13G6.01c	Rad8	K01529	1168
SPBC32H8.07	Git5	K07972	298
SPAC26H5.08c	Bgl2	K01210	322
SPBC409.03	Swi5	K10991	88
SPBC2F12.08c	Ceg1	K00987	426
SPAC23H4.17c	Srb10	K07760	387
SPAC19B12.10	Sst2	K11866	448
