A5A614	5.027486759
A5A621	0.002878552
B8LFD5	30.58255106
D0EX67	92.50811627
D9IX93	744.5754896
P00350	8388.154616
P00363	121.9305101
P00370	6463.247744
P00393	47.89327872
P00448	3740.65378
P00452-2	33.66511795
P00490	49.73412711
P00509	3584.090394
P00547	1186.54537
P00561	147.8563112
P00562	53.83827808
P00579	550.9752927
P00582	325.6346098
P00803	28.05807564
P00805	11.93439578
P00811	64.32255158
P00861	589.0526217
P00864	566.9439294
P00887	337.2105532
P00888	1244.272232
P00892	111.8840903
P00893	473.1455233
P00894	1211.509351
P00895	175.2904746
P00903	110.6269429
P00904	1207.130941
P00909	332.6350403
P00926	128.5928369
P00934	5115.252965
P00935	246.9961798
P00944	4.076506582
P00946	842.5311545
P00954	1952.596259
P00956	185.9847796
P00957	1565.197043
P00959	479.7754042
P00960	468.1809982
P00961	1602.568553
P00962	1204.191826
P00963	1017.702824
P00968	1922.345932
P02358	15799.09346
P02359	2937.971703
P02413	1382.043274
P02918	13.62734729
P02919-2	19.53831937
P02924	370.5952395
P02925	2756.436113
P02929	35.64218195
P02930	57.06623333
P02931	128.4374299
P02943	22.39292716
P03004	86.47068789
P03007	0.064782426
P03018	3.622358491
P03023	20.45693781
P03024	23.99283616
P03813	265.1795657
P03817	1517.668586
P03841	831.7223143
P04036	468.6393295
P04079	1885.862834
P04335	14.78135378
P04391	1273.869261
P04425	640.5169922
P04693	1209.159172
P04805	1710.530982
P04816	3456.81137
P04825	160.7229327
P04846	546.1481258
P04949	30.08210133
P04951	821.8153783
P04968	105.710682
P04982	514.0226287
P04983	8.865765366
P04993	0.155879236
P05020	3242.582276
P05041	43.12663826
P05042	237.8882592
P05050	6.296221769
P05055	3891.153264
P05194	438.2383429
P05458	47.03676504
P05459	434.6747845
P05637	82.20851166
P05706	76.1127164
P05707	3.245526619
P05719	28.60445263
P05791	506.2231934
P05793	13141.18026
P05824	0
P05825	21.91791471
P05827	0
P05852	175.5730481
P06129	228.1150977
P06149	509.6125989
P06610	1780.913869
P06611	25.42605041
P06612	96.10070533
P06616	219.987076
P06709	4.17389722
P06710	20.27459921
P06715	660.170965
P06720	18.61334001
P06721	478.5092517
P06846	19.86309355
P06959	3992.611762
P06960	755.9433686
P06961	42.11315895
P06966	9.955676654
P06968	2115.487323
P06971	15.33741014
P06974	3.083423546
P06983	248.4591548
P06986	1017.324388
P06987	345.9898467
P06988	1911.196525
P06989	1195.802831
P06992	195.8294239
P06996	184.7628854
P06999	1426.490996
P07001	73.36129525
P07003	128.326146
P07004	883.7093964
P07012	1279.640447
P07013	33.77738465
P07014	1468.723449
P07023	58.76935001
P07024	547.1124441
P07026	10.03538374
P07102	38.78042081
P07109	252.8322921
P07118	41.53700822
P07395	2008.379134
P07604	29.60669467
P07623	672.797204
P07639	442.3700343
P07649	41.32031752
P07650	371.4676659
P07762	272.3586016
P07813	77.05744762
P07821	126.9258771
P07822	21.89562208
P07862	416.6876787
P07913	224.7209264
P08142	1601.035843
P08178	2258.151212
P08179	363.4130903
P08191	24.75443397
P08192	93.61459717
P08200	16958.98156
P08244	755.5491503
P08245	356.289369
P08312	2992.588726
P08331	256.2641834
P08337	0.154247836
P08365	12.38572874
P08368	15.21081492
P08373	95.2033229
P08390	788.9505634
P08394	40.53648072
P08395	1.107863669
P08506	1001.113891
P08622	750.041167
P08660	218.7700071
P08839	4779.752398
P08956	1.592013405
P08957	173.4904247
P08997	420.3988541
P09029	319.0499539
P09030	573.1882483
P09053	30.12701861
P09099	21.39706887
P09126	0
P09127	0.41815742
P09147	1146.365251
P09148	170.8412946
P09151	2289.944947
P09155	5.228104836
P09158	1193.484869
P09169	445.8805038
P09184	3.218712017
P09372	4655.249025
P09373	2332.428383
P09394	202.1000122
P09424	817.2600956
P09546	9.814022734
P09549	177.6874154
P09551	3092.165978
P09831	376.2083711
P09832	4115.374901
P09833	9.947714669
P09980	10.12390617
P09996	185.4607519
P0A698	51.23120003
P0A6A3	2596.335306
P0A6A6	2912.163233
P0A6A8	25580.95391
P0A6B4	40.73383752
P0A6B7	6697.041728
P0A6C1	81.86398448
P0A6C5	299.1845603
P0A6C8	3403.154508
P0A6D0	664.1660635
P0A6D3	1249.258753
P0A6D7	1520.119532
P0A6E1	868.9482901
P0A6E4	5946.55261
P0A6E6	5620.965946
P0A6E9	43.24199878
P0A6F1	6855.832125
P0A6F3	625.0791932
P0A6F5	13057.32343
P0A6F9	11490.95359
P0A6G3	125.6207908
P0A6G7	1801.577754
P0A6H1	2050.116444
P0A6H5	1285.291862
P0A6I0	1009.828093
P0A6I3	60.07987452
P0A6I6	286.7713821
P0A6I9	42.53243935
P0A6J1	611.1693944
P0A6J5	115.8193362
P0A6J8	364.0571339
P0A6K1	224.9946491
P0A6K3	1215.700459
P0A6K6	1632.953384
P0A6L0	937.0151038
P0A6L2	2817.544866
P0A6L4	122.655271
P0A6L9	789.6481058
P0A6M4	94.05681295
P0A6M8	15292.4605
P0A6N4	4052.194874
P0A6N8	1820.352435
P0A6P1	11113.5016
P0A6P5	265.4736664
P0A6P7	783.7082542
P0A6P9	16344.94466
P0A6Q3	5450.523903
P0A6Q6	1241.092878
P0A6R0	1675.305677
P0A6R3	4910.410177
P0A6S7	1225.918522
P0A6T1	281.4835728
P0A6T3	347.6424166
P0A6T5	3713.181522
P0A6T9	651.5291482
P0A6U3	142.6573686
P0A6U5	183.8830315
P0A6U8	11.79446342
P0A6V1	59.63025141
P0A6V5	209.6572743
P0A6V8	175.0482738
P0A6W0	0
P0A6W5	2522.859855
P0A6W9	38.7966541
P0A6X1	34.65712977
P0A6X3	111.2167129
P0A6X7	3533.548824
P0A6Y1	4122.875344
P0A6Y5	807.3002468
P0A6Y8	9035.060519
P0A6Z1	748.1366075
P0A6Z3	1924.686604
P0A6Z6	441.9345143
P0A705	237.5732813
P0A707	2206.719654
P0A715	2625.810842
P0A717	4567.725949
P0A720	91.32887045
P0A722	471.5236857
P0A725	143.8364231
P0A729	1469.992351
P0A731	806.1332505
P0A734	1384.216658
P0A738	436.6718103
P0A744	1118.469469
P0A746	2907.778162
P0A749	550.7101781
P0A752	1.210911839
P0A754	13.57330154
P0A756	160.9028092
P0A759	1488.104534
P0A761	52.46464656
P0A763	10164.0429
P0A776	50.7734782
P0A780	1126.959579
P0A784	467.7671376
P0A786	12137.32928
P0A790	1353.744971
P0A794	796.2156138
P0A796	2206.503159
P0A799	15371.73259
P0A7A2	226.6620696
P0A7A5	136.9091222
P0A7A7	4.843740175
P0A7A9	1691.508859
P0A7B1	0.156705411
P0A7B3	26.1026911
P0A7B5	343.2079723
P0A7B8	122.9856296
P0A7C2	323.19836
P0A7C6	74.0224779
P0A7D1	566.9338698
P0A7D4	5477.776658
P0A7D7	5473.181015
P0A7E1	1101.111242
P0A7E3	102.0905298
P0A7E5	1243.332553
P0A7E9	1903.856895
P0A7F3	11021.50121
P0A7F6	1619.766302
P0A7F9	118.0770047
P0A7G2	2200.84576
P0A7G6	1174.481334
P0A7H0	3.738609092
P0A7H6	50.71006468
P0A7I0	90.56550343
P0A7I4	486.1749271
P0A7I7	399.3146649
P0A7J0	370.7364176
P0A7J3	9378.488312
P0A7J7	6517.509894
P0A7K2	15663.04126
P0A7K6	2154.387023
P0A7L0	9623.806399
P0A7L3	349.7131008
P0A7L8	730.0595097
P0A7M2	669.0023786
P0A7M6	15388.03096
P0A7M9	10880.14215
P0A7N1	1.947282769
P0A7N4	1420.859621
P0A7N9	1392.185501
P0A7Q6	316.3822429
P0A7R1	12811.01448
P0A7R5	16205.08056
P0A7R9	349.0029548
P0A7S3	221.9602962
P0A7S9	2476.46321
P0A7T3	17733.36513
P0A7T7	4799.284104
P0A7U3	980.6520326
P0A7U7	732.0267573
P0A7V0	12739.34113
P0A7V3	622.3335568
P0A7V8	609.4561835
P0A7W1	13661.14289
P0A7W7	7663.871485
P0A7X3	297.910391
P0A7X6	1200.062115
P0A7Y0	532.5069767
P0A7Y4	89.289318
P0A7Z0	3487.814888
P0A7Z4	7684.105008
P0A800	3850.211717
P0A805	4190.586995
P0A809	349.1269914
P0A812	107.0542622
P0A817	7819.718906
P0A821	88.16308037
P0A823	48.59166696
P0A825	15861.56398
P0A832	120.7653673
P0A836	3456.324243
P0A840	200.6249311
P0A847	609.2657109
P0A850	9189.115109
P0A853	231.8896572
P0A855	2674.159751
P0A858	8245.432672
P0A862	22479.05926
P0A867	1507.338144
P0A870	6531.511508
P0A873	108.8647554
P0A877	4316.428011
P0A879	3337.012881
P0A881	468.1879851
P0A884	211.8312902
P0A887	946.9659968
P0A890	184.4724026
P0A894	279.7618501
P0A898	233.9210287
P0A8A0	1221.253231
P0A8A2	1195.230749
P0A8A4	204.0290758
P0A8A8	714.2185016
P0A8B2	61.31402506
P0A8B5	3260.274296
P0A8C1	82.22016407
P0A8C4	1662.285521
P0A8D0	247.8974339
P0A8D3	177.6205472
P0A8D6	286.0733832
P0A8E1	983.5885918
P0A8E5	93.92721612
P0A8E7	4565.725836
P0A8F0	9760.755107
P0A8F4	461.7656558
P0A8F8	22.47150246
P0A8G3	42.20185533
P0A8G6	7067.605175
P0A8G9	1355.81677
P0A8H6	854.0939936
P0A8H8	504.3698367
P0A8I1	1.178187864
P0A8I3	610.8964446
P0A8I5	647.5636386
P0A8I8	400.0819262
P0A8J2	117.0896403
P0A8J4	2625.171483
P0A8J8	378.1144919
P0A8K1	508.3308789
P0A8K5	1022.900454
P0A8L1	1855.569189
P0A8L7	67.51752425
P0A8M0	2375.601382
P0A8M3	430.504833
P0A8M6	9143.782675
P0A8N0	200.6087065
P0A8N3	1600.197246
P0A8N5	228.3275777
P0A8N7	31.01000613
P0A8P3	3213.661092
P0A8P6	36.3013887
P0A8R0	1764.54807
P0A8R4	491.8713313
P0A8R9	116.908402
P0A8S1	400.8762534
P0A8T1	117.6218311
P0A8T7	590.5902561
P0A8U0	114.2709742
P0A8U6	1865.850837
P0A8V0	249.923532
P0A8V2	2518.595558
P0A8V6	209.7451337
P0A8W0	49.80351205
P0A8W2	556.7922132
P0A8W5	450.479826
P0A8W8	1839.730143
P0A8X0	585.5189126
P0A8X2	1205.085211
P0A8Y1	63.10755876
P0A8Y3	361.8908508
P0A8Y5	501.123714
P0A8Y8	1.805651859
P0A8Z0	88.25911757
P0A8Z3	112.8322977
P0A8Z7	121.7935606
P0A901	21.62414035
P0A903	121.5084233
P0A905	624.5396628
P0A908	163.5702116
P0A910	2217.434279
P0A912	151.1687799
P0A915	3.634821918
P0A917	193.8185374
P0A927	368.2455335
P0A935	145.3959492
P0A940	1323.578413
P0A944	28.95741521
P0A948	153.3064297
P0A951	201.314627
P0A953	10755.64646
P0A955	4175.656222
P0A959	158.146371
P0A962	405.8267576
P0A964	2.30518262
P0A968	1429.081612
P0A972	8756.278089
P0A978	95.39679917
P0A988	578.8584609
P0A991	83.97626102
P0A993	543.0933198
P0A996	1.569923685
P0A998	133.5675578
P0A9A2	0.360489437
P0A9A6	3450.917543
P0A9A9	2849.664745
P0A9B2	26436.21493
P0A9B6	150.5108168
P0A9C0	5.637760311
P0A9C3	1387.205698
P0A9C5	10010.97694
P0A9C9	172.4931706
P0A9D2	1087.23086
P0A9D4	233.8131466
P0A9D8	6366.859844
P0A9E5	566.5328313
P0A9F1	87.38940834
P0A9F3	463.1320069
P0A9F6	6.161034045
P0A9F9	61.76095928
P0A9G4	107.7567313
P0A9G6	15075.66045
P0A9G8	103.294017
P0A9H1	347.4416838
P0A9H5	102.2665594
P0A9H7	130.0498305
P0A9H9	1.131357551
P0A9I3	231.1145142
P0A9I8	0.027525437
P0A9J0	42.94207385
P0A9J4	54.31528109
P0A9J6	251.4258271
P0A9J8	1557.714106
P0A9K3	1404.664055
P0A9K7	13.68770358
P0A9K9	10155.1701
P0A9L3	3549.693675
P0A9L5	1666.009976
P0A9L8	1306.879603
P0A9M0	747.4067036
P0A9M2	870.9884257
P0A9M5	2496.973516
P0A9M8	1088.296011
P0A9N4	148.9084305
P0A9P0	7423.961339
P0A9P4	2410.047442
P0A9P6	488.7217435
P0A9P9	524.7573597
P0A9Q1	2512.034284
P0A9Q5	1552.744372
P0A9Q7	3292.176665
P0A9Q9	11319.13033
P0A9R4	2309.151989
P0A9R7	549.4023705
P0A9S1	47.16899363
P0A9S3	552.6967109
P0A9S5	229.0725531
P0A9S7	465.8930441
P0A9T0	4042.356931
P0A9T4	697.2460151
P0A9T6	239.3115527
P0A9T8	129.4109616
P0A9U3	375.2440838
P0A9U6	45.61447511
P0A9V1	594.0827416
P0A9V5	1.670540602
P0A9V8	0.326895374
P0A9W0	51.69531042
P0A9W3	1534.74659
P0A9W6	832.8089452
P0A9W9	167.9585172
P0A9X1	9.10938748
P0A9X4	3189.13157
P0A9X9	2332.480175
P0A9Y6	16605.13695
P0A9Z1	2688.539317
P0AA04	18408.78795
P0AA10	12225.90372
P0AA16	1456.115916
P0AA25	10124.691
P0AA31	2135.175248
P0AA37	119.9553047
P0AA39	16.13138908
P0AA41	28.37235042
P0AA43	1463.86708
P0AA57	2151.353146
P0AA91	93.12372091
P0AA95	73.45524194
P0AA97	40.07529536
P0AA99	96.5409172
P0AAA1	18.66709954
P0AAA9	35.94550879
P0AAB4	23.3482937
P0AAB6	3197.201362
P0AAB8	357.6451836
P0AAC0	757.2269687
P0AAC8	1307.581095
P0AAD6	0.144224646
P0AAF6	577.0269037
P0AAG0	186.73101
P0AAG3	124.0389232
P0AAG8	31.24927055
P0AAH0	31.98839772
P0AAH4	10.94993448
P0AAH8	105.8254717
P0AAI3	10.0479659
P0AAI5	1717.302416
P0AAI9	4532.722085
P0AAJ5	0.297548371
P0AAJ8	28.9901865
P0AAN1	31.54831695
P0AAN3	4.974782283
P0AAN5	840.6077294
P0AAN9	1153.735303
P0AAP3	518.1536676
P0AAQ2	194.7857737
P0AAQ6	50.43858088
P0AAR3	465.4444316
P0AAR8	19.29006246
P0AAS7	1330.673885
P0AAS9	58.49549548
P0AAT2	46.99656719
P0AAT6	1192.796509
P0AAT9	455.945202
P0AAU7	6.212956038
P0AAV4	280.6840762
P0AAV6	1254.687883
P0AAW1	36.19799737
P0AAX3	119.6811039
P0AAX6	5127.983925
P0AAX8	1944.700221
P0AAZ4	32.21926348
P0AAZ7	1114.361033
P0AB10	0
P0AB14	2792.05646
P0AB18	390.8351381
P0AB20	0.027730607
P0AB24	494.8977598
P0AB26	66.63543976
P0AB28	1156.150645
P0AB35	22.42218341
P0AB38	109.0765208
P0AB40	351.365398
P0AB43	428.6987089
P0AB46	16.35576577
P0AB52	1505.505171
P0AB55	1622.378217
P0AB58	8.713684258
P0AB61	821.55822
P0AB65	330.1535621
P0AB67	108.6151199
P0AB71	13704.56246
P0AB77	122.2740457
P0AB80	1940.094761
P0AB83	151.5424923
P0AB87	3.137358232
P0AB89	950.804245
P0AB91	5568.6717
P0AB96	62.37006661
P0ABA0	39.31734643
P0ABA4	3093.71396
P0ABA6	2823.778379
P0ABB0	9056.57291
P0ABB4	10696.25319
P0ABC3	113.9533399
P0ABC7	1029.873635
P0ABD3	378.3963656
P0ABD5	2083.020434
P0ABD8	2325.150784
P0ABE2	1504.122777
P0ABF1	24.58656478
P0ABF4	3.006595631
P0ABF6	481.4610623
P0ABH0	676.6189959
P0ABH7	3642.433068
P0ABH9	500.9095311
P0ABJ1	64.54223682
P0ABJ9	0.674689656
P0ABK5	23900.07254
P0ABP8	101.1533002
P0ABQ0	23.66026886
P0ABQ2	170.4200473
P0ABQ4	377.0446903
P0ABR1	116.6142289
P0ABS1	4483.262943
P0ABS5	7.166625031
P0ABT2	1244.806136
P0ABT5	20.11132259
P0ABU0	639.228427
P0ABU2	1970.869112
P0ABU5	1471.737513
P0ABV2	22.85507672
P0ABY4	70.64940636
P0ABZ1	0.522861418
P0ABZ4	96.60837237
P0ABZ6	2115.744408
P0AC00	0
P0AC02	508.341567
P0AC13	176.3679454
P0AC19	1268.430724
P0AC28	6.595383226
P0AC33	1201.671609
P0AC38	511.4341584
P0AC41	1870.908813
P0AC47	197.3669079
P0AC51	267.075314
P0AC53	837.1909058
P0AC55	777.424251
P0AC59	2798.553765
P0AC62	3230.580262
P0AC65	0.501767582
P0AC69	6525.926749
P0AC75	5.576403416
P0AC81	503.2446217
P0AC84	129.1096033
P0AC92	110.7047602
P0ACA1	299.0257482
P0ACA3	2640.028065
P0ACA7	1589.291297
P0ACB0	139.2912604
P0ACB2	600.481755
P0ACB4	146.6160837
P0ACC1	1.1829073
P0ACC3	1762.421672
P0ACC7	624.7535805
P0ACD4	9102.389794
P0ACE0	0.973042482
P0ACE3	663.6563838
P0ACE7	2330.060534
P0ACF0	23850.15331
P0ACF4	6855.664347
P0ACF8	12727.66102
P0ACG1	3944.803365
P0ACG8	34.33635442
P0ACI0	109.0086945
P0ACI3	0.291656417
P0ACI6	65.0632688
P0ACJ0	5309.353076
P0ACJ8	2767.411616
P0ACK2	22.67955659
P0ACK5	82.364433
P0ACK8	25.52105732
P0ACL0	70.36641144
P0ACL2	56.96730059
P0ACL5	11.80096152
P0ACL7	7.955349364
P0ACL9	305.8354434
P0ACM2	87.76188427
P0ACM5	46.01595908
P0ACM9	0
P0ACN2	16.95302356
P0ACN4	362.5210921
P0ACN7	52.22146394
P0ACP1	80.47552523
P0ACP5	183.5582063
P0ACP7	807.0904297
P0ACQ4	227.7882876
P0ACR4	144.5342381
P0ACR9	863.1614389
P0ACS2	41.35938953
P0ACS5	9.941593097
P0ACS7	21.11622647
P0ACT6	36.83519361
P0ACU7	782.6395099
P0ACV0	0.087826252
P0ACV6	164.0680887
P0ACV8	491.8277282
P0ACW6	124.6002677
P0ACX3	1041.070155
P0ACX5	93.06034034
P0ACY1	1810.350153
P0ACY3	243.12942
P0ACY9	225.0222513
P0ACZ4	139.9052811
P0ACZ8	456.693237
P0AD05	402.2815161
P0AD07	603.7485261
P0AD10	333.9530287
P0AD12	517.4308022
P0AD21	162.2336191
P0AD24	955.3907911
P0AD27	2.528469155
P0AD33	952.2171545
P0AD37	0.769993004
P0AD40	67.13546033
P0AD49	2888.984909
P0AD53	41.20691993
P0AD57	143.8164869
P0AD59	2287.711683
P0AD61	4879.135556
P0AD65	1.744607499
P0AD68	6.294925951
P0AD70	25.20552872
P0AD96	19839.0896
P0ADA1	297.4652117
P0ADA3	180.1401194
P0ADA5	652.3037179
P0ADB1	1442.942036
P0ADB7	0.619531345
P0ADC1	57.80494256
P0ADC8	4.670465514
P0ADE4	4.311339008
P0ADE6	3367.185293
P0ADE8	1821.730902
P0ADF6	68.82309784
P0ADF8	2215.487723
P0ADG4	1598.695185
P0ADG7	2000.532592
P0ADI4	224.4223467
P0ADI7	472.2901963
P0ADK0	404.1077961
P0ADK6	18.81626851
P0ADK8	715.9594793
P0ADM4	6.685352679
P0ADN2	5255.837279
P0ADN6	80.80616612
P0ADP0	213.1907257
P0ADP2	145.6457196
P0ADP9	1562.63901
P0ADQ2	157.7250909
P0ADQ7	730.3470885
P0ADR6	135.9464139
P0ADR8	5.330900332
P0ADS2	514.1335551
P0ADS6	174.2990433
P0ADS9	258.8153884
P0ADT2	7.237278377
P0ADT5	284.4899373
P0ADT8	96.9163185
P0ADU2	868.3485909
P0ADU5	2401.257907
P0ADU7	11.73070113
P0ADV1	1260.749559
P0ADV5	94.68274315
P0ADV7	71.51420344
P0ADW3	31.22604806
P0ADW8	624.8036048
P0ADX1	431.4946752
P0ADX5	82.10018318
P0ADX7	782.8853991
P0ADX9	66.71287826
P0ADY1	22.85722338
P0ADY3	2543.365456
P0ADY7	774.8304544
P0ADZ0	1060.840583
P0ADZ4	8402.303973
P0ADZ7	0.557467037
P0AE01	521.372568
P0AE06	171.3035191
P0AE08	20537.54275
P0AE12	397.5248713
P0AE18	1650.553252
P0AE22	178.0089071
P0AE28	186.3007504
P0AE39	24.73053233
P0AE48	866.3864206
P0AE52	3763.44567
P0AE60	39.35043647
P0AE63	498.210122
P0AE67	94.1764136
P0AE70	86.80244141
P0AE72	22.29376172
P0AE76	7.303603836
P0AE78	149.3746753
P0AE85	168.1687572
P0AE88	1111.667855
P0AE91	504.8857414
P0AEA2	0.023504931
P0AEA8	14.63808032
P0AEB2	1312.696912
P0AEB7	3483.914429
P0AEC3	85.38678234
P0AED0	15760.47789
P0AED5	85.03574313
P0AED7	299.1520725
P0AED9	38.78536471
P0AEE1	474.0025871
P0AEE5	1378.261042
P0AEE8	13.79897285
P0AEF0	54.52079066
P0AEF4	0.548365558
P0AEF8	8.016319241
P0AEG4	2340.961481
P0AEG6	940.3080906
P0AEH3	227.1889295
P0AEH5	2678.98823
P0AEI1	479.8759921
P0AEI4	257.5578763
P0AEI6	282.9630226
P0AEJ2	223.5519742
P0AEK0	9.754072981
P0AEK2	3249.726148
P0AEK4	6460.981374
P0AEL3	44.46994599
P0AEL6	177.3212056
P0AEM0	870.581228
P0AEM4	131.7844494
P0AEM6	2.235743639
P0AEM9	2714.733223
P0AEN1	384.5284561
P0AEN8	40.02557656
P0AEP3	2481.327349
P0AEQ1	3.954344676
P0AEQ3	3913.566425
P0AES0	68.67695769
P0AES2	8.90820796
P0AES4	104.585574
P0AES6	772.6675904
P0AES9	21107.2316
P0AET2	3987.654421
P0AET8	634.702029
P0AEU0	5192.978098
P0AEU7	5130.75047
P0AEV1	7.705325604
P0AEW4	134.0613909
P0AEW6	101.9349228
P0AEW9	45.95267727
P0AEX5	144.0279952
P0AEX9	854.1113441
P0AEY3	3.765738198
P0AEY5	210.9350397
P0AEY8	4.6682285
P0AEZ1	3540.433613
P0AEZ3	2031.36235
P0AEZ9	632.4371291
P0AF03	275.5493844
P0AF08	816.537728
P0AF12	2085.52889
P0AF18	113.6218432
P0AF20	22.95306574
P0AF24	721.736622
P0AF28	644.7076322
P0AF36	6797.154618
P0AF48	130.7335998
P0AF50	625.1164967
P0AF56	25.16341388
P0AF59	38.91574859
P0AF63	41.95871656
P0AF67	778.7506585
P0AF70	324.3613664
P0AF82	7.989039982
P0AF90	5102.986563
P0AF93	11344.45355
P0AF96	15543.54043
P0AFB5	105.0356823
P0AFB8	57.60600012
P0AFC0	4.923964618
P0AFC7	817.4682985
P0AFD1	948.5832683
P0AFD6	325.7513335
P0AFF6	2221.981392
P0AFG0	3871.652576
P0AFG3	1076.799941
P0AFG6	410.6842036
P0AFG8	4870.102906
P0AFH0	6.007884677
P0AFH8	6252.355553
P0AFI2	8.287215102
P0AFI5	47.69345075
P0AFI7	788.8075198
P0AFJ1	607.4862193
P0AFJ5	156.065302
P0AFK0	954.2367914
P0AFK9	1181.017757
P0AFL3	2990.847942
P0AFL6	28.18347421
P0AFM2	1516.55473
P0AFM4	226.9304884
P0AFM6	583.8307889
P0AFP4	74.6029742
P0AFP6	266.5563613
P0AFQ7	195.560546
P0AFR0	3.570328835
P0AFR4	1210.29113
P0AFS3	111.367308
P0AFT5	94.47502224
P0AFU4	7.058545013
P0AFU8	637.4562487
P0AFV4	59.50679046
P0AFW0	204.7820739
P0AFW2	161.8568177
P0AFW4	526.5190098
P0AFW8	471.6198448
P0AFX0	3612.23178
P0AFX4	265.1386248
P0AFX7	375.7052995
P0AFX9	239.3921083
P0AFY8	1015.402771
P0AFZ1	475.4574951
P0AFZ3	496.8402265
P0AG07	246.4925803
P0AG16	374.1674322
P0AG18	2811.431309
P0AG20	1.729062099
P0AG27	21.62916988
P0AG30	2636.084479
P0AG40	29.35818159
P0AG44	965.7839006
P0AG48	7727.370683
P0AG51	5846.476476
P0AG55	16425.83867
P0AG59	267.3113681
P0AG63	8005.801921
P0AG67	14168.75652
P0AG76	55.28796495
P0AG78	116.8365451
P0AG80	916.0405835
P0AG82	101.3649811
P0AG84	262.7013332
P0AG86	7191.639857
P0AG90	1.71170204
P0AG99	53.49755075
P0AGA6	27.41498442
P0AGB0	16.20713287
P0AGB6	299.7168438
P0AGC3	192.1205455
P0AGD1	792.5572017
P0AGD3	2109.969356
P0AGD7	217.0990332
P0AGE0	1443.970924
P0AGE6	1009.361982
P0AGE9	5260.023364
P0AGF2	197.6121519
P0AGG0	18.09115773
P0AGG2	429.3773847
P0AGG4	395.0995383
P0AGG8	589.6016854
P0AGI8	111.5036288
P0AGJ2	27.37556189
P0AGJ5	816.439754
P0AGJ7	113.8445405
P0AGJ9	720.2158525
P0AGK4	2662.352892
P0AGK8	2117.598674
P0AGL5	53.74756203
P0AGL7	199.8636493
P0C018	5081.97128
P0C037	2505.436744
P0C054	480.8892044
P0C058	1421.072004
P0C066	94.95443067
P0C079	341.95549
P0C093	65.34674165
P0C0K3	28.8805402
P0C0L2	6318.877726
P0C0L9	2069.028276
P0C0R7	202.7069968
P0C0T5	39.34030469
P0C0U4	41.73646923
P0C0V0	1976.524687
P0C8J6	4111.473708
P0C8J8	1148.767999
P0C8K0	2.183461625
P0C960	249.879455
P0CB39	3.295457862
P0CE47	53588.95104
P0CE49	56.49985081
P0CE60	1.540422356
P0CF40	25.15502062
P0CG19	52.60026794
P10100	253.5674956
P10121	1061.48053
P10346	335.9723061
P10371	805.4155363
P10378	15.83948505
P10384	14.44348481
P10408	324.7487876
P10423	0.493207212
P10441	43.44262482
P10442	87.82273006
P10443	0.220866938
P10902	0
P10907	37.10381625
P10908	28.86572378
P11349	3.706194213
P11446	3115.55872
P11447	1126.897752
P11458	174.4215384
P11557	10.40409568
P11875	641.0950144
P11880	96.08407669
P12008	842.3149666
P12281	405.4851134
P12282	10.87441647
P12295	175.9440471
P12758	1359.041892
P12994	663.8164165
P12995	86.10632262
P12996	184.7591781
P12998	103.9661594
P12999	0.043254854
P13000	720.3607691
P13001	94.23585861
P13009	268.4431188
P13016	84.15637984
P13024	133.8410353
P13029	842.8983113
P13033	23.2404646
P13035	151.8547706
P13036	2.095767548
P13039	1.166755776
P13445	73.07551251
P13458	10.00441447
P13482	312.1596214
P13656	5.381474146
P13669	31.5821742
P13857	45.30052614
P14081	194.6251465
P14175	677.6792988
P14294	0.75668995
P14407	13.92263407
P14900	570.8813673
P15028	6.594714426
P15031	3.236940714
P15034	357.3544076
P15038	10.75451398
P15042	108.8530859
P15047	76.4497465
P15078	0.191133433
P15082	11.76019235
P15254	291.9953296
P15288	2662.710076
P15373	235.4442382
P15639	2634.108801
P15640	1449.585137
P15770	140.7434081
P15877	2.595759993
P16095	166.1237612
P16384	67.85778542
P16456	678.8013143
P16525	6.835032215
P16528	37.97206649
P16659	2463.400827
P16676	511.6592944
P16681	240.6036592
P16691	253.0559666
P16692	0.937043919
P16700	2782.708653
P16703	1529.164833
P16926	13.50860581
P17109	1.454349459
P17115	52.2782098
P17117	756.6242232
P17169	649.5363351
P17315	133.3717232
P17443	102.3792306
P17445	259.069244
P17846	1780.50389
P17854	1508.308892
P17888	2.345591787
P17952	352.6813281
P17993	815.6362908
P18133	165.8277242
P18196	168.268995
P18335	3389.441649
P18390	553.2796715
P18393	121.3127742
P18843	3342.521105
P18956	267.11219
P19624	88.64739681
P19636	27.74541015
P19926	676.1668117
P20083	18.76481238
P20099	9.438247958
P20605	187.4087754
P21151	181.9744518
P21156	2343.248486
P21165	1041.470468
P21169	34.32442797
P21170	612.8018352
P21177	4.700958611
P21179	315.159243
P21338	393.4415421
P21361	0.163678632
P21362	397.2998036
P21363	376.1738568
P21367	1450.128523
P21369	116.0422322
P21420	9.362974857
P21499	6.091557828
P21507	200.0631304
P21513	869.5194972
P21515	18.73985104
P21599	1564.726286
P21645	823.7444776
P21693	2.875115881
P21829	227.5620887
P21866	74.84671011
P21888	650.4667224
P21889	1409.997422
P21893	24.25439962
P22106	305.2383229
P22186	77.84356679
P22188	292.6087947
P22255	851.1827045
P22256	204.8082465
P22259	1586.164447
P22333	513.6004101
P22523	20.35418855
P22524	223.8972525
P22525	57.88865616
P22564	54.05011422
P22634	143.1786146
P22731	748.4175157
P22939	353.8881026
P23003	111.8698815
P23305	2.43892086
P23331	557.1466611
P23367	59.1634669
P23485	9.274938621
P23522	52.24705154
P23538	634.5573871
P23721	7742.820327
P23827	467.0975712
P23830	43.29127581
P23836	1425.721932
P23839	641.1437524
P23840	0.131060902
P23843	7567.634948
P23845	79.70991864
P23847	6062.516767
P23857	574.1596895
P23862	8.377990798
P23865	705.5443132
P23869	5781.639905
P23871	91.10754034
P23882	685.5096928
P23883	6.561148552
P23893	1464.262024
P23894	34.45838248
P23908	1613.223771
P23909	31.81947005
P23917	256.4620103
P24171	180.0042333
P24173	63.14863228
P24178	673.2883991
P24182	1585.456823
P24186	1410.544193
P24188	77.31835014
P24197	88.79717881
P24202	69.91990299
P24203	101.9549798
P24205	7.937509419
P24215	204.4766455
P24224	41.35127164
P24228	86.08826188
P24230	1.985448363
P24232	131.3706162
P24242	27.76414452
P24251	962.7521049
P24252	89.99340858
P24255	161.9754489
P24554	72.09288208
P25397	176.2594868
P25437	1148.243468
P25516	231.9864398
P25519	93.72582062
P25522	204.037479
P25524	180.769219
P25526	343.4934727
P25534	61.99118359
P25535	30.89560025
P25536	123.2567844
P25539	115.9428301
P25553	2253.781134
P25665	13172.99174
P25718	2.835023306
P25738	3840.091816
P25740	21.43541401
P25745	782.6370383
P25746	71.24330461
P25748	10.55415991
P25894	328.7102002
P25906	412.9534105
P26281	183.2866726
P26365	97.25251472
P26602	79.67021185
P26612	37.36539741
P26616	960.7746427
P26646	374.1075028
P26648	108.8044852
P26649	36.71550064
P27238	27.24117002
P27247	10.01962903
P27248	545.2103036
P27249	0.8423916
P27250	170.307161
P27278	86.75289662
P27298	231.743861
P27302	2925.022328
P27305	44.79412589
P27306	647.412679
P27431	684.0313376
P27434	5.655188181
P27550	101.3702172
P27828	157.6476425
P27829	81.7858026
P27830	82.28810334
P27832	1.917222404
P27833	24.70735445
P27836	25.1701334
P27838	481.1923352
P27848	277.2064347
P27859	2.754539846
P27862	75.8504964
P28248	392.6007108
P28304	823.0406452
P28305	28.75330648
P28631	4.525939004
P28632	231.2280361
P28634	189.584195
P28635	2709.182633
P28861	369.7947785
P28903	26.92500105
P28904	27.70486346
P28905	104.3997749
P29012	28.10144461
P29013	4.112797655
P29018	0.560843981
P29131	9.787921095
P29208	31.90135951
P29217	270.9619096
P29680	109.3911793
P29745	437.5245974
P30011	315.6159197
P30014	227.0466431
P30125	4709.335191
P30126	4391.543847
P30128	74.29355973
P30147	0.58106161
P30177	1002.616851
P30178	1164.601721
P30744	149.4652346
P30748	683.2560247
P30749	633.5486667
P30750	340.8167391
P30843	105.4122032
P30850	933.0154541
P30859	2688.247892
P30860	4520.227566
P30863	131.8720779
P30864	21.79064045
P30871	30.14806548
P30958	232.8384434
P31057	77.97370822
P31060	18.57882183
P31063	137.2583835
P31069	35.38510488
P31120	1066.049726
P31130	707.6713422
P31131	19.14337211
P31133	1494.251218
P31134	58.03657832
P31142	629.9780059
P31441	48.02724494
P31455	62.395676
P31459	8.703642599
P31460	76.27801334
P31467	24.01992985
P31473	10.97607963
P31475	102.2162984
P31545	0.767515904
P31550	98.10054644
P31551	0.994620792
P31554	113.0556718
P31600	0.302795636
P31658	1604.874515
P31660	1.579579645
P31663	1065.53055
P31677	357.5150876
P31678	108.4543816
P31697	57.20737415
P31802	153.7644702
P31806	102.2855531
P31808	98.02074751
P31825	21.89763165
P31827	1.983671707
P31828	15.90543059
P31979	209.9727352
P31992	219.2413305
P32099	61.56725494
P32125	25.43372522
P32131	7.304870574
P32132	2283.926794
P32134	26.93989585
P32141	5.987358254
P32144	32.6017105
P32157	120.2560309
P32160	51.31551208
P32162	759.571217
P32173	270.9380288
P32176	9.206991156
P32177	3.674488883
P32662	716.4535747
P32664	140.8548307
P32677	11.82373756
P32680	180.4330315
P32684	12.15847391
P32685	16.97851839
P32695	354.7444666
P32705	0.03542929
P33012	314.3140147
P33014	10357.95429
P33015	1.677465041
P33018	380.6452033
P33025	21.2234312
P33029	0.733865249
P33030	44.3964548
P33136	1669.482453
P33195	52.19172913
P33218	179.8467565
P33219	2852.941185
P33221	374.177281
P33232	275.1370353
P33355	24.76731947
P33360	73.96870189
P33362	528.9070665
P33363	231.3646461
P33368	148.3557344
P33371	17.09636094
P33570	1198.241836
P33599	23.78010621
P33602	374.9662868
P33643	493.1513469
P33644	68.00292222
P33667	3.266811737
P33913	12.67433512
P33920	94.40779579
P33937	0.387288239
P33940	172.1163725
P34209	422.3044308
P35340	1277.19826
P36548	27.10306087
P36553	71.8136372
P36562	127.1233125
P36566	11.06257754
P36649	1135.796528
P36659	170.9606687
P36667	0.192656999
P36672	2.233151423
P36673	25.87889908
P36680	38.5452171
P36683	4260.572296
P36767	516.5263574
P36771	27.80455184
P36879	262.9395094
P36928	49.34671742
P36929	4.3465482
P36930	9.756422396
P36938	1035.123657
P36979	122.0297224
P36995	0.808277661
P36999	54.08533032
P37005	75.76418583
P37028	15.04469173
P37051	1312.76847
P37052	178.7507902
P37095	398.0844634
P37127	0
P37128	209.1281157
P37146	32.30829801
P37177	4.81476598
P37182	9.883573941
P37188	5856.224943
P37194	377.2098587
P37313	203.7026498
P37325	8.748258652
P37329	1342.462279
P37330	467.5832135
P37338	1.107828652
P37339	3.669665007
P37344	16.88507456
P37348	5.211778531
P37349	394.7242865
P37351	20.34176411
P37387	120.6739178
P37440	201.4035455
P37590	267.7578918
P37595	195.226764
P37610	0.010342611
P37613	167.53673
P37626	12.6430027
P37631	30.57212383
P37634	749.5423856
P37636	2.337694443
P37642	0
P37645	10.24635626
P37647	327.4435214
P37648	341.0853142
P37659	0
P37661	16.06235282
P37665	6.276360413
P37666	2783.058828
P37671	134.7350439
P37676	1.277174921
P37678	147.9026667
P37685	46.10245397
P37689	2365.758141
P37690	18.42274936
P37691	70.72825697
P37692	127.4044609
P37744	948.8742283
P37745	560.6603056
P37747	1228.290533
P37749	21.08957772
P37757	168.7035688
P37759	1021.36787
P37760	630.2384854
P37765	25.00533837
P37767	8.100546308
P37769	15.19601924
P37773	290.4607123
P37774	286.1163696
P37794	14.89846786
P37902	3112.555655
P37903	920.6072069
P38038	2565.289946
P38051	0.085107225
P38104	0.198286079
P38105	5.82351655
P38489	2522.809484
P38506	15.21778121
P38521	1835.842854
P38684	0.17394812
P39099	537.1222118
P39160	64.49153931
P39161	71.85701689
P39172	478.4158373
P39173	1932.630283
P39176	129.1534068
P39177	1265.095354
P39180	207.3400155
P39187	62.74734517
P39199	427.8386175
P39208	13.18314757
P39265	43.58266003
P39280	29.84519375
P39286	277.311619
P39310	85.57959625
P39315	234.3319331
P39325	364.013217
P39332	3.089683314
P39334	282.1615615
P39337	35.96454167
P39342	29.43498556
P39346	240.8716246
P39353	11.35381556
P39356	60.96667625
P39359	2.725966758
P39363	16.46282969
P39364	10.70448839
P39366	1.795835764
P39371	8.24566783
P39380	1.35403455
P39401	0.325899192
P39405	19.79656532
P39406	492.4466373
P39407	10.35303018
P39408	47.35124338
P39411	286.1806494
P39451	2.152996299
P39829	5.640091077
P39831	2541.485519
P39838	0.537952351
P40120	76.60918744
P40191	327.9741644
P40710	30.66556958
P40874	1049.821138
P41039	6.469289849
P41052	175.680243
P41407	1814.662642
P41409	20.35487394
P42588	34.76697986
P42593	3.355740476
P42596	30.5800172
P42597	0.150263186
P42599	121.6647729
P42616	539.650754
P42620	152.1056686
P42624	21.22552883
P42626	2.97492925
P42632	2.80929997
P42641	440.432335
P42904	27.82204308
P43329	3.364573458
P43337	21.95108267
P43340	8.615098549
P43671	3.151111123
P43672	67.02324155
P45395	264.9815685
P45424	117.0491404
P45425	49.68243438
P45464	258.0267841
P45469	73.36200314
P45470	378.0720024
P45523	3018.320568
P45524	8.026937378
P45530	149.903676
P45531	29.97475699
P45532	41.08102724
P45544	12.13682954
P45552	3.683762363
P45568	31.37884938
P45577	716.7089289
P45578	5537.926661
P45579	331.3605485
P45748	343.0089172
P45771	53.04856432
P45795	205.5310314
P45799	420.7008641
P45955	1332.289057
P46022	0.446697068
P46118	41.9866674
P46122	79.74391086
P46130	220.1911241
P46144	2.796458449
P46474	0.805256912
P46837	253.929302
P46852	192.3909942
P46853	393.0749184
P46854	21.36963489
P46859	84.3257885
P46887	12.73519469
P46888	70.01369479
P46889	1.03777712
P50465	6.598573738
P51020	55.35181819
P51024	228.6370413
P51025	56.04962151
P51981	67.1894757
P52006	0.624730039
P52007	235.2362442
P52037	26.23999303
P52060	63.295387
P52061	741.189534
P52062	0.755570187
P52073	12.78920495
P52076	48.40721341
P52096	174.2626109
P52097	8.012689464
P52106	0
P52108	224.6239145
P52119	95.94652638
P52598	0.875284466
P52643	585.0365645
P52647	7.996791495
P52697	3365.536342
P54746	0.267790785
P55135	16.05047763
P56262	1379.668245
P56614	4.003838018
P58035	20.72325215
P58094	52.7792585
P60240	69.84072241
P60293	14.94528376
P60340	122.2094073
P60390	434.8737663
P60422	213.0838646
P60438	6819.312952
P60472	17.34378601
P60546	447.1845996
P60560	1348.804726
P60595	1002.491343
P60624	2507.300558
P60651	207.6254257
P60664	1016.908934
P60716	475.4359244
P60720	95.4336366
P60723	9842.190581
P60752	0.675442975
P60757	1837.704169
P60785	274.6936239
P60906	966.0826385
P61175	4663.513538
P61316	1072.41383
P61320	564.0749663
P61517	3467.964927
P61714	6107.50507
P61887	80.27080025
P61889	18203.00173
P61949	1765.594379
P62399	14549.52739
P62601	7.998048059
P62615	106.023617
P62617	37.40055183
P62620	681.7375206
P62623	477.7703011
P62707	8420.044324
P62768	1705.681033
P63020	3600.887829
P63177	368.4759005
P63224	2504.948984
P63228	641.0273655
P63284	306.8573888
P63386	191.3292277
P63389	14.36890338
P63417	554.7768251
P63883	19.81355104
P64429	6.91061778
P64451	907.6975086
P64455	538.5689688
P64461	23.73020926
P64463	892.4940816
P64467	11.05721275
P64476	158.8529856
P64479	328.9363904
P64483	304.9455531
P64490	5.765714308
P64493	1.538445129
P64503	1690.38063
P64506	1519.407397
P64517	0.680280982
P64519	444.5861924
P64534	624.6660946
P64540	1095.970269
P64554	148.3544237
P64559	161.0182863
P64574	4.484688498
P64581	2015.03361
P64588	173.7642593
P64594	0.348609629
P64596	92.27553918
P64599	2.062979459
P64602	333.3115469
P64610	31.09877171
P64612	2.179825693
P64614	39.67530359
P64616	147.0732025
P64624	418.5735968
P64636	18.22198199
P64638	9.373317411
P65292	14.35247595
P65367	605.1307958
P65556	284.4117693
P65807	1.60872158
P66817	182.1628451
P66948	213.109212
P67080	130.4052329
P67087	340.1259422
P67095	566.5297471
P67338	53.96973471
P67430	0.241195194
P67603	1035.401726
P67624	61.46981434
P67660	80.89629635
P67699	4.167082132
P67826	80.84543163
P67910	1966.018595
P68066	2165.215018
P68187	86.81767039
P68191	2063.402652
P68206	671.9166456
P68398	45.44589158
P68567	337.3960542
P68679	1478.112598
P68688	570.5699656
P68739	169.6309828
P68767	9.377516874
P68919	9999.577833
P69222	7258.264763
P69228	126.7004638
P69346	13.06743438
P69407	1428.847201
P69411	242.2311515
P69425	70.37103549
P69428	94.72907133
P69441	4420.245652
P69451	0.25168474
P69488	299.3349265
P69503	2413.6257
P69506	9.206853684
P69776	618.1615859
P69783	11697.65023
P69786	117.2568612
P69791	5.104983927
P69795	217.8623796
P69797	1965.094974
P69805	4.471685903
P69811	292.4662421
P69822	24.56207689
P69828	3388.275039
P69829	737.7211009
P69853	14.07524597
P69874	320.9166031
P69908	90.43303308
P69910	123.9416973
P69913	954.8184756
P69924	266.2939386
P69931	6.661926364
P71298	0
P75682	29.55377153
P75691	2405.690474
P75694	5064.712973
P75713	80.29672745
P75728	93.20662934
P75736	593.1448207
P75745	65.7939899
P75746	72.98302438
P75767	33.48371975
P75779	44.1259779
P75780	19.55566961
P75782	168.3103423
P75785	0.072007419
P75791	121.2805154
P75792	120.549007
P75804	81.99182386
P75809	133.5578902
P75817	2.277202196
P75818	245.9562483
P75820	7.88225336
P75821	1.080007268
P75823	583.1790598
P75829	4.723816029
P75838	8.120933671
P75849	784.6099616
P75863	79.14817518
P75864	15.12299961
P75867	12.74977761
P75874	1374.479656
P75876	99.28254823
P75913	760.3479644
P75914	86.79595182
P75915	1032.883034
P75931	135.0375812
P75937	1.798307776
P75952	46.49199916
P75954	94.7729775
P75957	464.5800153
P75959	47.04416521
P75960	270.6090331
P75974	138.4099535
P75989	0.998113198
P75992	0
P76002	743.3118994
P76004	532.1620373
P76008	96.54154057
P76014	403.8826031
P76015	562.8895517
P76027	16.67325426
P76034	209.4807898
P76046	15.73180572
P76049	14.5812237
P76053	45.64958819
P76055	293.9048186
P76062	35.6259617
P76073	17.06464775
P76076	2.995197515
P76085	1.13280014
P76097	7.532412396
P76104	12.0390457
P76108	358.0583377
P76112	190.1372168
P76113	444.9513166
P76116	2687.602053
P76121	0.15261991
P76128	118.7784353
P76141	5.960555881
P76142	357.9867325
P76143	204.5581265
P76145	268.676138
P76149	136.352664
P76170	1277.563519
P76172	1053.545646
P76176	5.904378192
P76177	2178.49673
P76187	325.422218
P76190	0.001275977
P76193	717.0781505
P76194	157.1890299
P76206	0.017345876
P76217	2.030295149
P76223	72.14431725
P76227	198.3073503
P76231	115.6185304
P76234	38.70960028
P76243	334.814743
P76245	8.679543394
P76256	206.354067
P76268	276.9148447
P76270	1073.279656
P76272	5.406079155
P76273	7.985471014
P76290	183.9805199
P76291	54.41281169
P76316	766.835658
P76318	9.126594123
P76329	124.9709248
P76340	0.489196034
P76341	1349.429478
P76342	20.41193208
P76346	313.8535994
P76372	3.588866067
P76373	1.154911069
P76397	3.306836687
P76402	1383.672739
P76403	92.41340492
P76407	52.50277036
P76422	21.05275915
P76423	0.526595827
P76471	4.924885217
P76491	140.9422122
P76501	22.73869557
P76502	380.0758294
P76503	31.95457221
P76507	29.72956288
P76535	50.39290217
P76536	442.1947817
P76539	13.75549111
P76541	104.0285432
P76549	116.6000519
P76550	192.44832
P76558	460.5072667
P76561	190.4155334
P76569	1481.521228
P76575	209.0466042
P76576	429.9944404
P76578	35.870733
P76594	4.058504467
P76621	2.097249089
P76641	3.124459725
P76658	656.5912889
P77148	64.4716242
P77150	75.40749351
P77171	35.04471799
P77181	132.3540764
P77202	231.3728583
P77211	176.5962804
P77212	62.86869369
P77213	76.04849306
P77214	13853.3059
P77221	0.375432629
P77239	1710.81537
P77243	25.54868072
P77245	19.5022565
P77247	446.3305056
P77252	10.0291737
P77258	255.2695084
P77269	5.826064332
P77279	81.45079129
P77285	113.8941819
P77295	79.85236804
P77300	12.25581721
P77302	53.38945706
P77316	12.06343377
P77318	123.5133379
P77348	195.1236986
P77360	0.883186153
P77368	3.185431492
P77376	69.67690083
P77395	1543.646567
P77399	1.226670536
P77425	0.020966986
P77433	10.03317662
P77434	67.79663503
P77444	296.7045949
P77454	458.2386549
P77475	81.66581582
P77488	148.2523698
P77499	664.9728528
P77522	98.22111092
P77526	74.86523006
P77529	7.202427823
P77541	100.7774361
P77544	301.8632503
P77552	153.3193912
P77554	461.2652696
P77559	9.934591018
P77561	0.141670494
P77562	25.07541906
P77569	18.50894401
P77570	207.8437237
P77580	210.9796589
P77581	51.78048103
P77588	1.655738036
P77608	0.900688826
P77609	8.98309E-05
P77611	4.19018833
P77615	13.98896133
P77619	9.601734621
P77625	681.1101286
P77626	4.964563698
P77649	88.84371826
P77667	1048.882777
P77674	38.19039488
P77689	370.544594
P77690	29.65020221
P77695	2301.584786
P77712	109.354584
P77717	2221.97441
P77718	10.5811027
P77721	41.21215976
P77735	550.8321112
P77737	41.85561102
P77739	592.7198219
P77748	27.40860456
P77754	448.3986465
P77756	151.2834974
P77774	137.2383603
P77775	55.37216928
P77781	839.9977378
P77788	32.55171529
P77791	149.8898483
P77795	9.557361498
P77804	793.313281
P77806	108.5506186
P77808	11.5042558
P78055	57.1049711
P78067	118.3695529
P80668	40.98443806
Q06065	0.511863043
Q2A0K9	76.3703621
Q2M7R5	1331.597605
Q2M7X4	95.18116461
Q46798	0
Q46800	0.159289675
Q46801	0.043184363
Q46803	2.634195733
Q46810	0.344337573
Q46822	196.3964949
Q46829	16.49404379
Q46845	931.1019705
Q46851	49.05361461
Q46855	5.525633614
Q46856	1612.071611
Q46857	647.5072163
Q46861	0.104855169
Q46863	29.93894958
Q46864	100.9258661
Q46868	461.4237056
Q46871	127.0564729
Q46891	0.573408982
Q46893	82.3933746
Q46919	111.7230227
Q46920	154.4912059
Q46925	28.12241457
Q46927	139.5094814
Q46938	5.265675657
Q46939	11.36822658
Q46948	769.6042766
Q47083	78.98384825
Q47129	0.032654361
Q47146	2.431130678
Q47147	83.82821056
Q47150	187.3821174
Q47156	3.932979331
Q47537	0.267561651
Q47622	51.94071041
Q47679	101.0735263
Q47690	280.219225
Q47710	0
Q57261	197.5445214
Q59385	1473.377237
Q5H772	71.11210572
Q5H776	143.0426742
Q5H777	52.86299347
Q6BF16	6.016686224
Q6BF17	13.42189155
Q7DFV3	0
Q93K97	212.2045793
