A5A614	1.812728601
A5A621	0
B8LFD5	20.18245499
D0EX67	111.15181
D9IX93	1086.472071
P00350	10541.90951
P00363	104.5797056
P00370	7747.484829
P00393	21.81600568
P00448	6752.786592
P00452-2	22.50409447
P00490	16.63676644
P00509	3868.231251
P00547	1427.412587
P00561	186.8974422
P00562	51.04366987
P00579	478.2868634
P00582	374.6649601
P00803	30.70580549
P00805	9.72751144
P00811	53.14237707
P00861	592.8158073
P00864	523.8979035
P00887	362.2052142
P00888	1231.388576
P00892	126.2017762
P00893	554.2875667
P00894	1361.31226
P00895	91.71291999
P00903	105.5100274
P00904	971.3767735
P00909	342.6870062
P00926	141.7573109
P00934	6334.598924
P00935	208.8848126
P00944	1.704508834
P00946	935.7155249
P00954	2445.527532
P00956	197.9539032
P00957	1630.19246
P00959	379.5805703
P00960	468.9307104
P00961	1639.984314
P00962	1151.407717
P00963	1324.819726
P00968	1294.915664
P02358	18865.33025
P02359	3683.445215
P02413	1439.711084
P02918	11.346218
P02919-2	21.55643679
P02924	220.0201274
P02925	2892.570892
P02929	7.413998979
P02930	95.79781393
P02931	180.5263357
P02943	19.54205383
P03004	78.88725751
P03007	0.605095126
P03018	4.142294818
P03023	12.5240903
P03024	35.77685161
P03813	227.9973899
P03817	2034.890106
P03841	613.7418196
P04036	275.5025349
P04079	1770.958355
P04335	16.78110815
P04391	1149.686097
P04425	818.6915081
P04693	1291.814928
P04805	1676.052187
P04816	3786.558792
P04825	116.8945239
P04846	386.3425256
P04949	32.2152796
P04951	844.1677891
P04968	116.8800703
P04982	470.7968722
P04983	17.4847075
P04993	2.010195343
P05020	4054.588849
P05041	31.20260791
P05042	344.200078
P05050	6.853041829
P05055	4055.0346
P05194	781.1704659
P05458	51.02369605
P05459	520.392772
P05637	131.3964721
P05706	88.63798539
P05707	5.94207971
P05719	14.95613307
P05791	453.0874142
P05793	12037.70844
P05824	0.171254382
P05825	21.14501165
P05827	18.54678993
P05852	209.1309805
P06129	264.8934804
P06149	457.4250585
P06610	2218.912431
P06611	107.9937344
P06612	44.05000881
P06616	246.3150442
P06709	1.622236321
P06710	12.48972144
P06715	566.8532886
P06720	11.08776124
P06721	418.5607819
P06846	36.47338206
P06959	4046.987854
P06960	771.3527989
P06961	41.29790533
P06966	9.744812661
P06968	1970.150413
P06971	21.12653845
P06974	1.288572004
P06983	280.0514999
P06986	875.5680877
P06987	470.603773
P06988	1479.827966
P06989	1317.149117
P06992	254.8326351
P06996	404.8541017
P06999	1882.682239
P07001	53.36846838
P07003	117.9448556
P07004	1033.358555
P07012	1659.383256
P07013	44.40325499
P07014	1638.027271
P07023	84.96326574
P07024	605.1545614
P07026	0.669450722
P07102	64.10570849
P07109	285.7636523
P07118	39.00282468
P07395	1471.997919
P07604	28.40770683
P07623	748.3547212
P07639	467.0477952
P07649	60.01036248
P07650	461.398109
P07762	207.5394084
P07813	93.20956256
P07821	131.1190719
P07822	74.03568743
P07862	499.4339496
P07913	295.4639146
P08142	1394.824688
P08178	2984.163005
P08179	340.1678659
P08191	8.431585042
P08192	87.48059849
P08200	21051.13018
P08244	886.9611159
P08245	330.8344059
P08312	2898.804042
P08331	286.8847555
P08337	0.654988685
P08365	7.383074037
P08368	3.662014095
P08373	125.0345019
P08390	994.531281
P08394	31.1626472
P08395	0.899681155
P08506	1064.883298
P08622	630.7433976
P08660	174.2965907
P08839	4750.623154
P08956	1.994206264
P08957	158.8020686
P08997	300.8076461
P09029	360.0588875
P09030	648.5695557
P09053	12.44205471
P09099	39.38297196
P09126	1.158783326
P09127	10.95602657
P09147	939.3934504
P09148	111.0191512
P09151	2149.493226
P09155	7.015341571
P09158	935.2297841
P09169	329.5292874
P09184	8.976558123
P09372	5342.742856
P09373	1897.821424
P09394	221.8020832
P09424	1183.858962
P09546	6.122939555
P09549	181.1887846
P09551	3559.207264
P09831	273.2335921
P09832	4655.37523
P09833	5.852245357
P09980	5.966933951
P09996	324.8950144
P0A698	48.29216273
P0A6A3	2924.951365
P0A6A6	2559.699956
P0A6A8	29269.42059
P0A6B4	61.38656332
P0A6B7	6917.079473
P0A6C1	87.4704676
P0A6C5	222.2620915
P0A6C8	4221.473108
P0A6D0	610.2907248
P0A6D3	1335.67189
P0A6D7	1758.392849
P0A6E1	886.7399151
P0A6E4	7456.147887
P0A6E6	6659.682904
P0A6E9	21.18071888
P0A6F1	8064.679619
P0A6F3	664.2874312
P0A6F5	14133.4133
P0A6F9	12643.16569
P0A6G3	182.4503754
P0A6G7	2429.11175
P0A6H1	2266.852373
P0A6H5	1319.266688
P0A6I0	1193.218691
P0A6I3	51.63387374
P0A6I6	394.986877
P0A6I9	82.97505054
P0A6J1	631.2407985
P0A6J5	210.9587435
P0A6J8	413.670491
P0A6K1	314.735621
P0A6K3	1238.128343
P0A6K6	2341.241825
P0A6L0	1195.53939
P0A6L2	3379.855987
P0A6L4	102.0307332
P0A6L9	825.1497246
P0A6M4	119.1453377
P0A6M8	14402.24627
P0A6N4	5149.68276
P0A6N8	1993.824441
P0A6P1	12120.6777
P0A6P5	201.8636773
P0A6P7	984.935393
P0A6P9	18789.85631
P0A6Q3	5488.560282
P0A6Q6	1067.808358
P0A6R0	1804.938519
P0A6R3	4602.507724
P0A6S7	1298.735433
P0A6T1	192.0933042
P0A6T3	278.4878565
P0A6T5	4799.063475
P0A6T9	758.4914658
P0A6U3	115.4268696
P0A6U5	248.5806579
P0A6U8	4.776793615
P0A6V1	56.8540358
P0A6V5	283.0269122
P0A6V8	124.1501477
P0A6W0	0.021702633
P0A6W5	2553.526256
P0A6W9	31.2052317
P0A6X1	43.85478879
P0A6X3	48.91495984
P0A6X7	4702.359307
P0A6Y1	4912.367232
P0A6Y5	774.2114918
P0A6Y8	9316.586318
P0A6Z1	765.5220258
P0A6Z3	1946.055926
P0A6Z6	592.7499979
P0A705	212.4058053
P0A707	2818.775874
P0A715	3186.858598
P0A717	5597.304494
P0A720	96.43795069
P0A722	297.3846409
P0A725	199.0362965
P0A729	1923.762058
P0A731	1221.747888
P0A734	1505.185512
P0A738	415.2520559
P0A744	1304.931697
P0A746	3485.167384
P0A749	542.8275276
P0A752	0.792304737
P0A754	7.596807865
P0A756	165.9053403
P0A759	2013.276039
P0A761	45.20123129
P0A763	10548.80871
P0A776	102.7469268
P0A780	1258.254465
P0A784	491.3615886
P0A786	15329.8454
P0A790	2637.748558
P0A794	912.9298238
P0A796	2688.810155
P0A799	18858.03353
P0A7A2	211.9898001
P0A7A5	178.3314975
P0A7A7	2.967671663
P0A7A9	1898.956851
P0A7B1	0
P0A7B3	32.18499438
P0A7B5	395.753286
P0A7B8	170.9889851
P0A7C2	318.1701681
P0A7C6	95.85000607
P0A7D1	586.9590517
P0A7D4	6360.216297
P0A7D7	8244.665872
P0A7E1	1220.593526
P0A7E3	95.33241188
P0A7E5	974.3133811
P0A7E9	2672.311685
P0A7F3	14986.6331
P0A7F6	1532.887355
P0A7F9	147.3666993
P0A7G2	2338.959385
P0A7G6	1098.265383
P0A7H0	0.988490745
P0A7H6	67.70023005
P0A7I0	105.0174358
P0A7I4	348.1255133
P0A7I7	377.6517781
P0A7J0	401.350629
P0A7J3	6318.869364
P0A7J7	7773.216761
P0A7K2	11067.21638
P0A7K6	2200.704536
P0A7L0	11197.23724
P0A7L3	250.4645856
P0A7L8	631.7930785
P0A7M2	638.0061085
P0A7M6	17624.33458
P0A7M9	11100.39467
P0A7N1	0.890065181
P0A7N4	1369.872391
P0A7N9	1534.632166
P0A7Q6	4.278235497
P0A7R1	12883.18702
P0A7R5	17744.94795
P0A7R9	317.412588
P0A7S3	194.7503788
P0A7S9	2463.021971
P0A7T3	21043.15359
P0A7T7	4366.563177
P0A7U3	1027.510214
P0A7U7	694.4604949
P0A7V0	13809.54791
P0A7V3	682.0496944
P0A7V8	633.7481755
P0A7W1	16647.49228
P0A7W7	8742.462657
P0A7X3	329.8354474
P0A7X6	1302.391831
P0A7Y0	616.8026383
P0A7Y4	81.32312431
P0A7Z0	4166.433769
P0A7Z4	9646.030509
P0A800	4484.952742
P0A805	4807.176336
P0A809	167.2581513
P0A812	107.9241904
P0A817	10753.62021
P0A821	73.2491318
P0A823	16.07745205
P0A825	19444.04773
P0A832	17.63059368
P0A836	3861.375535
P0A840	224.3388094
P0A847	535.0197434
P0A850	9657.202248
P0A853	237.2953575
P0A855	3295.468708
P0A858	11322.93514
P0A862	29212.33696
P0A867	1968.307284
P0A870	7853.470821
P0A873	91.86326021
P0A877	4172.285684
P0A879	3186.570931
P0A881	522.6539886
P0A884	163.832457
P0A887	1280.420806
P0A890	193.3273801
P0A894	376.2593827
P0A898	380.934315
P0A8A0	1281.143669
P0A8A2	1271.338052
P0A8A4	324.2320068
P0A8A8	1030.204877
P0A8B2	48.77392608
P0A8B5	3923.946864
P0A8C1	111.7774925
P0A8C4	2055.306279
P0A8D0	353.7462008
P0A8D3	247.1038033
P0A8D6	309.2128859
P0A8E1	1491.078
P0A8E5	130.3130778
P0A8E7	5251.877642
P0A8F0	11726.88742
P0A8F4	548.1809769
P0A8F8	10.69766075
P0A8G3	29.33296431
P0A8G6	11163.7957
P0A8G9	1710.143012
P0A8H6	920.2511021
P0A8H8	548.623215
P0A8I1	1.877200678
P0A8I3	637.3004259
P0A8I5	578.8195209
P0A8I8	465.4675571
P0A8J2	149.5094225
P0A8J4	3400.397507
P0A8J8	310.0840553
P0A8K1	459.1135208
P0A8K5	1667.355852
P0A8L1	2146.286199
P0A8L7	24.60383078
P0A8M0	2470.416523
P0A8M3	249.9388769
P0A8M6	11518.56486
P0A8N0	204.3125531
P0A8N3	1799.435122
P0A8N5	296.9213534
P0A8N7	42.87405969
P0A8P3	3777.916482
P0A8P6	37.20101842
P0A8R0	2072.931535
P0A8R4	550.7441977
P0A8R9	90.55828193
P0A8S1	402.7106124
P0A8T1	110.2468039
P0A8T7	474.3706569
P0A8U0	140.769475
P0A8U6	2584.486246
P0A8V0	155.0398146
P0A8V2	2339.675497
P0A8V6	210.6451468
P0A8W0	67.42814638
P0A8W2	710.8252528
P0A8W5	576.9408257
P0A8W8	2074.816219
P0A8X0	756.3535992
P0A8X2	912.1396462
P0A8Y1	59.88128576
P0A8Y3	345.8440746
P0A8Y5	477.6516667
P0A8Y8	27.21333824
P0A8Z0	84.10262289
P0A8Z3	164.4233722
P0A8Z7	114.2542467
P0A901	46.34063101
P0A903	96.13446179
P0A905	753.2613437
P0A908	201.209474
P0A910	2620.679671
P0A912	68.59696588
P0A915	3.954363497
P0A917	277.8992747
P0A927	315.6658546
P0A935	109.4908397
P0A940	1440.380747
P0A944	53.24126408
P0A948	181.8540514
P0A951	173.1434471
P0A953	12302.55038
P0A955	5426.968502
P0A959	126.0285112
P0A962	470.4167055
P0A964	0.889303625
P0A968	1306.694514
P0A972	9164.067498
P0A978	30.02181693
P0A988	595.9832973
P0A991	126.6739362
P0A993	546.6945647
P0A996	1.676977922
P0A998	125.185336
P0A9A2	3.264489887
P0A9A6	4148.92451
P0A9A9	3256.460771
P0A9B2	27759.37803
P0A9B6	149.6557159
P0A9C0	4.990306919
P0A9C3	1462.551899
P0A9C5	13460.43765
P0A9C9	196.5279591
P0A9D2	1470.086116
P0A9D4	245.9846236
P0A9D8	8295.345842
P0A9E5	558.4616031
P0A9F1	81.73785222
P0A9F3	433.7480695
P0A9F6	5.835424941
P0A9F9	91.37273606
P0A9G4	106.8755871
P0A9G6	12330.84253
P0A9G8	101.0304473
P0A9H1	355.0660097
P0A9H5	112.8159155
P0A9H7	202.6270484
P0A9H9	2.320323239
P0A9I3	245.1251312
P0A9I8	2.430545469
P0A9J0	32.54679387
P0A9J4	35.60721598
P0A9J6	283.2093553
P0A9J8	1066.32237
P0A9K3	1735.555366
P0A9K7	9.862686833
P0A9K9	12908.9563
P0A9L3	3786.065151
P0A9L5	2111.36022
P0A9L8	1931.52657
P0A9M0	693.2979385
P0A9M2	943.7414817
P0A9M5	3201.95221
P0A9M8	1213.46307
P0A9N4	198.026276
P0A9P0	6223.117309
P0A9P4	2219.240796
P0A9P6	415.5092191
P0A9P9	511.7000408
P0A9Q1	3439.864289
P0A9Q5	1448.452825
P0A9Q7	2585.170274
P0A9Q9	14251.92965
P0A9R4	3064.915295
P0A9R7	725.3408508
P0A9S1	49.61214588
P0A9S3	591.7378681
P0A9S5	90.11276438
P0A9S7	538.5185357
P0A9T0	3996.814546
P0A9T4	975.9530825
P0A9T6	215.4075659
P0A9T8	129.9755621
P0A9U3	301.6063631
P0A9U6	41.54485881
P0A9V1	712.039088
P0A9V5	14.35065806
P0A9V8	0.401371036
P0A9W0	44.86313277
P0A9W3	1204.164532
P0A9W6	881.4463754
P0A9W9	176.788057
P0A9X1	17.36798966
P0A9X4	3571.020988
P0A9X9	2344.614627
P0A9Y6	17706.48722
P0A9Z1	3350.183639
P0AA04	18526.61734
P0AA10	13293.72099
P0AA16	1711.150432
P0AA25	12710.20697
P0AA31	1762.950939
P0AA37	129.507886
P0AA39	22.81247019
P0AA41	8.732502425
P0AA43	1690.254431
P0AA57	1835.860689
P0AA91	55.53638176
P0AA95	93.74871991
P0AA97	30.85803859
P0AA99	160.4010266
P0AAA1	63.45032453
P0AAA9	19.89312135
P0AAB4	12.22949293
P0AAB6	4066.166836
P0AAB8	363.7758645
P0AAC0	1162.808806
P0AAC8	1197.588603
P0AAD6	0.209858242
P0AAF6	695.6834547
P0AAG0	167.1747164
P0AAG3	174.0194596
P0AAG8	38.55592719
P0AAH0	54.95760315
P0AAH4	5.168480439
P0AAH8	14.80480668
P0AAI3	7.23152513
P0AAI5	1713.542347
P0AAI9	5803.933899
P0AAJ5	1.23794387
P0AAJ8	24.09435549
P0AAN1	27.74158698
P0AAN3	16.98524319
P0AAN5	1057.97847
P0AAN9	2035.648916
P0AAP3	515.1780752
P0AAQ2	212.5489843
P0AAQ6	82.53946473
P0AAR3	899.6240337
P0AAR8	12.40755027
P0AAS7	1710.796826
P0AAS9	16.90691381
P0AAT2	58.95299357
P0AAT6	1012.439492
P0AAT9	437.0164145
P0AAU7	14.17647618
P0AAV4	288.6900489
P0AAV6	1190.20336
P0AAW1	50.60226168
P0AAX3	172.1733269
P0AAX6	6545.798091
P0AAX8	2826.327244
P0AAZ4	23.01856507
P0AAZ7	1285.550704
P0AB10	0
P0AB14	4287.828275
P0AB18	407.426587
P0AB20	2.133560101
P0AB24	1331.786809
P0AB26	43.82268303
P0AB28	1109.184171
P0AB35	20.60536788
P0AB38	109.8337786
P0AB40	265.6329658
P0AB43	585.6233605
P0AB46	2.750572054
P0AB52	1991.018116
P0AB55	1993.348785
P0AB58	8.380291384
P0AB61	884.8212604
P0AB65	424.4917047
P0AB67	91.07620044
P0AB71	15955.57832
P0AB77	183.2065931
P0AB80	2677.83704
P0AB83	80.35974157
P0AB87	0
P0AB89	827.7594807
P0AB91	6297.468806
P0AB96	114.4086752
P0ABA0	17.3035253
P0ABA4	3262.522965
P0ABA6	2930.381029
P0ABB0	9942.061902
P0ABB4	11475.17219
P0ABC3	64.37312236
P0ABC7	798.6419827
P0ABD3	439.8542313
P0ABD5	2330.357075
P0ABD8	2902.631768
P0ABE2	1722.110264
P0ABF1	24.04677144
P0ABF4	0.711082255
P0ABF6	651.8132766
P0ABH0	784.2604158
P0ABH7	3124.696584
P0ABH9	586.9263191
P0ABJ1	36.8317984
P0ABJ9	7.782713575
P0ABK5	28481.30969
P0ABP8	81.88447906
P0ABQ0	31.51114163
P0ABQ2	211.790183
P0ABQ4	429.856142
P0ABR1	132.027288
P0ABS1	4500.966824
P0ABS5	6.290470265
P0ABT2	1331.500437
P0ABT5	25.2065454
P0ABU0	591.4567265
P0ABU2	2028.163456
P0ABU5	1767.601103
P0ABV2	17.23845356
P0ABY4	98.5971075
P0ABZ1	4.017365204
P0ABZ4	464.9195046
P0ABZ6	2457.83983
P0AC00	17.45611573
P0AC02	534.9303209
P0AC13	178.1283297
P0AC19	1420.541114
P0AC28	8.890823778
P0AC33	1191.076681
P0AC38	653.4378305
P0AC41	1823.137805
P0AC47	169.9366192
P0AC51	268.253693
P0AC53	770.0914921
P0AC55	906.6228701
P0AC59	3028.246232
P0AC62	4306.625049
P0AC65	1.310914228
P0AC69	6988.356563
P0AC75	6.364182712
P0AC81	529.9369868
P0AC84	149.5486224
P0AC92	60.3057879
P0ACA1	332.1559445
P0ACA3	2952.041998
P0ACA7	1786.635383
P0ACB0	164.4753367
P0ACB2	787.4865075
P0ACB4	126.2995339
P0ACC1	2.579710486
P0ACC3	1756.884181
P0ACC7	642.4318256
P0ACD4	9800.158974
P0ACE0	2.614748187
P0ACE3	702.7098137
P0ACE7	3013.626807
P0ACF0	29857.13946
P0ACF4	9149.077246
P0ACF8	17050.63153
P0ACG1	3600.702361
P0ACG8	61.8558672
P0ACI0	113.5414407
P0ACI3	5.979679207
P0ACI6	42.24084475
P0ACJ0	6421.301495
P0ACJ8	3315.269528
P0ACK2	33.39498008
P0ACK5	144.2141234
P0ACK8	20.64358612
P0ACL0	114.3949166
P0ACL2	64.66543742
P0ACL5	14.5682513
P0ACL7	4.753395037
P0ACL9	478.9405581
P0ACM2	109.1819427
P0ACM5	73.37465729
P0ACM9	0.028325495
P0ACN2	31.02004819
P0ACN4	461.553246
P0ACN7	63.04033146
P0ACP1	75.80862101
P0ACP5	214.0187742
P0ACP7	775.9156429
P0ACQ4	228.1070432
P0ACR4	66.09790168
P0ACR9	898.7033039
P0ACS2	29.04011067
P0ACS5	20.99306719
P0ACS7	8.47815656
P0ACT6	52.66106127
P0ACU7	870.417397
P0ACV0	0.160013112
P0ACV6	152.4390485
P0ACV8	770.9776763
P0ACW6	110.377377
P0ACX3	1345.548267
P0ACX5	93.49415964
P0ACY1	1951.474102
P0ACY3	257.0675164
P0ACY9	222.4020692
P0ACZ4	96.59052256
P0ACZ8	522.9808002
P0AD05	471.053257
P0AD07	673.6880387
P0AD10	369.2697075
P0AD12	723.1182993
P0AD21	170.5615365
P0AD24	1105.652054
P0AD27	3.850967128
P0AD33	881.8088156
P0AD37	3.337561061
P0AD40	66.57463547
P0AD49	1247.557997
P0AD53	66.17881103
P0AD57	189.3565047
P0AD59	3376.403073
P0AD61	5719.279252
P0AD65	0.331110146
P0AD68	9.344765552
P0AD70	39.07351495
P0AD96	25844.80265
P0ADA1	374.8782445
P0ADA3	138.2759412
P0ADA5	693.7923043
P0ADB1	1130.132805
P0ADB7	34.90159337
P0ADC1	76.78397608
P0ADC8	3.268799812
P0ADE4	2.736602948
P0ADE6	4285.212625
P0ADE8	2366.856178
P0ADF6	63.26983646
P0ADF8	2087.845423
P0ADG4	1633.918276
P0ADG7	2077.456562
P0ADI4	207.4741646
P0ADI7	730.2004378
P0ADK0	351.5991833
P0ADK6	19.31857497
P0ADK8	899.5702682
P0ADM4	5.371205115
P0ADN2	5857.412937
P0ADN6	129.8473091
P0ADP0	272.1691714
P0ADP2	195.8076535
P0ADP9	2298.901613
P0ADQ2	156.8038355
P0ADQ7	1117.310933
P0ADR6	82.98493674
P0ADR8	2.700683795
P0ADS2	681.9115893
P0ADS6	200.4398763
P0ADS9	343.9179272
P0ADT2	0.190173165
P0ADT5	284.2964174
P0ADT8	70.35029668
P0ADU2	1133.89782
P0ADU5	2705.165347
P0ADU7	23.70880093
P0ADV1	1481.313559
P0ADV5	95.16270214
P0ADV7	60.32544572
P0ADW3	8.471271801
P0ADW8	652.9976693
P0ADX1	559.0172534
P0ADX5	200.5076694
P0ADX7	923.9121741
P0ADX9	69.94987096
P0ADY1	23.63749815
P0ADY3	2919.263381
P0ADY7	853.8984285
P0ADZ0	1275.700732
P0ADZ4	9379.196326
P0ADZ7	40.11836013
P0AE01	539.3290071
P0AE06	126.7881542
P0AE08	26121.11289
P0AE12	380.3866044
P0AE18	1966.817603
P0AE22	138.1452898
P0AE28	175.1386606
P0AE39	28.26160922
P0AE48	1332.371339
P0AE52	4858.476332
P0AE60	60.88879858
P0AE63	767.288801
P0AE67	59.95919556
P0AE70	90.96852723
P0AE72	34.79160032
P0AE76	0.757189083
P0AE78	195.5668442
P0AE85	38.66952497
P0AE88	1266.867867
P0AE91	537.2416961
P0AEA2	0.101741934
P0AEA8	21.0264652
P0AEB2	1459.3058
P0AEB7	4114.721261
P0AEC3	86.60242638
P0AED0	20454.43341
P0AED5	86.31610294
P0AED7	289.4740876
P0AED9	51.8949247
P0AEE1	373.7269299
P0AEE5	1499.375727
P0AEE8	12.7359952
P0AEF0	55.02080641
P0AEF4	15.65427802
P0AEF8	3.952975097
P0AEG4	2206.23526
P0AEG6	1125.075022
P0AEH3	222.5631
P0AEH5	3585.140996
P0AEI1	334.6246877
P0AEI4	180.5344839
P0AEI6	293.6012992
P0AEJ2	191.2364204
P0AEK0	15.25618572
P0AEK2	4017.402252
P0AEK4	7294.699951
P0AEL3	0.56435319
P0AEL6	160.4052434
P0AEM0	870.6088879
P0AEM4	127.5478558
P0AEM6	3.075983503
P0AEM9	3819.850281
P0AEN1	408.8774898
P0AEN8	55.6366512
P0AEP3	3300.28859
P0AEQ1	0.615972695
P0AEQ3	4293.849759
P0AES0	85.24549131
P0AES2	20.74807813
P0AES4	92.20737637
P0AES6	714.4740691
P0AES9	46323.35286
P0AET2	7515.030975
P0AET8	830.040735
P0AEU0	5966.588899
P0AEU7	8492.024549
P0AEV1	3.361572686
P0AEW4	235.8426186
P0AEW6	78.36691682
P0AEW9	33.89062914
P0AEX5	164.6305223
P0AEX9	813.0840597
P0AEY3	23.90176125
P0AEY5	203.9296512
P0AEY8	1.146153719
P0AEZ1	3238.515759
P0AEZ3	2564.25649
P0AEZ9	541.6422964
P0AF03	358.8619019
P0AF08	1073.330502
P0AF12	2704.624111
P0AF18	95.07225905
P0AF20	13.52547631
P0AF24	890.5950447
P0AF28	725.3361163
P0AF36	7757.142891
P0AF48	176.2029282
P0AF50	830.5723135
P0AF56	47.11495264
P0AF59	48.73324239
P0AF63	66.58866109
P0AF67	909.9899137
P0AF70	287.4495502
P0AF82	4.05278991
P0AF90	7199.053749
P0AF93	15393.61175
P0AF96	22119.02488
P0AFB5	46.3455881
P0AFB8	66.63535821
P0AFC0	7.112415865
P0AFC7	984.2815285
P0AFD1	1324.43906
P0AFD6	318.2615779
P0AFF6	2588.02815
P0AFG0	4613.580175
P0AFG3	1045.667997
P0AFG6	459.8012654
P0AFG8	5097.44273
P0AFH0	27.40175143
P0AFH8	8259.849238
P0AFI2	11.22384901
P0AFI5	121.9298664
P0AFI7	926.1124362
P0AFJ1	515.5713458
P0AFJ5	190.1740044
P0AFK0	1101.04858
P0AFK9	1459.980523
P0AFL3	2584.967304
P0AFL6	9.816153603
P0AFM2	485.1560658
P0AFM4	317.5673393
P0AFM6	645.5184616
P0AFP4	50.27813169
P0AFP6	267.224776
P0AFQ7	200.4378855
P0AFR0	15.3554373
P0AFR4	1375.22154
P0AFS3	108.6807673
P0AFT5	76.79967544
P0AFU4	14.47922254
P0AFU8	782.6426002
P0AFV4	22.19480237
P0AFW0	209.0527093
P0AFW2	268.3338654
P0AFW4	397.544294
P0AFW8	557.4544089
P0AFX0	4624.680291
P0AFX4	382.5555562
P0AFX7	206.3843643
P0AFX9	190.3792528
P0AFY8	1084.033931
P0AFZ1	502.0838033
P0AFZ3	507.2849777
P0AG07	322.3305724
P0AG16	219.4940335
P0AG18	3612.154646
P0AG20	1.408478294
P0AG27	7.914644452
P0AG30	2905.741448
P0AG40	46.76713929
P0AG44	1364.857497
P0AG48	8543.695768
P0AG51	7201.300256
P0AG55	20317.63881
P0AG59	222.8361804
P0AG63	9499.542236
P0AG67	15855.81632
P0AG76	41.44965354
P0AG78	342.6431661
P0AG80	837.0898703
P0AG82	278.3018507
P0AG84	300.6340817
P0AG86	8212.34028
P0AG90	1.016699543
P0AG99	73.04379784
P0AGA6	30.30702679
P0AGB0	17.84625201
P0AGB6	294.5373531
P0AGC3	175.3810623
P0AGD1	917.0566863
P0AGD3	2621.397483
P0AGD7	203.2704576
P0AGE0	1338.408238
P0AGE6	1709.819305
P0AGE9	6201.95988
P0AGF2	290.5735883
P0AGG0	31.32658878
P0AGG2	525.8146863
P0AGG4	558.7193105
P0AGG8	765.8877766
P0AGI8	140.8989644
P0AGJ2	41.56132833
P0AGJ5	919.1471688
P0AGJ7	136.7696882
P0AGJ9	618.727701
P0AGK4	4017.432162
P0AGK8	2051.967608
P0AGL5	53.98775843
P0AGL7	235.3690914
P0C018	5230.412719
P0C037	2293.580157
P0C054	473.5429611
P0C058	1510.72834
P0C066	79.84921169
P0C079	374.8577614
P0C093	39.34810936
P0C0K3	34.33398219
P0C0L2	7830.892903
P0C0L9	2300.235452
P0C0R7	202.4511611
P0C0T5	41.05888457
P0C0U4	29.89842145
P0C0V0	2317.00423
P0C8J6	5068.774117
P0C8J8	1084.255462
P0C8K0	2.752393235
P0C960	167.9401767
P0CB39	2.534109357
P0CE47	55134.478
P0CE49	35.94365314
P0CE60	9.004704655
P0CF40	23.33486408
P0CG19	43.87944326
P10100	295.1961225
P10121	1235.358128
P10346	348.4511623
P10371	740.7887961
P10378	11.68624574
P10384	41.37310748
P10408	259.9374777
P10423	4.979380932
P10441	29.81699737
P10442	57.34384755
P10443	0.401760097
P10902	1.997384111
P10907	52.38328372
P10908	47.09610778
P11349	0.152925518
P11446	3856.716453
P11447	1119.874494
P11458	183.1950468
P11557	1.309386457
P11875	641.1418802
P11880	120.8463223
P12008	986.5067414
P12281	459.1058897
P12282	14.98969768
P12295	172.8536054
P12758	1253.36089
P12994	1398.08998
P12995	73.55242721
P12996	142.6451773
P12998	106.0691907
P12999	18.29796934
P13000	901.1037958
P13001	111.1557869
P13009	180.71918
P13016	72.91309855
P13024	122.4482153
P13029	791.6680156
P13033	14.85782027
P13035	167.528338
P13036	2.262162008
P13039	1.262231232
P13445	69.6460475
P13458	5.060198693
P13482	443.8343895
P13656	3.408738352
P13669	24.88992652
P13857	49.60464002
P14081	176.7309982
P14175	130.2463139
P14294	0.838705489
P14407	5.335834644
P14900	866.1415881
P15028	9.802065831
P15031	10.05320705
P15034	295.1589955
P15038	4.72126018
P15042	104.4636593
P15047	39.24338273
P15078	0.058399675
P15082	9.0381548
P15254	205.5200497
P15288	3051.210605
P15373	305.349432
P15639	2871.763602
P15640	1542.269189
P15770	183.4407856
P15877	8.609305598
P16095	213.0797481
P16384	46.58471514
P16456	525.6164344
P16525	19.33428697
P16528	36.59195981
P16659	3191.610903
P16676	590.0943295
P16681	433.4268078
P16691	318.438177
P16692	13.05029326
P16700	3096.000447
P16703	2042.908751
P16926	8.523502615
P17109	1.289546658
P17115	61.39125824
P17117	703.0481395
P17169	574.6476865
P17315	60.59702539
P17443	87.9900797
P17445	243.0129834
P17846	1526.389407
P17854	1560.958866
P17888	1.247847504
P17952	405.5261066
P17993	987.7029259
P18133	110.2524216
P18196	204.1981338
P18335	3845.019624
P18390	598.1753555
P18393	35.4488418
P18843	3845.417204
P18956	258.7340726
P19624	77.60523462
P19636	25.4377137
P19926	821.5161086
P20083	17.44354089
P20099	7.500598388
P20605	199.0904289
P21151	217.6916345
P21156	2597.193289
P21165	757.4446963
P21169	35.1419398
P21170	543.3242315
P21177	6.560943498
P21179	363.8557819
P21338	467.3132406
P21361	4.390830135
P21362	425.7286245
P21363	458.7204542
P21367	3092.131917
P21369	125.5104173
P21420	2.49119529
P21499	34.90383053
P21507	195.492113
P21513	697.4783951
P21515	29.17195164
P21599	1649.130329
P21645	986.5037694
P21693	8.251322441
P21829	266.6755687
P21866	82.42545479
P21888	630.7568237
P21889	1586.817959
P21893	12.97235852
P22106	248.9389272
P22186	104.5602798
P22188	352.2980619
P22255	1255.389499
P22256	145.6043244
P22259	1678.772058
P22333	525.776167
P22523	11.75452483
P22524	263.6278022
P22525	77.50336777
P22564	23.14617071
P22634	265.4779308
P22731	637.6440765
P22939	394.1867192
P23003	98.02461361
P23305	1.719263306
P23331	516.7537925
P23367	54.98515379
P23485	13.59538788
P23522	17.17165371
P23538	947.5073655
P23721	8798.592619
P23827	303.9809741
P23830	7.430859277
P23836	1811.725366
P23839	704.3616118
P23840	0.000918993
P23843	10136.46718
P23845	65.60559818
P23847	8155.639753
P23857	952.2176204
P23862	5.439453995
P23865	830.1383409
P23869	7284.049159
P23871	113.314498
P23882	694.1268524
P23883	9.480982665
P23893	1334.254377
P23894	18.98425142
P23908	1472.097366
P23909	20.91859151
P23917	237.2881658
P24171	142.3619977
P24173	55.49413289
P24178	799.172652
P24182	1377.320748
P24186	1470.087846
P24188	29.70440577
P24197	232.4194024
P24202	63.61157597
P24203	63.41359441
P24205	7.420732187
P24215	149.0128089
P24224	51.09435119
P24228	92.96916717
P24230	1.241210992
P24232	131.7119353
P24242	22.64280051
P24251	1072.172235
P24252	129.7581901
P24255	176.4758133
P24554	67.31454113
P25397	193.9234331
P25437	1264.950807
P25516	164.5292741
P25519	55.08613047
P25522	239.3716936
P25524	144.2523484
P25526	283.642374
P25534	67.72054708
P25535	26.06982407
P25536	139.6679591
P25539	115.4345406
P25553	1760.851003
P25665	6806.336102
P25718	5.281586419
P25738	6199.930486
P25740	18.79933496
P25745	895.9385296
P25746	64.55783855
P25748	8.831600679
P25894	261.6463016
P25906	602.6586634
P26281	235.5165433
P26365	101.7387547
P26602	108.7264815
P26612	59.21500649
P26616	932.020578
P26646	382.3689399
P26648	108.1508505
P26649	16.61566172
P27238	42.39582022
P27247	7.520802307
P27248	722.0591848
P27249	5.516908666
P27250	181.4828733
P27278	86.7161695
P27298	209.3156976
P27302	3021.901578
P27305	40.75287849
P27306	555.1641785
P27431	736.0029474
P27434	7.685074798
P27550	74.13562789
P27828	143.8943783
P27829	78.93351826
P27830	87.13733179
P27832	4.094745348
P27833	24.52829405
P27836	30.92097165
P27838	604.9161689
P27848	401.6746933
P27859	1.798044885
P27862	78.95754378
P28248	382.7955325
P28304	1086.281442
P28305	28.66826843
P28631	1.481406361
P28632	161.0442597
P28634	149.6463713
P28635	1895.186315
P28861	555.6265097
P28903	24.76066907
P28904	19.2083623
P28905	129.6446537
P29012	61.9887067
P29013	2.923536423
P29018	2.520100808
P29131	1.943772659
P29208	30.03140909
P29217	412.8362589
P29680	164.7760079
P29745	664.4465187
P30011	389.4222825
P30014	220.0173676
P30125	4102.629408
P30126	5072.898508
P30128	78.68818537
P30147	3.868890849
P30177	1198.857678
P30178	1636.535178
P30744	147.4082606
P30748	956.0242311
P30749	898.8888233
P30750	196.472156
P30843	240.1728575
P30850	748.0685596
P30859	3502.517188
P30860	4802.340452
P30863	143.0647183
P30864	22.08540667
P30871	20.1617901
P30958	232.3525887
P31057	87.05152992
P31060	6.838980157
P31063	161.2492107
P31069	65.1133098
P31120	1144.301687
P31130	767.6272175
P31131	49.96850079
P31133	2154.610066
P31134	63.86776519
P31142	758.028113
P31441	12.14261836
P31455	70.89364524
P31459	7.042943451
P31460	65.76272949
P31467	23.9772974
P31473	0.370482996
P31475	74.67037841
P31545	11.97682136
P31550	37.96767407
P31551	18.70117495
P31554	116.7023436
P31600	0.509140556
P31658	2027.479159
P31660	2.325205594
P31663	1343.843315
P31677	426.7794228
P31678	116.1775443
P31697	31.73181341
P31802	176.8258671
P31806	131.4411569
P31808	113.0594105
P31825	30.51152424
P31827	0.588639134
P31828	22.54316184
P31979	150.5542143
P31992	184.7081853
P32099	71.00761184
P32125	31.06582316
P32131	5.636487397
P32132	2213.111519
P32134	93.13776434
P32141	2.372114829
P32144	40.6285798
P32157	111.1446079
P32160	51.7198867
P32162	664.5692431
P32173	98.55360483
P32176	13.48472539
P32177	50.80438807
P32662	890.865402
P32664	169.9240831
P32677	6.923414799
P32680	202.0412286
P32684	38.52627895
P32685	82.18520201
P32695	334.6916679
P32705	0.534155534
P33012	463.4328563
P33014	8920.269667
P33015	3.244355719
P33018	389.1798024
P33025	14.8443126
P33029	0.044008267
P33030	44.30991797
P33136	1912.189979
P33195	33.63691113
P33218	80.80481049
P33219	3363.381709
P33221	280.6514537
P33232	324.7155519
P33355	25.56249102
P33360	153.2298529
P33362	739.7077242
P33363	241.8246336
P33368	126.1567247
P33371	15.38188339
P33570	1306.566341
P33599	21.95210729
P33602	345.5445554
P33643	577.4345271
P33644	86.01978601
P33667	2.465823252
P33913	20.55803681
P33920	63.65753024
P33937	0.667011788
P33940	276.7474182
P34209	506.5938597
P35340	1405.160845
P36548	21.43477652
P36553	103.4967314
P36562	110.9239904
P36566	7.919616282
P36649	1886.66636
P36659	194.9039339
P36667	5.907889302
P36672	10.2833992
P36673	61.71343943
P36680	52.37897256
P36683	4225.519677
P36767	567.8611358
P36771	27.69259938
P36879	258.3241405
P36928	5.284586284
P36929	12.89623177
P36930	1.973953367
P36938	1158.8183
P36979	82.24215431
P36995	6.504977519
P36999	53.36177296
P37005	98.75053565
P37028	10.50846525
P37051	1456.013193
P37052	177.8960916
P37095	309.9838365
P37127	0.06078925
P37128	253.4119867
P37146	33.35175141
P37177	2.260642388
P37182	79.03731961
P37188	7113.074528
P37194	468.4048094
P37313	194.0804456
P37325	5.376016372
P37329	1335.823725
P37330	484.3337163
P37338	0.504588447
P37339	3.586936281
P37344	30.70301083
P37348	0.513030581
P37349	428.5430819
P37351	65.59090327
P37387	69.11313422
P37440	182.4798251
P37590	301.2614199
P37595	272.4697915
P37610	0.473603525
P37613	162.1647978
P37626	7.68940272
P37631	19.58359963
P37634	870.3682954
P37636	4.346064572
P37642	12.05943753
P37645	7.17463935
P37647	311.3133323
P37648	407.7400166
P37659	0
P37661	13.18116725
P37665	7.090496156
P37666	3251.493105
P37671	173.6044701
P37676	0.882365298
P37678	186.6856771
P37685	26.70126881
P37689	2510.675888
P37690	15.22640104
P37691	77.60489187
P37692	138.4164407
P37744	1123.707143
P37745	641.3776026
P37747	1343.252344
P37749	15.83117117
P37757	186.95574
P37759	1286.742295
P37760	693.5686552
P37765	25.92452481
P37767	32.54823083
P37769	22.27613743
P37773	215.4310806
P37774	371.1953426
P37794	32.25254944
P37902	4192.895447
P37903	810.2960461
P38038	2062.206292
P38051	0.113884092
P38104	7.09067246
P38105	3.753624322
P38489	3113.874666
P38506	16.42811809
P38521	2126.137892
P38684	1.799810106
P39099	636.0240883
P39160	43.32282789
P39161	78.79388707
P39172	326.9240415
P39173	1837.16362
P39176	138.5497079
P39177	1480.635503
P39180	100.2189343
P39187	41.43922093
P39199	438.885686
P39208	16.85011528
P39265	61.16260257
P39280	18.85998384
P39286	305.6694299
P39310	84.65516228
P39315	277.4786166
P39325	343.9582158
P39332	2.482071749
P39334	242.8472197
P39337	74.98812523
P39342	29.03022547
P39346	203.290301
P39353	14.4861654
P39356	66.16197239
P39359	0.591550904
P39363	8.252485379
P39364	4.963834162
P39366	6.529297627
P39371	16.54709072
P39380	0
P39401	0.143960753
P39405	10.73923044
P39406	537.0581833
P39407	11.68663763
P39408	134.3755234
P39411	450.3616368
P39451	18.32194508
P39829	5.026669254
P39831	3361.673486
P39838	0.429435532
P40120	59.84481626
P40191	520.8171593
P40710	34.29822684
P40874	1123.054512
P41039	8.189261585
P41052	199.0003425
P41407	1906.158125
P41409	25.49333448
P42588	34.56057988
P42593	2.345915539
P42596	31.46922481
P42597	0.158942895
P42599	54.93518795
P42616	366.7266221
P42620	171.5290118
P42624	13.27173776
P42626	3.578701537
P42632	1.923788836
P42641	513.0698532
P42904	17.81314734
P43329	5.282042645
P43337	41.5473742
P43340	2.33090225
P43671	1.351775548
P43672	57.9389515
P45395	278.5826247
P45424	139.0049719
P45425	61.64386509
P45464	204.6024153
P45469	99.85710705
P45470	501.2906407
P45523	3710.700634
P45524	2.730781477
P45530	199.4607152
P45531	61.69969498
P45532	59.29880606
P45544	186.7099225
P45552	11.74837325
P45568	58.95382169
P45577	915.7240422
P45578	8285.759296
P45579	248.2328357
P45748	359.647177
P45771	33.75203691
P45795	195.5127743
P45799	422.329196
P45955	1660.821808
P46022	0.237909652
P46118	38.24839981
P46122	59.19323453
P46130	139.6756061
P46144	4.849253624
P46474	1.538851206
P46837	202.9295087
P46852	198.1724026
P46853	429.7672333
P46854	3.046481208
P46859	112.8905747
P46887	16.03302644
P46888	175.4544848
P46889	0
P50465	12.15714286
P51020	51.25577728
P51024	236.4132413
P51025	54.4105145
P51981	92.27330418
P52006	36.67098458
P52007	288.0634951
P52037	26.02635837
P52060	54.85650034
P52061	738.7884941
P52062	1.943398795
P52073	2.175626771
P52076	54.03234204
P52096	329.4361743
P52097	10.1660829
P52106	0
P52108	258.8076134
P52119	93.39194171
P52598	1.718290713
P52643	663.658956
P52647	9.416764383
P52697	4695.33211
P54746	0.343449431
P55135	12.03021535
P56262	1804.946537
P56614	7.424806544
P58035	28.22312559
P58094	110.9950774
P60240	42.55398132
P60293	15.11401805
P60340	128.7965696
P60390	581.1942702
P60422	190.4366945
P60438	7809.362799
P60472	22.44383034
P60546	500.4318609
P60560	1506.535084
P60595	1133.550733
P60624	2690.186946
P60651	190.6474855
P60664	1100.434379
P60716	647.7616393
P60720	139.6607163
P60723	11402.78212
P60752	0.989978692
P60757	1882.989208
P60785	158.0333796
P60906	843.7145654
P61175	5395.132089
P61316	1254.435964
P61320	590.7421322
P61517	3764.121284
P61714	8090.030187
P61887	40.64803554
P61889	20048.2192
P61949	2221.460487
P62399	16965.20499
P62601	7.060917388
P62615	99.30788219
P62617	26.3994143
P62620	755.8912866
P62623	485.197867
P62707	11595.15167
P62768	2345.325182
P63020	4228.184637
P63177	407.6980938
P63224	3118.519106
P63228	781.0084313
P63284	320.5976103
P63386	237.4473466
P63389	11.24095449
P63417	533.0374376
P63883	24.55622336
P64429	2.148383015
P64451	1065.025637
P64455	819.0206028
P64461	31.05951979
P64463	276.1180616
P64467	8.062550059
P64476	408.0695973
P64479	623.6958278
P64483	326.8093386
P64490	8.659198173
P64493	3.041255674
P64503	2347.237273
P64506	1758.469989
P64517	22.83375249
P64519	563.6171276
P64534	874.4506229
P64540	1262.824579
P64554	137.8516718
P64559	124.5755357
P64574	1.202088141
P64581	2294.515072
P64588	155.4657545
P64594	0.886792834
P64596	123.5195277
P64599	2.542864794
P64602	406.1305927
P64610	5.705591367
P64612	2.587629545
P64614	65.43901383
P64616	184.2726872
P64624	602.9540809
P64636	17.16075457
P64638	1.181741788
P65292	283.2762126
P65367	659.8781952
P65556	435.2389156
P65807	3.364704075
P66817	110.3991379
P66948	290.4135348
P67080	150.9496169
P67087	427.3561093
P67095	967.4842729
P67338	174.1267531
P67430	0
P67603	1399.3212
P67624	74.16758499
P67660	118.1737007
P67699	40.86701027
P67826	86.49410696
P67910	2264.817639
P68066	1921.089076
P68187	54.38161004
P68191	3867.333906
P68206	1063.071061
P68398	35.25811063
P68567	151.2327685
P68679	1325.434957
P68688	672.259882
P68739	180.5957827
P68767	1.620778044
P68919	10665.80263
P69222	9097.095932
P69228	144.4776217
P69346	47.37164551
P69407	1523.48471
P69411	331.7535768
P69425	22.17610625
P69428	119.1210125
P69441	5329.012896
P69451	0
P69488	463.2595737
P69503	2629.428238
P69506	0.065493451
P69776	505.3340051
P69783	14333.10426
P69786	45.21219442
P69791	4.722829517
P69795	268.2438266
P69797	1650.186074
P69805	11.38460533
P69811	246.1151987
P69822	13.15397523
P69828	4478.954215
P69829	937.9201038
P69853	17.18652553
P69874	262.6798619
P69908	99.28280463
P69910	96.34091627
P69913	1085.977731
P69924	247.8434729
P69931	2.271644703
P71298	0
P75682	23.47734228
P75691	3130.763743
P75694	7673.993441
P75713	92.27106376
P75728	102.0096736
P75736	799.6379066
P75745	114.0980897
P75746	90.78795799
P75767	31.14333749
P75779	55.31018215
P75780	20.82112511
P75782	165.2211488
P75785	0.618898889
P75791	126.9291356
P75792	152.9871027
P75804	82.00418696
P75809	196.9835055
P75817	2.93931294
P75818	315.502028
P75820	4.005252098
P75821	4.767119907
P75823	521.2422336
P75829	10.88964076
P75838	8.17951697
P75849	1192.088895
P75863	78.23439905
P75864	4.304541147
P75867	6.594611219
P75874	1487.948215
P75876	123.7628475
P75913	760.4531821
P75914	89.35984225
P75915	1022.794565
P75931	151.1561582
P75937	1.764306981
P75952	69.91059947
P75954	8.567813552
P75957	500.4060799
P75959	16.82349568
P75960	265.471739
P75974	133.5538192
P75989	1.673632465
P75992	0.089155144
P76002	674.5493351
P76004	551.2998892
P76008	56.11603192
P76014	341.2849941
P76015	623.8230116
P76027	8.568938552
P76034	195.1028295
P76046	11.85676743
P76049	24.48531075
P76053	40.64623533
P76055	248.5609009
P76062	26.04337967
P76073	40.76160036
P76076	0
P76085	48.99801722
P76097	5.554142664
P76104	6.635714133
P76108	428.2974099
P76112	275.0178019
P76113	552.5993389
P76116	2544.102095
P76121	7.232650374
P76128	124.9203648
P76141	4.659099234
P76142	338.1868191
P76143	256.5162557
P76145	276.2452907
P76149	150.7676234
P76170	1387.381924
P76172	803.1730288
P76176	7.318410898
P76177	2727.381927
P76187	248.6912172
P76190	0
P76193	686.8892231
P76194	167.485372
P76206	8.999174607
P76217	0.662194806
P76223	84.15612605
P76227	137.9088436
P76231	135.0785495
P76234	30.98612345
P76243	402.2032929
P76245	0.177881248
P76256	213.7322102
P76268	245.7948109
P76270	1272.541733
P76272	2.894022627
P76273	6.060447426
P76290	188.1435341
P76291	37.74716449
P76316	903.2406338
P76318	5.925353531
P76329	190.0936926
P76340	0.904843638
P76341	1083.999741
P76342	28.3370248
P76346	313.1495495
P76372	3.00324624
P76373	2.345549223
P76397	0.226753525
P76402	1987.095198
P76403	78.52452087
P76407	33.75165144
P76422	9.449808519
P76423	2.007753069
P76471	2.926714256
P76491	153.187736
P76501	24.97289613
P76502	410.2735972
P76503	31.1959789
P76507	28.21857908
P76535	45.58476205
P76536	410.3085387
P76539	19.07135064
P76541	116.4515083
P76549	67.03419003
P76550	177.0446726
P76558	279.6171255
P76561	404.7713881
P76569	1937.336244
P76575	226.5919666
P76576	295.2812515
P76578	44.88710187
P76594	0.604387467
P76621	0.248494741
P76641	3.415533359
P76658	751.6319687
P77148	85.55941888
P77150	119.0513698
P77171	50.73290603
P77181	190.2153685
P77202	218.9714016
P77211	179.0071273
P77212	78.17517643
P77213	70.0073395
P77214	20382.82631
P77221	0.88102796
P77239	1938.580392
P77243	29.29160307
P77245	0.466849176
P77247	498.4179391
P77252	4.302056513
P77258	289.4046513
P77269	16.50283291
P77279	115.1203948
P77285	98.88356694
P77295	121.8489224
P77300	22.84995304
P77302	51.57079605
P77316	7.068172125
P77318	139.1367198
P77348	212.5962486
P77360	0.107885111
P77368	2.285800366
P77376	89.19997904
P77395	1792.152275
P77399	0.730799588
P77425	0
P77433	13.30441258
P77434	41.6034234
P77444	350.6791368
P77454	573.3717841
P77475	77.17823761
P77488	119.58847
P77499	638.7782806
P77522	57.98545875
P77526	99.46622496
P77529	0.107430982
P77541	118.2114465
P77544	447.1564969
P77552	157.3529109
P77554	574.6687114
P77559	4.159040359
P77561	0.364298422
P77562	70.97235458
P77569	19.7448085
P77570	137.0243389
P77580	200.5413706
P77581	61.96172237
P77588	0.379241745
P77608	0.505509667
P77609	0.415238616
P77611	1.544219426
P77615	11.30539832
P77619	19.30714953
P77625	793.2809611
P77626	8.288298983
P77649	65.82808789
P77667	1063.080888
P77674	36.58521062
P77689	380.2313557
P77690	122.8868827
P77695	2705.651013
P77712	56.83607374
P77717	2411.845123
P77718	8.178799681
P77721	45.93819726
P77735	663.6743679
P77737	33.13550292
P77739	193.3572971
P77748	23.59501527
P77754	649.0458693
P77756	192.2294338
P77774	133.0359327
P77775	90.27488193
P77781	789.7111298
P77788	467.232089
P77791	130.1376199
P77795	5.98378244
P77804	663.4544649
P77806	13.63991225
P77808	12.88070554
P78055	55.87181842
P78067	112.5747584
P80668	17.41305863
Q06065	0.601233072
Q2A0K9	84.09899174
Q2M7R5	1522.931823
Q2M7X4	81.38536679
Q46798	1.448918741
Q46800	4.580694103
Q46801	1.339893301
Q46803	5.918088444
Q46810	1.365808038
Q46822	230.8668251
Q46829	8.864666671
Q46845	987.5342839
Q46851	42.15940451
Q46855	5.658075896
Q46856	866.0568081
Q46857	691.1762966
Q46861	0.090883735
Q46863	48.73709702
Q46864	119.16799
Q46868	499.6610312
Q46871	132.9513054
Q46891	4.281134735
Q46893	83.85520524
Q46919	100.5680978
Q46920	154.2778872
Q46925	52.59378733
Q46927	174.0296758
Q46938	5.035244029
Q46939	7.90606519
Q46948	936.3597097
Q47083	93.75172667
Q47129	0.143798761
Q47146	0.702076443
Q47147	49.05136195
Q47150	239.796069
Q47156	0.086474478
Q47537	44.1330104
Q47622	50.17406195
Q47679	180.2837433
Q47690	304.8609281
Q47710	0.969856853
Q57261	218.2522331
Q59385	2924.839146
Q5H772	76.38899838
Q5H776	101.8667428
Q5H777	34.74926153
Q6BF16	8.006429007
Q6BF17	16.38689586
Q7DFV3	0.841192903
Q93K97	242.80886
