A5A614	8.391332297
A5A621	0.004138533
B8LFD5	24.82094841
D0EX67	68.46293192
D9IX93	707.0327287
P00350	5197.431496
P00363	243.688837
P00370	3476.938241
P00393	2.662420184
P00448	5364.612133
P00452-2	8.697885392
P00490	10.18483543
P00509	3437.044431
P00547	950.9394738
P00561	47.64726543
P00562	28.27208846
P00579	297.5484688
P00582	246.2542036
P00803	25.70757517
P00805	2.870935838
P00811	52.42686733
P00861	355.2196417
P00864	133.0079379
P00887	171.2328591
P00888	612.8412739
P00892	134.8159379
P00893	387.9961511
P00894	887.4997534
P00895	50.06498978
P00903	19.03140011
P00904	636.8336194
P00909	220.0469999
P00926	76.53836011
P00934	4280.25328
P00935	251.6768715
P00944	12.2776047
P00946	832.1352775
P00954	1536.335006
P00956	88.6159065
P00957	888.9731821
P00959	191.3770423
P00960	436.1048597
P00961	1058.277568
P00962	859.378954
P00963	653.9984739
P00968	795.5404582
P02358	13812.96681
P02359	3084.861869
P02413	781.9604125
P02918	7.587806781
P02919-2	10.71839445
P02924	321.3654916
P02925	9342.531526
P02929	21.59553529
P02930	52.60460565
P02931	192.2616953
P02943	31.76085861
P03004	64.57475847
P03007	1.453433978
P03018	2.123307956
P03023	14.2424866
P03024	22.92294404
P03813	146.8676621
P03817	1651.015229
P03841	1828.605342
P04036	115.3145429
P04079	692.255615
P04335	7.158807013
P04391	890.84472
P04425	515.1585886
P04693	833.6175665
P04805	1141.546642
P04816	3389.31875
P04825	73.87928162
P04846	140.6309818
P04949	180.7289676
P04951	586.3812364
P04968	46.12967266
P04982	785.2891599
P04983	40.59645994
P04993	17.30742744
P05020	3024.548738
P05041	16.66864523
P05042	469.1768873
P05050	3.625523804
P05055	3237.455522
P05194	457.469095
P05458	37.24722578
P05459	299.3673357
P05637	77.32303807
P05706	90.93736523
P05707	1.857900522
P05719	12.60821002
P05791	311.3125854
P05793	8726.267428
P05824	0
P05825	18.96145363
P05827	1.070734312
P05852	131.5494744
P06129	237.3421227
P06149	451.9991725
P06610	1258.538453
P06611	119.4765427
P06612	36.74554807
P06616	203.0390269
P06709	0.824721315
P06710	6.242181334
P06715	464.8004462
P06720	189.4496304
P06721	287.6702353
P06846	34.57436075
P06959	2693.70485
P06960	528.6772801
P06961	35.55017627
P06966	3.780585283
P06968	1818.301021
P06971	10.4659412
P06974	3.648177302
P06983	220.9490366
P06986	672.84423
P06987	344.9602645
P06988	1300.056176
P06989	894.329422
P06992	119.9337357
P06996	61.96000699
P06999	1002.275044
P07001	19.09279941
P07003	43.806482
P07004	681.4972179
P07012	960.9072709
P07013	2.437305115
P07014	2881.770122
P07023	21.48277261
P07024	496.2911729
P07026	9.381489532
P07102	20.5122735
P07109	198.1990631
P07118	9.324680125
P07395	1107.134411
P07604	18.4000236
P07623	484.1205116
P07639	384.5516564
P07649	42.81953789
P07650	282.4074553
P07762	53.91047023
P07813	37.35764848
P07821	82.22616681
P07822	46.64572344
P07862	280.8334739
P07913	201.3053441
P08142	2001.070605
P08178	1632.250649
P08179	197.7042119
P08191	15.32735465
P08192	42.72233151
P08200	17876.47062
P08244	625.6842918
P08245	293.5275153
P08312	1988.551953
P08331	462.1354188
P08337	2.566292657
P08365	0.6863642
P08368	16.25606536
P08373	68.24699393
P08390	694.0826869
P08394	30.3763408
P08395	3.084784354
P08506	951.5049383
P08622	660.9069577
P08660	19.71980963
P08839	1832.69837
P08956	2.058011649
P08957	116.8055348
P08997	203.7453952
P09029	220.4039854
P09030	460.0266456
P09053	4.825614103
P09099	57.87674821
P09126	0.864176011
P09127	3.544377441
P09147	937.0200891
P09148	101.8288576
P09151	1780.30817
P09155	5.288873247
P09158	754.3428992
P09169	348.7331004
P09184	1.687523653
P09372	4348.882491
P09373	958.3952198
P09394	207.0554977
P09424	940.4642225
P09546	5.023726959
P09549	112.8421882
P09551	6518.863292
P09831	66.33792045
P09832	1511.124433
P09833	11.6879653
P09980	3.508300769
P09996	243.7129468
P0A698	20.45740402
P0A6A3	2091.166258
P0A6A6	2333.372595
P0A6A8	22462.60337
P0A6B4	38.9714537
P0A6B7	4243.15038
P0A6C1	53.87015071
P0A6C5	137.1567454
P0A6C8	2177.106863
P0A6D0	480.4713404
P0A6D3	613.5771867
P0A6D7	1310.52816
P0A6E1	884.8476851
P0A6E4	3099.370312
P0A6E6	7039.309788
P0A6E9	19.39699552
P0A6F1	4391.124558
P0A6F3	564.9255291
P0A6F5	14968.58168
P0A6F9	12848.81341
P0A6G3	172.8850558
P0A6G7	1234.240657
P0A6H1	1436.623346
P0A6H5	1035.755991
P0A6I0	873.4550959
P0A6I3	33.56886231
P0A6I6	192.7659884
P0A6I9	62.21757454
P0A6J1	361.0925056
P0A6J5	197.7522924
P0A6J8	290.3183191
P0A6K1	229.8991088
P0A6K3	839.0566661
P0A6K6	1338.483412
P0A6L0	656.0241438
P0A6L2	2457.545811
P0A6L4	145.483995
P0A6L9	503.2632029
P0A6M4	83.64594301
P0A6M8	11606.24409
P0A6N4	3952.207141
P0A6N8	1624.656672
P0A6P1	8335.105284
P0A6P5	156.7596461
P0A6P7	737.2057993
P0A6P9	10490.35348
P0A6Q3	5671.929761
P0A6Q6	944.9528132
P0A6R0	1284.943929
P0A6R3	3111.685605
P0A6S7	1087.200012
P0A6T1	78.34608167
P0A6T3	483.0096153
P0A6T5	1883.726914
P0A6T9	909.6775387
P0A6U3	89.71147275
P0A6U5	181.3424188
P0A6U8	1.290666989
P0A6V1	52.59533878
P0A6V5	150.7147116
P0A6V8	140.4265887
P0A6W0	0.287518704
P0A6W5	1968.939694
P0A6W9	12.02152969
P0A6X1	19.07475493
P0A6X3	54.13677879
P0A6X7	2900.638792
P0A6Y1	3283.015435
P0A6Y5	687.7923499
P0A6Y8	8406.67903
P0A6Z1	507.833797
P0A6Z3	1681.617124
P0A6Z6	291.3196306
P0A705	112.0294869
P0A707	1233.762769
P0A715	2369.719109
P0A717	4470.845472
P0A720	74.84637798
P0A722	340.1803245
P0A725	53.96651153
P0A729	1322.417203
P0A731	1454.150845
P0A734	1458.516105
P0A738	237.3553215
P0A744	700.0853658
P0A746	3316.750268
P0A749	425.647184
P0A752	15.3143366
P0A754	31.72145737
P0A756	59.95731614
P0A759	1532.044496
P0A761	113.7718177
P0A763	16430.1462
P0A776	29.05905128
P0A780	828.5340844
P0A784	397.7943478
P0A786	11189.92258
P0A790	1345.308227
P0A794	768.1627205
P0A796	1343.842493
P0A799	12737.06406
P0A7A2	211.5644277
P0A7A5	122.1418701
P0A7A7	0.306572786
P0A7A9	2367.699922
P0A7B1	0.370665714
P0A7B3	15.18415595
P0A7B5	247.672668
P0A7B8	86.13535796
P0A7C2	239.8794623
P0A7C6	411.1406846
P0A7D1	410.8157348
P0A7D4	4237.427461
P0A7D7	4951.855295
P0A7E1	867.8288808
P0A7E3	80.76569228
P0A7E5	729.5910468
P0A7E9	1901.301065
P0A7F3	11087.16517
P0A7F6	899.4729876
P0A7F9	41.48639034
P0A7G2	1781.771302
P0A7G6	761.5829451
P0A7H0	6.56259748
P0A7H6	44.92568229
P0A7I0	52.67694306
P0A7I4	341.3492733
P0A7I7	286.5558378
P0A7J0	322.7456055
P0A7J3	6351.990289
P0A7J7	4851.076176
P0A7K2	11762.83957
P0A7K6	1394.222451
P0A7L0	7005.831671
P0A7L3	292.8814984
P0A7L8	475.3494886
P0A7M2	492.1168079
P0A7M6	12161.11073
P0A7M9	7703.243913
P0A7N1	0.754330748
P0A7N4	1148.32015
P0A7N9	724.1262814
P0A7Q6	2404.373394
P0A7R1	8845.936541
P0A7R5	11890.42646
P0A7R9	188.0236225
P0A7S3	93.38479601
P0A7S9	1760.788347
P0A7T3	11747.60973
P0A7T7	4348.61682
P0A7U3	597.4713256
P0A7U7	456.7879489
P0A7V0	9941.83442
P0A7V3	298.3223852
P0A7V8	274.0357507
P0A7W1	9560.038485
P0A7W7	6346.197644
P0A7X3	275.3977112
P0A7X6	1008.248506
P0A7Y0	398.2862916
P0A7Y4	70.37525977
P0A7Z0	3451.42799
P0A7Z4	6651.217561
P0A800	3389.874271
P0A805	3377.348148
P0A809	195.2516263
P0A812	92.02967022
P0A817	5565.571534
P0A821	51.26543275
P0A823	18.97634648
P0A825	11908.80673
P0A832	9.326559514
P0A836	6415.177793
P0A840	170.3404761
P0A847	400.8232632
P0A850	7189.589872
P0A853	956.1810953
P0A855	2309.881034
P0A858	7418.022378
P0A862	20758.62966
P0A867	785.8263767
P0A870	6452.977499
P0A873	84.83943499
P0A877	2878.104355
P0A879	2218.900152
P0A881	463.729527
P0A884	92.17492929
P0A887	872.7122178
P0A890	151.3599876
P0A894	226.6495268
P0A898	702.2834081
P0A8A0	963.1496566
P0A8A2	708.8642825
P0A8A4	206.0243692
P0A8A8	662.6981967
P0A8B2	38.82002509
P0A8B5	2922.947812
P0A8C1	150.0009548
P0A8C4	1266.209797
P0A8D0	224.0381177
P0A8D3	69.31128232
P0A8D6	193.6019869
P0A8E1	781.3958872
P0A8E5	103.7051247
P0A8E7	3671.923818
P0A8F0	10736.0788
P0A8F4	417.5925359
P0A8F8	8.772787543
P0A8G3	27.57280811
P0A8G6	5598.519051
P0A8G9	1184.988086
P0A8H6	712.8650236
P0A8H8	371.4166631
P0A8I1	1.12667178
P0A8I3	442.6330941
P0A8I5	424.6381034
P0A8I8	264.2342766
P0A8J2	125.1243783
P0A8J4	2592.699993
P0A8J8	237.7710096
P0A8K1	570.2403337
P0A8K5	851.1474625
P0A8L1	1573.035398
P0A8L7	194.2680428
P0A8M0	1444.500474
P0A8M3	264.8745709
P0A8M6	7257.760391
P0A8N0	193.013664
P0A8N3	945.8999982
P0A8N5	122.5170174
P0A8N7	16.8440322
P0A8P3	2548.600657
P0A8P6	18.31514194
P0A8R0	1372.973672
P0A8R4	511.1755777
P0A8R9	62.3462796
P0A8S1	263.8565315
P0A8T1	88.27130348
P0A8T7	243.2795142
P0A8U0	83.09823883
P0A8U6	1750.261848
P0A8V0	212.3581982
P0A8V2	1409.41847
P0A8V6	170.2853949
P0A8W0	40.61575856
P0A8W2	539.9621167
P0A8W5	417.2483598
P0A8W8	1211.274653
P0A8X0	468.1430829
P0A8X2	1259.024201
P0A8Y1	58.14703965
P0A8Y3	495.182475
P0A8Y5	195.3130136
P0A8Y8	55.58003628
P0A8Z0	46.0174381
P0A8Z3	101.7671812
P0A8Z7	126.7987222
P0A901	32.95646761
P0A903	67.5093653
P0A905	478.2368431
P0A908	161.1590931
P0A910	1578.398154
P0A912	77.9753728
P0A915	17.1566102
P0A917	124.9273123
P0A927	303.1146632
P0A935	134.9226147
P0A940	1054.925764
P0A944	38.56854333
P0A948	85.15044256
P0A951	117.755579
P0A953	10616.72579
P0A955	3446.226636
P0A959	92.09385943
P0A962	342.7107211
P0A964	13.36308608
P0A968	5022.145085
P0A972	7831.369122
P0A978	23.00504256
P0A988	446.8669618
P0A991	55.53756868
P0A993	603.8774481
P0A996	0.876659508
P0A998	109.3340005
P0A9A2	1.767671181
P0A9A6	2815.905513
P0A9A9	2528.094732
P0A9B2	16336.39976
P0A9B6	124.2169321
P0A9C0	3.983738334
P0A9C3	1230.25953
P0A9C5	5476.0171
P0A9C9	144.0955889
P0A9D2	1027.074328
P0A9D4	132.5542932
P0A9D8	3740.393037
P0A9E5	501.6176609
P0A9F1	80.53773412
P0A9F3	274.8837883
P0A9F6	5.529978891
P0A9F9	76.25679448
P0A9G4	80.74812048
P0A9G6	27866.19771
P0A9G8	73.11337662
P0A9H1	252.2542279
P0A9H5	80.85945934
P0A9H7	52.80270303
P0A9H9	1.846524109
P0A9I3	114.7176504
P0A9I8	8.193874886
P0A9J0	21.14613317
P0A9J4	21.71921442
P0A9J6	567.0858295
P0A9J8	840.1581935
P0A9K3	997.9951453
P0A9K7	6.768512232
P0A9K9	10046.88881
P0A9L3	2578.382669
P0A9L5	1348.076774
P0A9L8	1342.492825
P0A9M0	433.3925464
P0A9M2	524.5289769
P0A9M5	2714.129142
P0A9M8	818.1926278
P0A9N4	134.99358
P0A9P0	7522.666846
P0A9P4	1884.323408
P0A9P6	196.4190055
P0A9P9	403.8883395
P0A9Q1	2305.073717
P0A9Q5	1098.74698
P0A9Q7	1131.663421
P0A9Q9	7579.473845
P0A9R4	2038.892442
P0A9R7	483.7336175
P0A9S1	174.6788685
P0A9S3	1646.721975
P0A9S5	88.43737016
P0A9S7	467.1531492
P0A9T0	1804.976867
P0A9T4	590.6657683
P0A9T6	127.4588095
P0A9T8	241.7461146
P0A9U3	193.0872478
P0A9U6	45.12265832
P0A9V1	515.1329048
P0A9V5	1.425093582
P0A9V8	2.175673904
P0A9W0	37.21098032
P0A9W3	1330.98854
P0A9W6	640.2508263
P0A9W9	161.9870858
P0A9X1	5.053799907
P0A9X4	2430.724951
P0A9X9	541.7888792
P0A9Y6	13245.02815
P0A9Z1	2421.046073
P0AA04	11148.10195
P0AA10	10096.48079
P0AA16	1470.727893
P0AA25	7706.765661
P0AA31	4074.033158
P0AA37	81.95900069
P0AA39	9.582571174
P0AA41	43.79185423
P0AA43	1118.764246
P0AA57	180.0922904
P0AA91	17.384657
P0AA95	47.57865293
P0AA97	50.37535773
P0AA99	82.66510674
P0AAA1	3.141465977
P0AAA9	24.66312529
P0AAB4	21.70178408
P0AAB6	2913.284778
P0AAB8	213.701117
P0AAC0	770.7681645
P0AAC8	817.2379092
P0AAD6	0.586512626
P0AAF6	511.7731454
P0AAG0	145.8108572
P0AAG3	164.8447549
P0AAG8	51.57119087
P0AAH0	45.15465389
P0AAH4	7.016795323
P0AAH8	14.72128689
P0AAI3	4.457054012
P0AAI5	1319.143077
P0AAI9	4097.52555
P0AAJ5	1.960086678
P0AAJ8	13.56072174
P0AAN1	58.84177275
P0AAN3	8.950395768
P0AAN5	556.2622008
P0AAN9	1675.532429
P0AAP3	343.5926172
P0AAQ2	276.8692217
P0AAQ6	16.31090547
P0AAR3	256.7749663
P0AAR8	37.34254023
P0AAS7	975.8329311
P0AAS9	170.2511469
P0AAT2	32.71801335
P0AAT6	616.3110013
P0AAT9	371.1876944
P0AAU7	10.14607279
P0AAV4	258.0398956
P0AAV6	646.3720097
P0AAW1	25.24441792
P0AAX3	87.36596379
P0AAX6	5199.357882
P0AAX8	1927.291713
P0AAZ4	13.77563684
P0AAZ7	847.9976604
P0AB10	1.129738742
P0AB14	1820.499021
P0AB18	410.1743264
P0AB20	2.948072345
P0AB24	442.4985635
P0AB26	30.73585784
P0AB28	790.529557
P0AB35	2.836059092
P0AB38	95.80501649
P0AB40	71.88823812
P0AB43	279.4871776
P0AB46	0.47493457
P0AB52	1934.859394
P0AB55	1558.990976
P0AB58	11.35645684
P0AB61	559.3671836
P0AB65	246.7794576
P0AB67	18.77421758
P0AB71	10270.7374
P0AB77	176.3665742
P0AB80	1625.033266
P0AB83	84.48521211
P0AB87	7.475713338
P0AB89	479.922091
P0AB91	2718.549905
P0AB96	72.72679921
P0ABA0	8.87467723
P0ABA4	3783.179195
P0ABA6	3277.476073
P0ABB0	11070.76612
P0ABB4	12690.87363
P0ABC3	15.45858433
P0ABC7	540.358719
P0ABD3	306.9398883
P0ABD5	1731.335085
P0ABD8	2154.659241
P0ABE2	1049.426462
P0ABF1	5.045622103
P0ABF4	8.127528184
P0ABF6	364.4900314
P0ABH0	590.8160324
P0ABH7	3437.345174
P0ABH9	263.2235
P0ABJ1	48.93224367
P0ABJ9	0.236828889
P0ABK5	24103.60692
P0ABP8	57.11541016
P0ABQ0	9.011566551
P0ABQ2	193.5802138
P0ABQ4	474.7176857
P0ABR1	42.52730894
P0ABS1	3851.751807
P0ABS5	7.236629207
P0ABT2	631.5024796
P0ABT5	7.74851212
P0ABU0	376.3740614
P0ABU2	1683.952592
P0ABU5	1671.882663
P0ABV2	33.69963597
P0ABY4	99.5394092
P0ABZ1	8.931844713
P0ABZ4	311.009866
P0ABZ6	2008.767352
P0AC00	0.066326855
P0AC02	467.2711671
P0AC13	159.4914472
P0AC19	869.7715462
P0AC28	14.39294469
P0AC33	2549.174287
P0AC38	979.8569366
P0AC41	3151.075248
P0AC47	637.0045345
P0AC51	205.2491151
P0AC53	460.8840904
P0AC55	593.8680806
P0AC59	1660.517382
P0AC62	2615.668313
P0AC65	19.84715114
P0AC69	4324.535648
P0AC75	5.123187732
P0AC81	589.1925379
P0AC84	146.6575284
P0AC92	30.12793431
P0ACA1	214.4729153
P0ACA3	2254.723831
P0ACA7	1651.884503
P0ACB0	112.4722293
P0ACB2	494.8916595
P0ACB4	115.3314925
P0ACC1	4.769392509
P0ACC3	1327.436923
P0ACC7	446.7961896
P0ACD4	6331.21381
P0ACE0	1.381146427
P0ACE3	330.3459139
P0ACE7	1997.868828
P0ACF0	23563.077
P0ACF4	9231.840287
P0ACF8	15246.47153
P0ACG1	2219.670562
P0ACG8	26.88157061
P0ACI0	79.71772922
P0ACI3	2.486470371
P0ACI6	57.79723032
P0ACJ0	4021.333924
P0ACJ8	2643.147276
P0ACK2	22.69023552
P0ACK5	110.7711232
P0ACK8	78.64508216
P0ACL0	79.518795
P0ACL2	47.87750511
P0ACL5	70.29072389
P0ACL7	14.20745706
P0ACL9	338.3599207
P0ACM2	59.99537272
P0ACM5	67.15270156
P0ACM9	0.249527707
P0ACN2	14.21315249
P0ACN4	256.5374083
P0ACN7	37.40865677
P0ACP1	92.28471325
P0ACP5	171.5469328
P0ACP7	642.8612176
P0ACQ4	144.9140101
P0ACR4	55.17833942
P0ACR9	784.8052555
P0ACS2	6.950726032
P0ACS5	22.09597295
P0ACS7	18.52100501
P0ACT6	97.2797976
P0ACU7	604.6354816
P0ACV0	0.512768203
P0ACV6	79.79535519
P0ACV8	479.0537486
P0ACW6	299.5293183
P0ACX3	1035.901081
P0ACX5	62.20057154
P0ACY1	1568.316621
P0ACY3	84.59971796
P0ACY9	152.9698655
P0ACZ4	68.04834474
P0ACZ8	306.4566685
P0AD05	369.4678515
P0AD07	453.3598682
P0AD10	293.1623759
P0AD12	458.6471717
P0AD21	57.39153891
P0AD24	660.5875938
P0AD27	0.998064118
P0AD33	758.3605567
P0AD37	8.796881178
P0AD40	57.63293984
P0AD49	3055.263122
P0AD53	11.10283197
P0AD57	106.200493
P0AD59	2009.276404
P0AD61	2428.74231
P0AD65	4.837100908
P0AD68	7.84786139
P0AD70	25.58983102
P0AD96	23572.69265
P0ADA1	245.8510637
P0ADA3	125.1857286
P0ADA5	1188.68174
P0ADB1	859.2163462
P0ADB7	47.32381719
P0ADC1	31.63867405
P0ADC8	0.919996169
P0ADE4	2.303947568
P0ADE6	2326.799591
P0ADE8	1723.307341
P0ADF6	25.88371615
P0ADF8	2825.375845
P0ADG4	1074.232036
P0ADG7	1168.317254
P0ADI4	140.6746848
P0ADI7	383.1004556
P0ADK0	137.7390805
P0ADK6	8.154667848
P0ADK8	481.1290334
P0ADM4	46.50419972
P0ADN2	4038.500027
P0ADN6	76.01206921
P0ADP0	195.1850344
P0ADP2	126.9185203
P0ADP9	1416.716727
P0ADQ2	95.80992688
P0ADQ7	798.8230008
P0ADR6	62.71610414
P0ADR8	1.248120972
P0ADS2	388.9665886
P0ADS6	140.5566299
P0ADS9	207.3988608
P0ADT2	17.47878134
P0ADT5	217.2181782
P0ADT8	8.759943466
P0ADU2	732.8432035
P0ADU5	1847.531673
P0ADU7	4.80928357
P0ADV1	1059.160941
P0ADV5	28.00924453
P0ADV7	64.73980886
P0ADW3	5.397960468
P0ADW8	311.5127011
P0ADX1	384.5265716
P0ADX5	79.26090979
P0ADX7	553.959187
P0ADX9	49.38111423
P0ADY1	19.15819203
P0ADY3	1692.688251
P0ADY7	482.7243872
P0ADZ0	706.8638494
P0ADZ4	6723.967214
P0ADZ7	21.0595649
P0AE01	378.2840632
P0AE06	54.3615913
P0AE08	23881.99437
P0AE12	294.037224
P0AE18	1169.076877
P0AE22	296.7992723
P0AE28	216.3609897
P0AE39	32.86528837
P0AE48	738.1884532
P0AE52	2984.789281
P0AE60	63.48287905
P0AE63	507.1744359
P0AE67	143.7289561
P0AE70	65.46380261
P0AE72	26.30815027
P0AE76	23.23947204
P0AE78	150.654364
P0AE85	276.3416871
P0AE88	1005.047367
P0AE91	363.665281
P0AEA2	3.132688094
P0AEA8	28.56965904
P0AEB2	1035.606979
P0AEB7	3877.858118
P0AEC3	78.03283138
P0AED0	17325.90188
P0AED5	48.99878831
P0AED7	215.4660149
P0AED9	23.01748923
P0AEE1	144.4714251
P0AEE5	9837.765645
P0AEE8	4.156539383
P0AEF0	30.51435084
P0AEF4	1.854941304
P0AEF8	0.119011814
P0AEG4	2352.410967
P0AEG6	664.2287907
P0AEH3	137.2538111
P0AEH5	2202.487557
P0AEI1	288.1614108
P0AEI4	159.3511121
P0AEI6	170.8247729
P0AEJ2	137.206331
P0AEK0	13.69459137
P0AEK2	3044.328565
P0AEK4	4508.196788
P0AEL3	0.817939175
P0AEL6	146.8788912
P0AEM0	817.7316218
P0AEM4	278.4053699
P0AEM6	22.92593637
P0AEM9	2944.855785
P0AEN1	303.9366645
P0AEN8	37.91435426
P0AEP3	2080.433233
P0AEQ1	0.47493457
P0AEQ3	5848.650804
P0AES0	4.741397796
P0AES2	16.73967232
P0AES4	39.2894675
P0AES6	411.0610528
P0AES9	7258.068997
P0AET2	1988.348553
P0AET8	466.4996394
P0AEU0	4468.016374
P0AEU7	3884.922991
P0AEV1	0.376529866
P0AEW4	221.8999161
P0AEW6	46.83253447
P0AEW9	30.05847606
P0AEX5	121.8035611
P0AEX9	1557.540254
P0AEY3	10.56601523
P0AEY5	107.8485029
P0AEY8	14.49175181
P0AEZ1	1735.068061
P0AEZ3	1966.806524
P0AEZ9	400.4410018
P0AF03	373.0342864
P0AF08	639.3854084
P0AF12	1759.279356
P0AF18	97.94830114
P0AF20	23.47157958
P0AF24	595.3993376
P0AF28	465.7384378
P0AF36	5534.347968
P0AF48	107.7935725
P0AF50	587.9101682
P0AF56	25.21946793
P0AF59	33.18892481
P0AF63	47.9312373
P0AF67	626.1627624
P0AF70	287.100892
P0AF82	13.68600876
P0AF90	5555.010069
P0AF93	12631.20856
P0AF96	14481.49305
P0AFB5	38.42270032
P0AFB8	24.63405185
P0AFC0	6.737935017
P0AFC7	971.0384328
P0AFD1	1235.530685
P0AFD6	302.5905213
P0AFF6	1873.253753
P0AFG0	3145.034671
P0AFG3	1236.053661
P0AFG6	652.2314139
P0AFG8	3141.065519
P0AFH0	35.10198113
P0AFH8	1993.387779
P0AFI2	5.710132338
P0AFI5	22.72872358
P0AFI7	609.6995231
P0AFJ1	383.0420066
P0AFJ5	157.6819803
P0AFK0	737.3243474
P0AFK9	1227.415478
P0AFL3	2907.895488
P0AFL6	2.678925514
P0AFM2	452.4824552
P0AFM4	213.9228871
P0AFM6	684.2856233
P0AFP4	31.53893569
P0AFP6	129.9344406
P0AFQ7	107.7480219
P0AFR0	8.46447343
P0AFR4	903.4230544
P0AFS3	68.55293294
P0AFT5	87.38054515
P0AFU4	9.537099188
P0AFU8	478.3717999
P0AFV4	140.8365843
P0AFW0	143.1634803
P0AFW2	97.46123763
P0AFW4	1213.336366
P0AFW8	319.8943019
P0AFX0	3214.971177
P0AFX4	330.8838094
P0AFX7	261.0596034
P0AFX9	148.3392101
P0AFY8	699.4218514
P0AFZ1	388.5956164
P0AFZ3	387.845439
P0AG07	257.502307
P0AG16	122.3105922
P0AG18	1949.60947
P0AG20	0.157167386
P0AG27	1.821647481
P0AG30	1864.029257
P0AG40	17.18797477
P0AG44	745.5071029
P0AG48	5624.707186
P0AG51	4819.346927
P0AG55	12289.77897
P0AG59	88.14404599
P0AG63	5749.364146
P0AG67	10557.02111
P0AG76	12.64388826
P0AG78	68.15278141
P0AG80	803.8681198
P0AG82	117.7248417
P0AG84	134.3530492
P0AG86	7158.958706
P0AG90	0.077375846
P0AG99	34.28917643
P0AGA6	58.62178122
P0AGB0	6.199143459
P0AGB6	210.3456977
P0AGC3	166.5209908
P0AGD1	524.7924875
P0AGD3	3126.698219
P0AGD7	113.0913169
P0AGE0	1164.099626
P0AGE6	888.8315624
P0AGE9	9946.402152
P0AGF2	181.7161719
P0AGG0	21.97639908
P0AGG2	312.3193475
P0AGG4	421.0964901
P0AGG8	398.2934974
P0AGI8	41.78427589
P0AGJ2	20.80699723
P0AGJ5	574.9848602
P0AGJ7	46.62685916
P0AGJ9	351.6818379
P0AGK4	2523.312302
P0AGK8	1923.04272
P0AGL5	7.502303132
P0AGL7	123.2311416
P0C018	4618.315172
P0C037	1725.635563
P0C054	506.3026181
P0C058	1081.351478
P0C066	64.48779293
P0C079	283.1328804
P0C093	37.86768966
P0C0K3	35.82848938
P0C0L2	3727.50846
P0C0L9	1578.619381
P0C0R7	167.55333
P0C0T5	25.2746851
P0C0U4	47.20243748
P0C0V0	1436.701276
P0C8J6	14352.02128
P0C8J8	2937.598465
P0C8K0	4.829294218
P0C960	264.6167944
P0CB39	1.017285734
P0CE47	45964.72895
P0CE49	56.5781445
P0CE60	13.88630433
P0CF40	20.07018261
P0CG19	24.0780141
P10100	198.511139
P10121	842.1800707
P10346	516.2825945
P10371	649.8967985
P10378	5.970581293
P10384	16.18341653
P10408	187.4389824
P10423	2.196840342
P10441	29.69202468
P10442	31.98346402
P10443	0.648966741
P10902	0
P10907	54.02421065
P10908	40.90166181
P11349	0.124851348
P11446	2051.388536
P11447	525.963169
P11458	151.8195146
P11557	0.177727774
P11875	430.681049
P11880	59.5817055
P12008	709.6185624
P12281	291.6850122
P12282	55.29910923
P12295	115.9700077
P12758	1247.160831
P12994	596.4244738
P12995	70.55670574
P12996	134.7412885
P12998	188.971732
P12999	10.35038892
P13000	506.6518843
P13001	63.30449725
P13009	121.0402515
P13016	128.728676
P13024	77.57751828
P13029	975.4071958
P13033	6.149506854
P13035	135.3781598
P13036	1.420151871
P13039	3.891645246
P13445	31.1007703
P13458	4.9526943
P13482	369.2020542
P13656	2.54243754
P13669	17.17810986
P13857	41.22565897
P14081	130.9758087
P14175	55.33009118
P14294	1.989677847
P14407	12.91673988
P14900	630.2773186
P15028	3.610938694
P15031	4.59678333
P15034	223.8992604
P15038	2.823215093
P15042	90.62065473
P15047	70.23252918
P15078	4.265754816
P15082	34.65206094
P15254	148.4210571
P15288	2149.015309
P15373	249.3075276
P15639	1574.313478
P15640	1023.835711
P15770	120.4005654
P15877	4.832364436
P16095	148.7113696
P16384	30.03396592
P16456	521.6806517
P16525	13.88389523
P16528	24.57143635
P16659	2126.796313
P16676	411.606874
P16681	249.9367163
P16691	171.2682595
P16692	9.951739037
P16700	3072.728888
P16703	1388.192026
P16926	5.339948086
P17109	0.561514373
P17115	64.61486559
P17117	574.2545854
P17169	285.9289612
P17315	135.7489326
P17443	58.54460508
P17445	144.6515826
P17846	1137.998546
P17854	957.3951528
P17888	0.138163147
P17952	227.2398759
P17993	696.6395714
P18133	44.08066374
P18196	110.7898118
P18335	1989.460329
P18390	442.1949297
P18393	59.05863334
P18843	1911.015657
P18956	240.2802636
P19624	71.81789611
P19636	68.45315092
P19926	1465.701468
P20083	12.37289163
P20099	5.573015096
P20605	82.07351147
P21151	697.2391838
P21156	1626.284107
P21165	849.7133391
P21169	20.47087045
P21170	271.6142427
P21177	26.80749678
P21179	181.0729403
P21338	257.9698483
P21361	1.007010312
P21362	242.7832154
P21363	313.8326912
P21367	1340.87751
P21369	104.5129942
P21420	38.34459276
P21499	47.33871318
P21507	121.2616486
P21513	370.5361092
P21515	20.08119435
P21599	1313.133483
P21645	658.2005999
P21693	2.63947709
P21829	222.2058507
P21866	25.44239171
P21888	374.0193279
P21889	947.8342922
P21893	3.506275472
P22106	125.4136988
P22186	90.54562219
P22188	184.1848856
P22255	786.7220522
P22256	215.3694549
P22259	5899.107281
P22333	420.7953956
P22523	3.463026566
P22524	217.2516235
P22525	24.35838235
P22564	255.6216421
P22634	115.7811211
P22731	528.1340594
P22939	311.958432
P23003	76.83652367
P23305	0.774973335
P23331	229.2286486
P23367	23.87970731
P23485	1.37797169
P23522	31.13841328
P23538	1196.73368
P23721	4267.252812
P23827	293.6250343
P23830	60.98817327
P23836	1460.316778
P23839	467.1795592
P23840	2.663886355
P23843	6906.918968
P23845	25.83503933
P23847	9950.236207
P23857	2093.792583
P23862	8.816284104
P23865	608.9975703
P23869	4690.999945
P23871	25.52137609
P23882	486.6031012
P23883	6.775567788
P23893	1016.884041
P23894	26.15278137
P23908	834.973156
P23909	5.342180448
P23917	208.6479932
P24171	79.42703016
P24173	46.2671811
P24178	594.530857
P24182	1010.245506
P24186	955.3212764
P24188	35.3600099
P24197	42.52934992
P24202	100.8352272
P24203	121.1763282
P24205	25.53875552
P24215	236.5933234
P24224	17.7758276
P24228	64.75940912
P24230	2.709111623
P24232	147.2860309
P24242	20.29209816
P24251	712.0536477
P24252	14.20515451
P24255	132.1739975
P24554	76.88427297
P25397	122.8273358
P25437	926.2183089
P25516	209.9695928
P25519	48.45107302
P25522	160.0520754
P25524	97.62810716
P25526	296.0051929
P25534	60.99805639
P25535	20.40665604
P25536	66.65403567
P25539	86.7232904
P25553	7172.364295
P25665	5543.868305
P25718	4.486309913
P25738	4267.229163
P25740	22.37118413
P25745	502.0644485
P25746	38.23958025
P25748	12.41749494
P25894	248.1659236
P25906	549.2866523
P26281	178.8546257
P26365	74.87468636
P26602	104.5460613
P26612	34.74284589
P26616	1086.425853
P26646	343.4572207
P26648	86.78288314
P26649	14.23433245
P27238	8.120819046
P27247	3.285324314
P27248	627.0249853
P27249	24.19347087
P27250	73.11599827
P27278	43.81827995
P27298	119.2243734
P27302	2624.454673
P27305	46.37760327
P27306	1304.686142
P27431	599.3151822
P27434	6.306009514
P27550	605.2957478
P27828	85.79864888
P27829	62.25888326
P27830	50.9131983
P27832	5.832755005
P27833	14.55699168
P27836	16.13817895
P27838	458.2315625
P27848	242.632985
P27859	8.53616464
P27862	47.58224412
P28248	366.3707468
P28304	685.4416462
P28305	18.26659285
P28631	0.503815209
P28632	90.22520884
P28634	86.75377718
P28635	758.9870161
P28861	349.4808812
P28903	72.58945844
P28904	23.7843023
P28905	89.76058638
P29012	112.9608158
P29013	0.065471572
P29018	3.473329445
P29131	0.1713577
P29208	19.04233444
P29217	277.2917753
P29680	76.4989451
P29745	395.800761
P30011	292.3597073
P30014	116.4417208
P30125	3433.333108
P30126	4069.292482
P30128	55.33430902
P30147	0.058347684
P30177	785.4991818
P30178	691.9228733
P30744	76.98908435
P30748	575.8872382
P30749	472.9472434
P30750	146.8889514
P30843	107.2301796
P30850	525.2868833
P30859	3370.707166
P30860	3554.244738
P30863	108.769655
P30864	15.9988811
P30871	7.507388582
P30958	136.8361657
P31057	95.77695412
P31060	8.208979318
P31063	136.4593405
P31069	23.10239529
P31120	831.5509561
P31130	370.9176339
P31131	42.66418369
P31133	1841.844014
P31134	43.56423908
P31142	804.0027793
P31441	48.31686536
P31455	41.15786855
P31459	6.754445093
P31460	72.59043969
P31467	12.25414686
P31473	1.969131785
P31475	31.30514177
P31545	0.640340407
P31550	99.50685731
P31551	22.08923463
P31554	77.69256617
P31600	0.02663984
P31658	1058.436441
P31660	1.108561791
P31663	869.2498409
P31677	154.931268
P31678	31.80989914
P31697	8.088485924
P31802	174.2406718
P31806	67.52635022
P31808	57.6672746
P31825	13.92186924
P31827	6.253560319
P31828	26.50965961
P31979	148.4700592
P31992	179.2105224
P32099	61.51086408
P32125	16.19816362
P32131	3.408577427
P32132	946.3940017
P32134	12.2272365
P32141	17.27996186
P32144	34.70459661
P32157	162.3413065
P32160	15.84705321
P32162	526.0207466
P32173	98.44470438
P32176	8.256332953
P32177	7.736232052
P32662	654.4458148
P32664	79.48241137
P32677	3.663895538
P32680	125.9048625
P32684	25.84717921
P32685	90.72903025
P32695	260.5088346
P32705	3.059223207
P33012	281.9081437
P33014	9501.992019
P33015	7.029230253
P33018	401.4899809
P33025	56.69653851
P33029	0.309118804
P33030	36.67910584
P33136	1381.784881
P33195	29.98687725
P33218	177.0852205
P33219	2603.835774
P33221	117.467248
P33232	375.8313527
P33355	22.88493421
P33360	110.3485932
P33362	521.7838579
P33363	251.8240015
P33368	40.94391459
P33371	9.23264062
P33570	492.7353501
P33599	5.663647355
P33602	376.4185946
P33643	364.6470499
P33644	78.0723902
P33667	7.124988078
P33913	20.08154525
P33920	37.68419656
P33937	2.71071677
P33940	37.01086489
P34209	435.0188203
P35340	1024.014697
P36548	16.65197603
P36553	28.46293541
P36562	75.6126559
P36566	10.90543631
P36649	1164.145521
P36659	119.063012
P36667	3.98059818
P36672	0.456416685
P36673	36.59956686
P36680	22.05424118
P36683	6957.836931
P36767	367.9209226
P36771	56.07455144
P36879	199.2927749
P36928	18.86339737
P36929	11.88203154
P36930	26.40137511
P36938	1012.514015
P36979	94.74853948
P36995	21.97870195
P36999	49.60332357
P37005	63.28118513
P37028	9.18619918
P37051	690.1987355
P37052	85.80849629
P37095	411.2185559
P37127	0.068253967
P37128	150.0575116
P37146	15.76566371
P37177	0.548003595
P37182	35.88988844
P37188	20908.41349
P37194	164.3131566
P37313	177.3727275
P37325	3.025390037
P37329	988.2829239
P37330	850.2425576
P37338	2.240475456
P37339	7.694577038
P37344	18.52671613
P37348	1.331133618
P37349	129.5777324
P37351	110.4646385
P37387	312.4405491
P37440	392.0516221
P37590	317.2572087
P37595	195.3528145
P37610	0.726666063
P37613	115.3457183
P37626	2.313414027
P37631	42.51058706
P37634	746.4889562
P37636	3.504426083
P37642	11.29054815
P37645	8.496269347
P37647	251.0763974
P37648	201.7330478
P37659	0.025063098
P37661	42.34831483
P37665	1.777052166
P37666	1773.902339
P37671	54.27813565
P37676	9.022384224
P37678	31.23354815
P37685	85.63427211
P37689	792.9754191
P37690	23.3866993
P37691	47.98287861
P37692	117.7675587
P37744	946.8416749
P37745	485.4573225
P37747	1149.96568
P37749	3.690629375
P37757	60.63492417
P37759	1005.443659
P37760	661.8016397
P37765	17.00048055
P37767	36.34337917
P37769	31.01072187
P37773	170.2995531
P37774	188.1702477
P37794	20.96130673
P37902	3806.806134
P37903	2477.13867
P38038	1443.753011
P38051	0.057030048
P38104	5.193044643
P38105	0.88923285
P38489	2128.50241
P38506	28.77638204
P38521	1663.291822
P38684	6.517973183
P39099	476.7400126
P39160	92.39322193
P39161	74.12040731
P39172	377.3267308
P39173	1575.815942
P39176	101.4621613
P39177	1372.836751
P39180	132.8182318
P39187	71.09189975
P39199	363.4569162
P39208	11.59760051
P39265	95.14812781
P39280	6.924853035
P39286	182.2100099
P39310	45.36653946
P39315	195.0263919
P39325	790.2747995
P39332	4.67457818
P39334	147.3375424
P39337	36.95429882
P39342	19.23955504
P39346	101.8665278
P39353	23.05868557
P39356	44.7610786
P39359	17.03114186
P39363	27.85020935
P39364	1.848621806
P39366	1.792239985
P39371	3.731196875
P39380	0.209208974
P39401	1.609182419
P39405	6.483388785
P39406	445.7900838
P39407	2.195490137
P39408	42.76900565
P39411	284.489248
P39451	6.960894134
P39829	30.65614656
P39831	2503.350523
P39838	0.604626055
P40120	90.43168947
P40191	283.578383
P40710	9.881843594
P40874	750.6541455
P41039	2.889999807
P41052	129.5167263
P41407	1922.354014
P41409	44.04688831
P42588	29.471106
P42593	14.11402735
P42596	16.9791142
P42597	1.106483486
P42599	20.55124314
P42616	320.3455266
P42620	117.9412585
P42624	29.52373332
P42626	0.079624295
P42632	1.074320199
P42641	374.5029755
P42904	70.73976487
P43329	1.091605816
P43337	28.74574896
P43340	2.061973196
P43671	7.353593065
P43672	34.60240896
P45395	216.1823494
P45424	96.48804041
P45425	44.09552971
P45464	273.8735801
P45469	72.49949483
P45470	143.9317218
P45523	2761.838161
P45524	4.656032194
P45530	119.7809173
P45531	18.0484825
P45532	23.17983638
P45544	8.463484408
P45552	11.04381381
P45568	54.30705785
P45577	434.0736563
P45578	3425.018423
P45579	423.1784136
P45748	282.6659521
P45771	26.8795923
P45795	157.448887
P45799	348.1339947
P45955	1163.566599
P46022	1.111309849
P46118	74.90572834
P46122	16.02251553
P46130	251.2231681
P46144	0.530821424
P46474	2.394803537
P46837	108.2877428
P46852	318.9310961
P46853	269.8673423
P46854	6.736997237
P46859	103.3857738
P46887	3.138921649
P46888	97.94008436
P46889	0.094904737
P50465	10.65471211
P51020	40.62933913
P51024	213.8443787
P51025	31.58236708
P51981	91.83897804
P52006	10.70679346
P52007	193.5284433
P52037	8.592095193
P52060	59.20748734
P52061	621.2682717
P52062	11.62596034
P52073	2.542111067
P52076	42.94722237
P52096	169.2210279
P52097	5.729987061
P52106	0.105279027
P52108	198.4931805
P52119	45.70169255
P52598	1.901942873
P52643	470.3115817
P52647	1.861506374
P52697	2983.580414
P54746	2.221069956
P55135	6.992217159
P56262	1541.075045
P56614	2.726260093
P58035	4.977211749
P58094	24.93551543
P60240	30.32016272
P60293	7.479066415
P60340	116.6163013
P60390	353.6010345
P60422	36.30535052
P60438	3905.728559
P60472	22.38740278
P60546	220.3014089
P60560	1213.501359
P60595	858.0646178
P60624	1389.968569
P60651	334.3443572
P60664	780.1164001
P60716	529.4040311
P60720	69.19709482
P60723	6752.79097
P60752	1.119429131
P60757	1407.932258
P60785	130.2518757
P60906	494.5362606
P61175	3470.61909
P61316	803.97682
P61320	562.948591
P61517	1881.415915
P61714	6894.40595
P61887	30.55567461
P61889	31874.4513
P61949	1788.723456
P62399	10726.95716
P62601	1.649572542
P62615	67.83673562
P62617	4.821270346
P62620	543.0354108
P62623	366.6710834
P62707	7242.583291
P62768	1986.865642
P63020	2865.311373
P63177	270.1829584
P63224	2848.797638
P63228	783.6297423
P63284	202.4303459
P63386	163.6856928
P63389	3.584415285
P63417	459.6399571
P63883	18.30345213
P64429	0.231423833
P64451	1220.125386
P64455	402.9297727
P64461	20.03808718
P64463	237.8826875
P64467	22.61190485
P64476	64.27125117
P64479	380.8959243
P64483	207.3316172
P64490	24.24962562
P64493	0
P64503	1589.66551
P64506	769.1634806
P64517	6.098164555
P64519	389.8081941
P64534	504.1612516
P64540	873.6657577
P64554	78.13614415
P64559	644.5018283
P64574	0.193178557
P64581	1862.840212
P64588	121.3733453
P64594	1.84281437
P64596	127.8684448
P64599	5.026988857
P64602	342.662113
P64610	23.4657341
P64612	3.487895527
P64614	20.25658896
P64616	74.77917629
P64624	385.1128727
P64636	35.05247081
P64638	9.726862527
P65292	135.8846397
P65367	618.4934873
P65556	221.2078718
P65807	7.751870748
P66817	86.71572953
P66948	208.8483337
P67080	132.5488193
P67087	314.4271257
P67095	523.1589214
P67338	68.42396193
P67430	2.620425501
P67603	825.2674237
P67624	56.41293672
P67660	87.84342536
P67699	94.95732511
P67826	57.98509531
P67910	1554.977406
P68066	1282.150278
P68187	144.5890098
P68191	1734.938713
P68206	620.9734263
P68398	57.45771108
P68567	87.62079654
P68679	1067.870796
P68688	430.250878
P68739	75.29105988
P68767	1.751485268
P68919	7085.30771
P69222	4834.445624
P69228	81.55199257
P69346	68.05701473
P69407	1180.318048
P69411	194.296407
P69425	19.14175177
P69428	10.28162087
P69441	4095.226701
P69451	0.20227831
P69488	289.3985434
P69503	1939.725717
P69506	0.3272832
P69776	428.5857853
P69783	9154.238285
P69786	9.888839606
P69791	8.107905078
P69795	440.7341215
P69797	1174.574486
P69805	0.104046534
P69811	151.7977702
P69822	18.66879146
P69828	8645.747755
P69829	621.6431402
P69853	9.979312558
P69874	211.4593195
P69908	7.619563278
P69910	7.583939281
P69913	572.0118457
P69924	171.277291
P69931	13.56011004
P71298	0.002884811
P75682	108.9035237
P75691	1813.767413
P75694	5120.646453
P75713	76.65261568
P75728	51.12988006
P75736	760.5215554
P75745	81.95841832
P75746	68.58030423
P75767	32.9311092
P75779	23.66634244
P75780	9.855397717
P75782	83.36963857
P75785	0.046137998
P75791	76.60075158
P75792	63.08495181
P75804	95.79635191
P75809	69.74173448
P75817	0.179631399
P75818	299.2678874
P75820	11.36396684
P75821	9.301235487
P75823	332.6292486
P75829	4.723811018
P75838	5.840414836
P75849	764.062446
P75863	69.88278214
P75864	2.598650961
P75867	3.762223535
P75874	1222.87219
P75876	72.04254045
P75913	594.7302579
P75914	63.54325296
P75915	764.2956683
P75931	117.8381745
P75937	54.78291097
P75952	35.14746453
P75954	190.8524352
P75957	301.356345
P75959	56.36939014
P75960	227.2986548
P75974	108.6857198
P75989	4.292776278
P75992	0.268701233
P76002	565.0125989
P76004	350.4243152
P76008	28.02601225
P76014	253.9343363
P76015	619.0983807
P76027	4.406417424
P76034	160.8123479
P76046	8.536369551
P76049	31.67040375
P76053	46.79243624
P76055	205.3577028
P76062	11.13711582
P76073	7.304084257
P76076	6.859741505
P76085	12.48679822
P76097	16.63931808
P76104	11.90801353
P76108	754.7375199
P76112	173.5948814
P76113	335.2800314
P76116	2458.476665
P76121	1.336491057
P76128	229.0691102
P76141	13.2003688
P76142	355.2044339
P76143	237.9928531
P76145	229.9437778
P76149	149.3068471
P76170	1045.178221
P76172	944.0936554
P76176	18.98098593
P76177	1879.46083
P76187	294.2488363
P76190	0.519951568
P76193	247.0419531
P76194	312.4478213
P76206	0.039602421
P76217	1.722943126
P76223	68.68196579
P76227	107.0407051
P76231	155.5456739
P76234	35.26337202
P76243	254.1722887
P76245	1.600338635
P76256	140.2333397
P76268	161.0682919
P76270	889.9926744
P76272	9.649848002
P76273	1.312019297
P76290	140.0910311
P76291	32.47235897
P76316	616.3989958
P76318	2.124667636
P76329	95.15092801
P76340	15.77173427
P76341	763.0427755
P76342	10.05728259
P76346	674.247189
P76372	1.329782567
P76373	22.63545783
P76397	0.045345135
P76402	1232.550645
P76403	60.5830337
P76407	40.20837964
P76422	20.55587443
P76423	1.671885823
P76471	4.385510858
P76491	71.98002761
P76501	54.5427741
P76502	281.9976731
P76503	88.58026542
P76507	0.562486835
P76535	111.5007577
P76536	353.7960794
P76539	41.71966436
P76541	63.70480135
P76549	54.80235584
P76550	180.4373961
P76558	826.4676732
P76561	167.6472044
P76569	1152.951507
P76575	154.8223947
P76576	146.0741255
P76578	43.63996227
P76594	6.84798193
P76621	40.56726536
P76641	2.477349755
P76658	551.2478869
P77148	34.55363461
P77150	62.00728893
P77171	43.2630156
P77181	132.1971158
P77202	151.8868799
P77211	166.8606368
P77212	26.28970033
P77213	40.08686259
P77214	12855.19069
P77221	0.551351611
P77239	1363.313899
P77243	35.64426237
P77245	2.36343957
P77247	444.6334209
P77252	10.63263848
P77258	166.9734571
P77269	8.287688265
P77279	94.34303634
P77285	61.88689952
P77295	89.05605022
P77300	17.87743096
P77302	46.88184351
P77316	5.578978464
P77318	391.1726659
P77348	274.7592266
P77360	3.658322096
P77368	40.00879772
P77376	64.68205623
P77395	1506.567151
P77399	2.824219533
P77425	0.30592104
P77433	6.466841884
P77434	28.1279008
P77444	223.8833764
P77454	269.7144772
P77475	94.97575934
P77488	107.3278737
P77499	392.461427
P77522	53.26584144
P77526	41.47116223
P77529	1.033952838
P77541	111.3212918
P77544	243.6489044
P77552	124.6018025
P77554	188.8425739
P77559	38.67724135
P77561	4.811864723
P77562	41.1752183
P77569	47.34690456
P77570	183.9239364
P77580	136.2218374
P77581	58.9964571
P77588	1.053138765
P77608	5.415990349
P77609	3.872274649
P77611	2.18976714
P77615	28.16477066
P77619	35.69472974
P77625	522.7012365
P77626	14.5146752
P77649	49.0784481
P77667	743.5431855
P77674	212.5356616
P77689	244.2002439
P77690	24.02776681
P77695	2006.082077
P77712	164.272422
P77717	1362.221566
P77718	8.031294095
P77721	47.74617741
P77735	476.4180242
P77737	28.75518796
P77739	170.8523571
P77748	17.28000971
P77754	420.4925719
P77756	80.96338322
P77774	124.1524691
P77775	82.03474479
P77781	627.0960423
P77788	299.4995726
P77791	174.4157368
P77795	17.93324027
P77804	560.9259867
P77806	33.59207088
P77808	3.77937905
P78055	13.93470044
P78067	179.6026118
P80668	21.12847319
Q06065	1.770972453
Q2A0K9	64.34298957
Q2M7R5	1061.5958
Q2M7X4	31.39176893
Q46798	3.419813853
Q46800	4.969631614
Q46801	1.657795484
Q46803	1.961718148
Q46810	7.90000421
Q46822	114.1740582
Q46829	0.137965468
Q46845	893.0461771
Q46851	84.61942482
Q46855	1.037377717
Q46856	573.1102095
Q46857	308.8335837
Q46861	0.090864355
Q46863	123.2576174
Q46864	33.78067136
Q46868	444.4136748
Q46871	198.2466034
Q46891	0.451374711
Q46893	60.05158216
Q46919	113.4764624
Q46920	126.1267965
Q46925	15.335164
Q46927	32.06141743
Q46938	6.490924982
Q46939	39.64876286
Q46948	683.3277394
Q47083	27.72228817
Q47129	4.273142118
Q47146	0.434871311
Q47147	51.97363828
Q47150	151.542257
Q47156	7.324747939
Q47537	0.213356298
Q47622	38.40941984
Q47679	60.96649909
Q47690	225.7326449
Q47710	0
Q57261	132.5316889
Q59385	1531.795661
Q5H772	79.82214006
Q5H776	117.7334725
Q5H777	30.86506032
Q6BF16	5.667480712
Q6BF17	10.69710157
Q7DFV3	0.427585527
Q93K97	191.5663566
