A5A614	8.097664684
A5A621	5.217544937
B8LFD5	19.43502316
D0EX67	69.73347072
D9IX93	675.088785
P00350	4959.99847
P00363	298.3473151
P00370	3467.089719
P00393	4.697319526
P00448	3010.853781
P00452-2	18.28940169
P00490	17.46411285
P00509	3428.241774
P00547	807.4654202
P00561	104.9949466
P00562	47.63005373
P00579	360.4416483
P00582	295.2257888
P00803	16.74521922
P00805	3.260511677
P00811	58.59533062
P00861	408.4769702
P00864	198.9825415
P00887	174.358462
P00888	603.4691021
P00892	136.3580804
P00893	365.0593688
P00894	939.035373
P00895	57.86044876
P00903	81.18465854
P00904	605.8877327
P00909	193.79115
P00926	69.59912607
P00934	4432.766128
P00935	150.2477041
P00944	33.99370231
P00946	876.1566407
P00954	1570.708036
P00956	139.4060928
P00957	1026.778939
P00959	238.854051
P00960	541.430486
P00961	1290.238551
P00962	850.8696308
P00963	620.3968419
P00968	602.389797
P02358	13822.89073
P02359	2373.352227
P02413	1033.552409
P02918	5.908751229
P02919-2	1.564171365
P02924	437.4096878
P02925	9911.041656
P02929	14.83789627
P02930	47.26373214
P02931	242.5622481
P02943	32.3298345
P03004	62.05908119
P03007	1.033368663
P03018	8.938657728
P03023	28.28477114
P03024	56.00684063
P03813	250.0746372
P03817	1546.923076
P03841	2285.461655
P04036	85.22438617
P04079	948.9646163
P04335	8.690286271
P04391	839.7011303
P04425	583.1293309
P04693	858.0685011
P04805	1136.806192
P04816	3608.736866
P04825	129.4936978
P04846	149.6168778
P04949	321.3242437
P04951	568.0695753
P04968	47.70724438
P04982	896.1690954
P04983	50.11144837
P04993	0.109211536
P05020	2467.302894
P05041	34.23147577
P05042	501.2241106
P05050	0.487596841
P05055	3404.154233
P05194	369.5245094
P05458	36.50802391
P05459	295.108787
P05637	84.21661082
P05706	116.0523464
P05707	1.318770353
P05719	7.974768141
P05791	277.0543445
P05793	7778.124029
P05824	0.000691172
P05825	13.87641805
P05827	8.65463965
P05852	138.2032044
P06129	214.0584805
P06149	497.4135562
P06610	1240.868064
P06611	79.86152207
P06612	38.39820524
P06616	171.1850059
P06709	5.888487132
P06710	17.44496807
P06715	432.9569097
P06720	85.36168369
P06721	317.9703877
P06846	3.242366547
P06959	2157.26295
P06960	401.7966991
P06961	50.53958589
P06966	17.36605873
P06968	1838.357856
P06971	15.54724124
P06974	11.99618273
P06983	228.629586
P06986	692.7491646
P06987	351.9117654
P06988	1230.872665
P06989	822.9526807
P06992	133.8131111
P06996	55.00004247
P06999	993.7895031
P07001	25.74758196
P07003	54.50358307
P07004	674.0340104
P07012	918.9216846
P07013	14.57330192
P07014	2667.192795
P07023	55.8993285
P07024	502.5876709
P07026	0.640949291
P07102	16.5226297
P07109	271.4180424
P07118	23.53878611
P07395	1041.772125
P07604	16.4059762
P07623	510.4450701
P07639	432.3967402
P07649	73.17770753
P07650	314.0303776
P07762	59.94055012
P07813	44.55726134
P07821	490.2226458
P07822	46.78729852
P07862	278.492611
P07913	281.1644626
P08142	1733.715982
P08178	1601.779365
P08179	171.5866203
P08191	2.327667064
P08192	76.62339997
P08200	16299.04595
P08244	511.0725568
P08245	269.4076364
P08312	2119.428919
P08331	493.7631158
P08337	2.755878856
P08365	54.47846907
P08368	18.06072507
P08373	72.15406134
P08390	716.9884932
P08394	31.18357491
P08395	1.335962692
P08506	857.4551773
P08622	582.6003834
P08660	58.84761826
P08839	2046.85386
P08956	9.185857469
P08957	118.3287487
P08997	480.045398
P09029	228.2678449
P09030	465.5502084
P09053	15.46900339
P09099	76.60794823
P09126	15.03893309
P09127	9.268372088
P09147	921.6265
P09148	112.5625688
P09151	1737.404779
P09155	14.91499681
P09158	814.8185569
P09169	221.693632
P09184	21.4224051
P09372	4236.61508
P09373	1444.568232
P09394	211.3953371
P09424	1061.569407
P09546	13.52336359
P09549	83.9203388
P09551	6901.211991
P09831	89.90315443
P09832	1399.502429
P09833	14.65790302
P09980	2.663279615
P09996	276.135102
P0A698	43.40064566
P0A6A3	2304.884149
P0A6A6	2039.2577
P0A6A8	20978.15095
P0A6B4	43.27922771
P0A6B7	4088.424414
P0A6C1	50.66264017
P0A6C5	145.8937147
P0A6C8	2192.745731
P0A6D0	544.9333138
P0A6D3	631.886525
P0A6D7	1239.45861
P0A6E1	692.5138036
P0A6E4	2952.36595
P0A6E6	6767.771357
P0A6E9	27.30570358
P0A6F1	4218.294475
P0A6F3	679.6420434
P0A6F5	14339.42574
P0A6F9	12033.16739
P0A6G3	135.6011802
P0A6G7	1245.557127
P0A6H1	1433.999106
P0A6H5	1020.369641
P0A6I0	865.6049659
P0A6I3	45.27236812
P0A6I6	232.2269252
P0A6I9	61.04192953
P0A6J1	353.8716158
P0A6J5	239.5128423
P0A6J8	315.7039755
P0A6K1	257.0490606
P0A6K3	818.9111113
P0A6K6	1340.155017
P0A6L0	669.3991184
P0A6L2	2412.411933
P0A6L4	144.350151
P0A6L9	452.6078666
P0A6M4	88.27125964
P0A6M8	10558.79478
P0A6N4	4002.309371
P0A6N8	1701.848064
P0A6P1	7469.358563
P0A6P5	167.1139457
P0A6P7	762.4577958
P0A6P9	11792.9304
P0A6Q3	5720.508627
P0A6Q6	1067.972537
P0A6R0	1276.946687
P0A6R3	2166.447619
P0A6S7	1011.00807
P0A6T1	117.6935625
P0A6T3	505.6600985
P0A6T5	2322.382221
P0A6T9	870.9615168
P0A6U3	95.99511182
P0A6U5	189.8527679
P0A6U8	3.810044025
P0A6V1	45.69028083
P0A6V5	162.362579
P0A6V8	241.4029172
P0A6W0	4.013664658
P0A6W5	1977.168024
P0A6W9	19.57207013
P0A6X1	37.9992795
P0A6X3	34.18190147
P0A6X7	2881.777789
P0A6Y1	3616.721755
P0A6Y5	666.5665302
P0A6Y8	7511.275263
P0A6Z1	509.890314
P0A6Z3	1711.000496
P0A6Z6	277.8208828
P0A705	106.1098531
P0A707	1516.418231
P0A715	2762.577613
P0A717	3990.748502
P0A720	76.98052099
P0A722	340.8342467
P0A725	100.7177251
P0A729	1321.220744
P0A731	1711.636429
P0A734	1195.295329
P0A738	271.2383615
P0A744	766.2895906
P0A746	3535.051735
P0A749	464.0883002
P0A752	4.164818973
P0A754	6.13081056
P0A756	78.23493743
P0A759	1463.681892
P0A761	142.6730152
P0A763	16389.10863
P0A776	75.73207058
P0A780	774.3253219
P0A784	387.5058077
P0A786	10924.28324
P0A790	764.0728371
P0A794	715.7686833
P0A796	1498.385219
P0A799	13600.67781
P0A7A2	270.8456041
P0A7A5	158.1963631
P0A7A7	19.87760116
P0A7A9	1892.74672
P0A7B1	0.772948888
P0A7B3	75.83075698
P0A7B5	273.8912133
P0A7B8	68.51600633
P0A7C2	232.7132633
P0A7C6	450.9256653
P0A7D1	400.5568979
P0A7D4	4279.553714
P0A7D7	4881.624124
P0A7E1	810.6822531
P0A7E3	144.7259745
P0A7E5	699.6149835
P0A7E9	1914.317067
P0A7F3	10837.5336
P0A7F6	827.8305655
P0A7F9	140.7163296
P0A7G2	1673.283821
P0A7G6	932.2805432
P0A7H0	12.37037547
P0A7H6	44.09934853
P0A7I0	58.64041879
P0A7I4	376.1151112
P0A7I7	287.1012558
P0A7J0	320.6923324
P0A7J3	4662.992051
P0A7J7	4714.351943
P0A7K2	7728.637689
P0A7K6	1321.68823
P0A7L0	6088.400745
P0A7L3	226.3028137
P0A7L8	576.1117969
P0A7M2	565.369417
P0A7M6	10406.35095
P0A7M9	6528.723083
P0A7N1	2.983913311
P0A7N4	846.5127535
P0A7N9	935.5553039
P0A7Q6	115.8187155
P0A7R1	7835.0215
P0A7R5	9991.262021
P0A7R9	233.693099
P0A7S3	165.1830197
P0A7S9	2128.880157
P0A7T3	12493.62329
P0A7T7	2997.106097
P0A7U3	667.8406127
P0A7U7	438.2288866
P0A7V0	9112.013826
P0A7V3	358.2828143
P0A7V8	419.3754056
P0A7W1	9753.18216
P0A7W7	5702.816946
P0A7X3	266.9817329
P0A7X6	1047.307946
P0A7Y0	366.4307115
P0A7Y4	141.3746494
P0A7Z0	3568.18453
P0A7Z4	6378.519206
P0A800	3139.491014
P0A805	3264.427909
P0A809	72.62959933
P0A812	103.5747421
P0A817	4790.532165
P0A821	41.58766168
P0A823	51.34181314
P0A825	11212.01835
P0A832	6.681002405
P0A836	6206.971983
P0A840	194.6843408
P0A847	341.0813093
P0A850	6856.833909
P0A853	1035.644878
P0A855	2261.498339
P0A858	7766.394436
P0A862	21806.12204
P0A867	816.0356014
P0A870	6299.31525
P0A873	86.94673874
P0A877	2913.422885
P0A879	2161.086929
P0A881	475.3199473
P0A884	208.5929529
P0A887	862.8765124
P0A890	177.4319419
P0A894	246.2349931
P0A898	991.2376696
P0A8A0	942.8405199
P0A8A2	660.3705243
P0A8A4	250.9753952
P0A8A8	661.7569386
P0A8B2	8.636651539
P0A8B5	3084.077845
P0A8C1	183.6603371
P0A8C4	1374.802047
P0A8D0	276.0634967
P0A8D3	187.3614009
P0A8D6	228.7810853
P0A8E1	843.7340362
P0A8E5	115.9269022
P0A8E7	3659.635928
P0A8F0	10063.92524
P0A8F4	431.0476594
P0A8F8	8.805522477
P0A8G3	40.10125146
P0A8G6	6549.875083
P0A8G9	1320.751541
P0A8H6	624.4911839
P0A8H8	384.3496998
P0A8I1	0.738760949
P0A8I3	437.1687455
P0A8I5	443.248675
P0A8I8	357.4727481
P0A8J2	149.5632215
P0A8J4	2810.790698
P0A8J8	244.3001812
P0A8K1	444.9936468
P0A8K5	837.6432557
P0A8L1	1492.589794
P0A8L7	84.09920598
P0A8M0	1580.393726
P0A8M3	187.676822
P0A8M6	8077.620911
P0A8N0	217.084086
P0A8N3	1216.807074
P0A8N5	150.1099512
P0A8N7	20.12678733
P0A8P3	2576.989646
P0A8P6	11.86067818
P0A8R0	1450.9905
P0A8R4	429.6490851
P0A8R9	156.4129071
P0A8S1	282.7558225
P0A8T1	62.31431191
P0A8T7	258.5910365
P0A8U0	99.17210062
P0A8U6	1759.083657
P0A8V0	236.37084
P0A8V2	1376.243395
P0A8V6	229.3661235
P0A8W0	57.16593602
P0A8W2	491.5586445
P0A8W5	416.4665844
P0A8W8	1088.86431
P0A8X0	464.7458382
P0A8X2	1049.805758
P0A8Y1	39.83402173
P0A8Y3	612.9206215
P0A8Y5	217.1898151
P0A8Y8	1.194591461
P0A8Z0	45.03595931
P0A8Z3	134.5878311
P0A8Z7	144.776373
P0A901	51.90637842
P0A903	44.12072656
P0A905	381.1940955
P0A908	108.265065
P0A910	1477.890428
P0A912	131.4988352
P0A915	31.86478276
P0A917	186.9711162
P0A927	249.0390014
P0A935	79.04446755
P0A940	939.0109532
P0A944	36.21984196
P0A948	89.58487019
P0A951	183.0940979
P0A953	10430.00109
P0A955	3531.943375
P0A959	173.4618729
P0A962	312.7622705
P0A964	72.18745172
P0A968	5353.996996
P0A972	8143.21233
P0A978	47.99594118
P0A988	398.9526717
P0A991	80.66016125
P0A993	640.6627827
P0A996	1.696679016
P0A998	134.0005095
P0A9A2	0.461290735
P0A9A6	2837.511465
P0A9A9	2587.111358
P0A9B2	15492.95608
P0A9B6	113.9985172
P0A9C0	12.10295654
P0A9C3	1193.481132
P0A9C5	5103.451161
P0A9C9	132.0106502
P0A9D2	1163.698663
P0A9D4	173.4214349
P0A9D8	3489.264412
P0A9E5	457.0199468
P0A9F1	64.59925848
P0A9F3	320.0497952
P0A9F6	23.06094058
P0A9F9	77.10399928
P0A9G4	89.74417322
P0A9G6	29937.56253
P0A9G8	78.91378122
P0A9H1	277.7781312
P0A9H5	104.2119734
P0A9H7	58.37700634
P0A9H9	29.0212399
P0A9I3	111.9822626
P0A9I8	15.1334507
P0A9J0	18.32693711
P0A9J4	16.63010401
P0A9J6	654.9644975
P0A9J8	1046.536277
P0A9K3	1031.534867
P0A9K7	13.70737478
P0A9K9	9170.569851
P0A9L3	2568.215033
P0A9L5	1469.297518
P0A9L8	1220.057286
P0A9M0	407.4314925
P0A9M2	549.3132345
P0A9M5	2703.857831
P0A9M8	851.0317251
P0A9N4	129.2665028
P0A9P0	6802.881915
P0A9P4	1389.954934
P0A9P6	206.3335249
P0A9P9	500.1165891
P0A9Q1	2456.533416
P0A9Q5	1044.64595
P0A9Q7	1182.828103
P0A9Q9	7281.926936
P0A9R4	1872.843165
P0A9R7	536.2293679
P0A9S1	222.0098956
P0A9S3	1862.006911
P0A9S5	195.9125138
P0A9S7	537.5026176
P0A9T0	1749.775865
P0A9T4	661.080851
P0A9T6	134.979129
P0A9T8	209.9709222
P0A9U3	202.1858501
P0A9U6	53.36282717
P0A9V1	503.7804315
P0A9V5	2.463696688
P0A9V8	0.764869065
P0A9W0	40.00184352
P0A9W3	1241.024001
P0A9W6	515.6664107
P0A9W9	132.0068064
P0A9X1	4.835567817
P0A9X4	2515.71097
P0A9X9	1100.362717
P0A9Y6	12973.6217
P0A9Z1	2097.582156
P0AA04	10144.03695
P0AA10	7409.255533
P0AA16	1651.04862
P0AA25	8086.559281
P0AA31	4546.958098
P0AA37	98.53219443
P0AA39	12.02595919
P0AA41	40.64483517
P0AA43	1126.739552
P0AA57	172.9962531
P0AA91	36.85784159
P0AA95	53.96565841
P0AA97	23.07540261
P0AA99	76.77281148
P0AAA1	8.166257937
P0AAA9	33.81859216
P0AAB4	23.53948977
P0AAB6	2822.321344
P0AAB8	251.9725503
P0AAC0	950.0363303
P0AAC8	936.45795
P0AAD6	0.258946164
P0AAF6	608.547314
P0AAG0	182.1055137
P0AAG3	180.9743677
P0AAG8	90.44729015
P0AAH0	39.01380054
P0AAH4	12.82760127
P0AAH8	54.00295076
P0AAI3	7.439400248
P0AAI5	1276.206804
P0AAI9	4305.781415
P0AAJ5	3.084661493
P0AAJ8	41.96227439
P0AAN1	27.37686619
P0AAN3	5.555814219
P0AAN5	524.5177837
P0AAN9	1821.72747
P0AAP3	376.3427852
P0AAQ2	271.1285221
P0AAQ6	68.95905166
P0AAR3	223.0062208
P0AAR8	36.65518658
P0AAS7	945.1802681
P0AAS9	356.2929724
P0AAT2	55.76429606
P0AAT6	646.9597125
P0AAT9	500.361985
P0AAU7	14.57444463
P0AAV4	278.989233
P0AAV6	787.9544594
P0AAW1	0.375349078
P0AAX3	145.7140585
P0AAX6	5370.063874
P0AAX8	1875.925341
P0AAZ4	38.38746382
P0AAZ7	959.4999635
P0AB10	0.36464247
P0AB14	1851.466651
P0AB18	446.1544403
P0AB20	0.33438454
P0AB24	458.3727329
P0AB26	0.838934778
P0AB28	739.7150505
P0AB35	0.768183894
P0AB38	67.97678475
P0AB40	59.61071899
P0AB43	322.5927117
P0AB46	4.070655724
P0AB52	2187.749907
P0AB55	1415.901413
P0AB58	4.021361093
P0AB61	510.9186228
P0AB65	281.1074515
P0AB67	47.87986651
P0AB71	9380.942272
P0AB77	209.7369504
P0AB80	1170.637527
P0AB83	133.005604
P0AB87	21.12959927
P0AB89	628.7215083
P0AB91	2604.365517
P0AB96	104.0452636
P0ABA0	32.17160761
P0ABA4	3533.860437
P0ABA6	3164.9672
P0ABB0	11419.91642
P0ABB4	12246.3401
P0ABC3	28.41460282
P0ABC7	642.8268743
P0ABD3	268.0404305
P0ABD5	1819.098955
P0ABD8	2066.34921
P0ABE2	1270.368193
P0ABF1	23.84889554
P0ABF4	4.490106508
P0ABF6	464.6117803
P0ABH0	580.7034844
P0ABH7	5141.613419
P0ABH9	281.1265267
P0ABJ1	81.92386549
P0ABJ9	5.445178342
P0ABK5	22325.19502
P0ABP8	52.11775539
P0ABQ0	48.44758908
P0ABQ2	268.0350012
P0ABQ4	509.5921428
P0ABR1	117.414256
P0ABS1	3575.865723
P0ABS5	13.54683232
P0ABT2	725.5376958
P0ABT5	15.95075293
P0ABU0	302.500434
P0ABU2	1699.598119
P0ABU5	1849.247699
P0ABV2	42.30960006
P0ABY4	74.61633434
P0ABZ1	10.11166833
P0ABZ4	347.3656422
P0ABZ6	1813.000597
P0AC00	0.106474216
P0AC02	376.3838968
P0AC13	141.2032776
P0AC19	922.9210766
P0AC28	15.95519605
P0AC33	2136.701801
P0AC38	1064.51838
P0AC41	2676.92632
P0AC47	644.8676006
P0AC51	317.9604045
P0AC53	512.5402909
P0AC55	691.1533635
P0AC59	1602.014963
P0AC62	2861.192286
P0AC65	19.29397677
P0AC69	4638.72418
P0AC75	1.359627436
P0AC81	591.9511611
P0AC84	186.7104382
P0AC92	32.48272071
P0ACA1	206.214355
P0ACA3	2318.755241
P0ACA7	1645.142361
P0ACB0	129.9612701
P0ACB2	511.9167846
P0ACB4	438.7435727
P0ACC1	2.325647156
P0ACC3	1322.048746
P0ACC7	464.1253493
P0ACD4	6317.209458
P0ACE0	3.741653618
P0ACE3	369.5155899
P0ACE7	2231.349042
P0ACF0	23715.52775
P0ACF4	10284.6816
P0ACF8	15367.97802
P0ACG1	2288.737703
P0ACG8	11.22697369
P0ACI0	78.20146648
P0ACI3	7.416367312
P0ACI6	14.27051647
P0ACJ0	4217.273659
P0ACJ8	2623.373102
P0ACK2	27.43598226
P0ACK5	105.730013
P0ACK8	105.4703417
P0ACL0	78.76611423
P0ACL2	55.60605519
P0ACL5	36.61087857
P0ACL7	11.29681084
P0ACL9	394.645644
P0ACM2	50.29689447
P0ACM5	76.28806921
P0ACM9	2.634818823
P0ACN2	29.38366656
P0ACN4	302.9364181
P0ACN7	53.76377147
P0ACP1	115.2069184
P0ACP5	187.2234721
P0ACP7	611.8498532
P0ACQ4	154.4816049
P0ACR4	48.07802555
P0ACR9	906.1865615
P0ACS2	20.65829078
P0ACS5	48.10884376
P0ACS7	24.85087346
P0ACT6	243.1026983
P0ACU7	612.5930335
P0ACV0	1.170971732
P0ACV6	212.1578739
P0ACV8	509.3156738
P0ACW6	383.1925823
P0ACX3	972.6763947
P0ACX5	62.78143933
P0ACY1	1717.663697
P0ACY3	149.4854484
P0ACY9	117.8578177
P0ACZ4	53.98438798
P0ACZ8	417.2981874
P0AD05	404.7337789
P0AD07	490.7198896
P0AD10	240.0684355
P0AD12	451.166143
P0AD21	88.4554954
P0AD24	732.9448405
P0AD27	2.024976297
P0AD33	659.4794953
P0AD37	1.419773693
P0AD40	64.03254085
P0AD49	2923.415937
P0AD53	53.66235632
P0AD57	135.9961576
P0AD59	2126.995645
P0AD61	2418.90916
P0AD65	2.969923403
P0AD68	7.409639161
P0AD70	29.96831233
P0AD96	24296.81787
P0ADA1	266.295511
P0ADA3	65.1064897
P0ADA5	748.6230874
P0ADB1	565.5634176
P0ADB7	7.85542374
P0ADC1	30.31379898
P0ADC8	7.800512024
P0ADE4	2.569653
P0ADE6	2457.406779
P0ADE8	1888.295472
P0ADF6	46.01593658
P0ADF8	2634.915144
P0ADG4	1093.191733
P0ADG7	982.5306885
P0ADI4	156.1018612
P0ADI7	372.2895512
P0ADK0	136.6789029
P0ADK6	8.173347505
P0ADK8	520.4565194
P0ADM4	14.13315618
P0ADN2	4087.569043
P0ADN6	173.792652
P0ADP0	204.2634886
P0ADP2	106.5916995
P0ADP9	1498.07634
P0ADQ2	98.31745197
P0ADQ7	683.9479356
P0ADR6	43.98963249
P0ADR8	7.719181856
P0ADS2	355.6746613
P0ADS6	149.7636481
P0ADS9	183.100806
P0ADT2	0.344805465
P0ADT5	284.1464156
P0ADT8	51.06050175
P0ADU2	658.1692473
P0ADU5	1700.735041
P0ADU7	16.45959754
P0ADV1	1020.779509
P0ADV5	28.25614486
P0ADV7	60.28205815
P0ADW3	12.6120977
P0ADW8	547.1224423
P0ADX1	320.1007309
P0ADX5	121.0164297
P0ADX7	761.6037743
P0ADX9	60.21004644
P0ADY1	26.64781529
P0ADY3	1628.106228
P0ADY7	624.2485687
P0ADZ0	838.3453485
P0ADZ4	6223.672396
P0ADZ7	8.264249112
P0AE01	479.4557885
P0AE06	56.39366616
P0AE08	20288.22826
P0AE12	313.7867826
P0AE18	1202.155406
P0AE22	331.9459574
P0AE28	236.1752772
P0AE39	25.03175696
P0AE48	748.5815997
P0AE52	2685.591304
P0AE60	69.3132514
P0AE63	552.1542541
P0AE67	154.2509044
P0AE70	137.9483867
P0AE72	32.90639461
P0AE76	19.56528794
P0AE78	217.2834731
P0AE85	226.7266806
P0AE88	1078.843956
P0AE91	403.9563414
P0AEA2	0.326323687
P0AEA8	79.74283101
P0AEB2	961.7105748
P0AEB7	3925.677462
P0AEC3	79.86293885
P0AED0	15984.85182
P0AED5	42.65751802
P0AED7	197.0678077
P0AED9	23.1404219
P0AEE1	171.5634299
P0AEE5	10434.33992
P0AEE8	0.352750617
P0AEF0	38.09439287
P0AEF4	8.338202825
P0AEF8	4.455763693
P0AEG4	2351.699819
P0AEG6	628.5547945
P0AEH3	115.3297601
P0AEH5	2358.245651
P0AEI1	263.1823683
P0AEI4	139.4389965
P0AEI6	286.452217
P0AEJ2	155.4929923
P0AEK0	47.06979306
P0AEK2	2908.247634
P0AEK4	4411.245097
P0AEL3	4.284958203
P0AEL6	148.9440284
P0AEM0	929.8742701
P0AEM4	371.9422667
P0AEM6	30.68982689
P0AEM9	2526.127344
P0AEN1	372.5905461
P0AEN8	51.13160605
P0AEP3	2196.737695
P0AEQ1	10.19817678
P0AEQ3	6637.840483
P0AES0	7.232660186
P0AES2	23.00443198
P0AES4	50.93271809
P0AES6	409.9266917
P0AES9	11484.90427
P0AET2	3025.941917
P0AET8	501.9316144
P0AEU0	4224.902635
P0AEU7	3762.916836
P0AEV1	0
P0AEW4	277.8437731
P0AEW6	44.7017618
P0AEW9	33.37469645
P0AEX5	179.0742016
P0AEX9	1699.519363
P0AEY3	14.75749714
P0AEY5	186.9077528
P0AEY8	2.120908347
P0AEZ1	1746.2307
P0AEZ3	1963.811932
P0AEZ9	348.8451493
P0AF03	430.1728113
P0AF08	636.6611588
P0AF12	1908.049902
P0AF18	99.87172376
P0AF20	15.56511601
P0AF24	588.1611642
P0AF28	486.8188817
P0AF36	5987.991215
P0AF48	61.77001427
P0AF50	630.630502
P0AF56	72.30277936
P0AF59	0.005017875
P0AF63	77.28023625
P0AF67	707.0926299
P0AF70	178.7215508
P0AF82	3.492858348
P0AF90	5016.514973
P0AF93	14307.90138
P0AF96	16618.59682
P0AFB5	46.01810603
P0AFB8	28.22324509
P0AFC0	15.29588429
P0AFC7	1026.78145
P0AFD1	1115.876257
P0AFD6	280.2639791
P0AFF6	1884.185539
P0AFG0	3533.73919
P0AFG3	1026.688153
P0AFG6	411.3878973
P0AFG8	2943.656912
P0AFH0	33.33893149
P0AFH8	1748.106806
P0AFI2	8.759598784
P0AFI5	22.52943175
P0AFI7	637.9301544
P0AFJ1	399.6736386
P0AFJ5	170.3756644
P0AFK0	740.5963413
P0AFK9	1097.998291
P0AFL3	2639.670027
P0AFL6	8.632325985
P0AFM2	401.5049658
P0AFM4	239.1105202
P0AFM6	759.2964626
P0AFP4	53.27337599
P0AFP6	111.1543488
P0AFQ7	107.1422462
P0AFR0	0
P0AFR4	873.4935665
P0AFS3	107.4828587
P0AFT5	132.66272
P0AFU4	10.91886586
P0AFU8	477.8189256
P0AFV4	84.83385532
P0AFW0	170.7710454
P0AFW2	124.6096817
P0AFW4	1064.300715
P0AFW8	347.2859137
P0AFX0	2891.4091
P0AFX4	418.3380059
P0AFX7	245.5802859
P0AFX9	153.1511781
P0AFY8	705.5525228
P0AFZ1	391.7319163
P0AFZ3	351.5146536
P0AG07	232.3894643
P0AG16	129.2526118
P0AG18	2143.819738
P0AG20	1.996723366
P0AG27	7.425942947
P0AG30	1948.960607
P0AG40	38.65191396
P0AG44	931.0317601
P0AG48	5163.270415
P0AG51	5229.115618
P0AG55	10756.8819
P0AG59	9.170403015
P0AG63	5146.327024
P0AG67	10638.81119
P0AG76	82.46451713
P0AG78	48.71351709
P0AG80	867.4221596
P0AG82	96.50887195
P0AG84	180.309399
P0AG86	7886.04616
P0AG90	0.067830821
P0AG99	58.4229333
P0AGA6	87.71545718
P0AGB0	22.09952191
P0AGB6	222.5342672
P0AGC3	155.7679816
P0AGD1	528.4345792
P0AGD3	2430.726492
P0AGD7	100.0124484
P0AGE0	935.0147843
P0AGE6	908.6481081
P0AGE9	8832.289319
P0AGF2	189.8384283
P0AGG0	9.13049885
P0AGG2	359.6781658
P0AGG4	461.6847241
P0AGG8	451.7377629
P0AGI8	100.3124054
P0AGJ2	23.89031121
P0AGJ5	582.2557289
P0AGJ7	111.058242
P0AGJ9	402.3402069
P0AGK4	2650.247468
P0AGK8	1873.234471
P0AGL5	14.33937767
P0AGL7	152.9762423
P0C018	3551.837919
P0C037	1553.887208
P0C054	420.6976589
P0C058	801.4279689
P0C066	61.19395455
P0C079	287.639137
P0C093	43.72308591
P0C0K3	31.04876955
P0C0L2	4078.808326
P0C0L9	1556.27616
P0C0R7	187.7009305
P0C0T5	20.67043329
P0C0U4	45.20521385
P0C0V0	1315.145022
P0C8J6	13733.96297
P0C8J8	3264.567733
P0C8K0	20.66491022
P0C960	223.475528
P0CB39	2.490514509
P0CE47	44078.76978
P0CE49	72.23904265
P0CE60	44.62951634
P0CF40	15.53175907
P0CG19	15.74605298
P10100	150.0612567
P10121	908.5927641
P10346	312.8886443
P10371	601.2984676
P10378	9.335874014
P10384	13.12933725
P10408	207.383037
P10423	0.146477818
P10441	24.87243801
P10442	79.28448904
P10443	2.202629636
P10902	0
P10907	55.34414014
P10908	42.18279365
P11349	0.450941075
P11446	1996.373731
P11447	544.0561026
P11458	124.3873526
P11557	0.410134499
P11875	476.3511282
P11880	87.51786253
P12008	658.2062009
P12281	296.9356387
P12282	24.31972386
P12295	133.4624017
P12758	1055.388902
P12994	714.4190899
P12995	71.7799565
P12996	120.7904174
P12998	42.52827892
P12999	0.922825315
P13000	442.0222415
P13001	82.98353004
P13009	105.8808623
P13016	99.85684105
P13024	96.87122597
P13029	831.4541764
P13033	6.280083108
P13035	162.2657543
P13036	1.43633265
P13039	7.241257579
P13445	29.2416943
P13458	1.920656362
P13482	408.4324826
P13656	1.528856686
P13669	19.19661533
P13857	44.04780714
P14081	114.9696311
P14175	75.62614573
P14294	1.479815106
P14407	7.710220702
P14900	847.2424184
P15028	5.028763439
P15031	6.362718507
P15034	296.9006729
P15038	8.97560306
P15042	105.6187295
P15047	43.32660269
P15078	9.715274724
P15082	84.73483334
P15254	176.2217691
P15288	2261.086052
P15373	235.518919
P15639	1375.648521
P15640	909.2645041
P15770	154.9796054
P15877	5.77255834
P16095	163.2297278
P16384	43.22497762
P16456	476.1661316
P16525	6.763162629
P16528	19.5716594
P16659	2207.326512
P16676	492.7027347
P16681	372.1884537
P16691	181.697613
P16692	28.49207773
P16700	3082.836282
P16703	1387.556833
P16926	12.4278151
P17109	1.891507897
P17115	56.56787365
P17117	605.1338872
P17169	410.5162232
P17315	108.6850924
P17443	38.8675235
P17445	174.2731332
P17846	1179.711538
P17854	1056.086998
P17888	0
P17952	247.0724638
P17993	760.4981314
P18133	81.9572936
P18196	121.2083169
P18335	1838.270142
P18390	474.8732984
P18393	73.11992851
P18843	1876.018668
P18956	208.2577102
P19624	84.1818822
P19636	60.72593913
P19926	1811.653843
P20083	19.28900922
P20099	25.68566827
P20605	144.9876135
P21151	744.971376
P21156	1699.173463
P21165	736.4116957
P21169	28.84598956
P21170	372.4585369
P21177	28.31893722
P21179	187.5782679
P21338	264.4066476
P21361	0.75035703
P21362	313.9772057
P21363	390.9432433
P21367	1467.196818
P21369	67.18423798
P21420	36.90029162
P21499	9.539792041
P21507	122.9830205
P21513	314.8924396
P21515	39.42091866
P21599	1382.22414
P21645	639.6427381
P21693	2.241356035
P21829	226.2208274
P21866	14.64168628
P21888	462.9033361
P21889	913.1567232
P21893	12.55574174
P22106	139.7878826
P22186	78.41951386
P22188	230.7609425
P22255	885.6906041
P22256	217.0713147
P22259	6687.98365
P22333	480.3291012
P22523	3.604849465
P22524	268.2359083
P22525	19.62760933
P22564	295.9046084
P22634	250.3646619
P22731	562.4804196
P22939	352.6923903
P23003	88.59032512
P23305	11.42825829
P23331	224.4906296
P23367	52.06431679
P23485	7.886089174
P23522	45.18916066
P23538	1075.259746
P23721	4279.970687
P23827	260.593412
P23830	27.57647538
P23836	1530.466781
P23839	426.948982
P23840	5.206294398
P23843	5986.39571
P23845	66.9621949
P23847	10671.61644
P23857	1796.055757
P23862	5.500099123
P23865	616.5142955
P23869	4617.803217
P23871	93.97949209
P23882	496.3534719
P23883	12.75531968
P23893	1078.055483
P23894	17.03966684
P23908	722.7814164
P23909	17.43460075
P23917	243.7765953
P24171	130.6616783
P24173	32.07081516
P24178	586.3801114
P24182	825.4241871
P24186	940.184844
P24188	33.29764583
P24197	93.03896525
P24202	104.7471374
P24203	118.5397639
P24205	0.741162677
P24215	287.0664105
P24224	63.67882125
P24228	78.84194249
P24230	1.042081098
P24232	168.1631732
P24242	44.31430181
P24251	732.8406369
P24252	56.80847951
P24255	128.7417807
P24554	32.41356927
P25397	127.6078157
P25437	790.5294867
P25516	285.2232567
P25519	57.84675941
P25522	202.1170774
P25524	89.9771365
P25526	405.9269866
P25534	54.48347883
P25535	21.90700879
P25536	77.23530009
P25539	85.88327189
P25553	8361.069699
P25665	5426.792868
P25718	3.453079294
P25738	4071.344993
P25740	15.11205551
P25745	543.4345042
P25746	64.21002444
P25748	17.81004893
P25894	165.1990738
P25906	672.8075839
P26281	227.5994598
P26365	77.61450748
P26602	131.5240057
P26612	33.73408431
P26616	909.0115876
P26646	356.5317838
P26648	102.7849385
P26649	14.00282584
P27238	71.29777025
P27247	3.062616805
P27248	570.3644361
P27249	1.01979364
P27250	82.49867402
P27278	58.58995139
P27298	226.7943773
P27302	2742.697621
P27305	69.25497151
P27306	1353.996734
P27431	653.3310727
P27434	20.17013934
P27550	921.5545635
P27828	108.1927914
P27829	72.186347
P27830	67.655583
P27832	19.19144606
P27833	20.25964376
P27836	14.23700214
P27838	414.1140519
P27848	276.5965854
P27859	22.52534305
P27862	77.49342723
P28248	430.3928156
P28304	837.3692665
P28305	14.33144267
P28631	0
P28632	196.1706926
P28634	82.30479957
P28635	706.8050989
P28861	349.2206717
P28903	12.4447787
P28904	28.75718408
P28905	112.3326627
P29012	82.06713212
P29013	3.129846661
P29018	7.888338105
P29131	1.196258527
P29208	59.15952546
P29217	233.5632412
P29680	110.4229917
P29745	435.1956484
P30011	309.5959391
P30014	118.1432932
P30125	3279.501678
P30126	4381.309456
P30128	57.60650421
P30147	0.284753856
P30177	858.1154095
P30178	809.8515396
P30744	116.7140522
P30748	578.8677576
P30749	513.0555631
P30750	170.8836723
P30843	154.0367497
P30850	445.823209
P30859	3235.665256
P30860	3494.504603
P30863	189.8576825
P30864	21.07492335
P30871	16.8952767
P30958	116.390636
P31057	114.5145255
P31060	1.87225997
P31063	83.41248622
P31069	18.93013596
P31120	957.7550436
P31130	441.392511
P31131	44.53505547
P31133	1621.281595
P31134	73.52044342
P31142	912.4314313
P31441	33.05739853
P31455	50.6042538
P31459	0.995433577
P31460	81.50457767
P31467	1.319037053
P31473	1.36967542
P31475	39.11757671
P31545	5.495770278
P31550	98.82786692
P31551	16.05818682
P31554	80.9807767
P31600	0
P31658	1267.745916
P31660	23.71866075
P31663	958.7983052
P31677	169.3566312
P31678	26.31222623
P31697	4.070455833
P31802	179.159304
P31806	76.44273594
P31808	56.6015107
P31825	28.16467426
P31827	5.074919233
P31828	30.83610027
P31979	194.3148522
P31992	57.56955905
P32099	95.20916098
P32125	21.72991504
P32131	9.430960486
P32132	852.0463763
P32134	11.57181805
P32141	13.20140481
P32144	56.90647873
P32157	146.7207002
P32160	19.8617555
P32162	648.4548179
P32173	92.70003099
P32176	8.065968903
P32177	42.24357958
P32662	698.525282
P32664	96.13862012
P32677	0.60415916
P32680	161.8136988
P32684	10.89408498
P32685	36.51031286
P32695	282.3331128
P32705	0.198960055
P33012	384.7523418
P33014	4975.625905
P33015	0.439621268
P33018	467.736085
P33025	73.34841949
P33029	1.377763747
P33030	65.31866948
P33136	1277.261704
P33195	35.72114986
P33218	202.8125263
P33219	2316.412558
P33221	184.6861126
P33232	455.7192505
P33355	27.25135611
P33360	116.0993602
P33362	518.9083621
P33363	272.8380013
P33368	76.80040037
P33371	19.38782045
P33570	564.5847507
P33599	27.48509181
P33602	332.4020041
P33643	422.9799872
P33644	67.5634756
P33667	5.88512138
P33913	16.39692381
P33920	65.7848484
P33937	0.90567173
P33940	35.62325961
P34209	499.314748
P35340	1030.591858
P36548	24.57653951
P36553	54.00176207
P36562	136.6305984
P36566	10.51589717
P36649	1070.209769
P36659	120.2767969
P36667	9.775910122
P36672	1.63805311
P36673	34.96556155
P36680	38.28243643
P36683	6069.312986
P36767	348.0600472
P36771	81.30692467
P36879	260.670971
P36928	10.25616367
P36929	6.578193185
P36930	19.53343722
P36938	1082.779902
P36979	87.00227888
P36995	2.168979176
P36999	41.77614459
P37005	71.13675616
P37028	12.73735182
P37051	749.9272962
P37052	105.4616825
P37095	275.519922
P37127	0.597373401
P37128	178.6514671
P37146	1.527797833
P37177	6.899018441
P37182	34.51796932
P37188	18508.26268
P37194	169.7711147
P37313	209.3333068
P37325	4.430698339
P37329	952.0165295
P37330	865.7858212
P37338	7.237715395
P37339	42.80806196
P37344	57.22507274
P37348	0.830317258
P37349	125.3122201
P37351	64.86991347
P37387	383.864653
P37440	419.8661103
P37590	550.8696312
P37595	190.8839611
P37610	0.283564125
P37613	122.2421258
P37626	1.463152387
P37631	13.04620176
P37634	620.5344067
P37636	1.333427175
P37642	2.852572119
P37645	7.403900697
P37647	304.3382462
P37648	185.1684853
P37659	0
P37661	61.37170722
P37665	6.491763883
P37666	1678.25478
P37671	106.2282329
P37676	6.53089662
P37678	3.654354531
P37685	143.624572
P37689	912.92931
P37690	12.29615135
P37691	51.34439342
P37692	192.9370191
P37744	900.4115463
P37745	548.0825355
P37747	1143.545762
P37749	6.748376174
P37757	130.2455764
P37759	910.9982876
P37760	752.0891618
P37765	12.19690777
P37767	46.35074323
P37769	42.64834472
P37773	187.693349
P37774	218.1563829
P37794	10.20882034
P37902	3805.338658
P37903	3010.032528
P38038	1117.151824
P38051	0.044487267
P38104	6.151791099
P38105	0.88580062
P38489	2232.701697
P38506	19.71555857
P38521	1691.566341
P38684	1.905063344
P39099	478.3036243
P39160	121.7041033
P39161	238.8781327
P39172	409.610353
P39173	1454.013285
P39176	105.7300805
P39177	1601.421345
P39180	140.210339
P39187	81.67868184
P39199	308.3446024
P39208	16.2858576
P39265	121.6134098
P39280	24.38566906
P39286	174.9785831
P39310	29.63842623
P39315	234.434134
P39325	1186.880478
P39332	2.264854582
P39334	240.3438785
P39337	37.87657559
P39342	28.69360549
P39346	143.5437583
P39353	27.54421167
P39356	40.44331039
P39359	0.843574619
P39363	31.32100263
P39364	4.235406699
P39366	9.879051386
P39371	3.266832786
P39380	0
P39401	2.395428027
P39405	9.390738973
P39406	535.8864025
P39407	17.72373846
P39408	76.24496649
P39411	326.9165271
P39451	0.260979393
P39829	44.80809819
P39831	2490.153416
P39838	0.914886645
P40120	84.37423341
P40191	275.9045659
P40710	22.20404969
P40874	762.0664801
P41039	6.488713231
P41052	118.0587669
P41407	2603.967676
P41409	44.98488263
P42588	26.6749941
P42593	16.08751277
P42596	52.72845709
P42597	8.773669486
P42599	131.4258503
P42616	288.8716105
P42620	112.4433017
P42624	59.75336995
P42626	4.228353378
P42632	0.659213399
P42641	372.8617144
P42904	47.23821044
P43329	4.017199574
P43337	39.41697444
P43340	35.54587761
P43671	7.284812801
P43672	32.00868898
P45395	209.3181463
P45424	104.2740864
P45425	63.66181884
P45464	242.7054755
P45469	96.26313853
P45470	176.8609778
P45523	2783.741442
P45524	5.741811017
P45530	106.0367577
P45531	26.41985283
P45532	56.05918387
P45544	38.11582061
P45552	58.81817588
P45568	46.08555043
P45577	451.0019901
P45578	3328.953688
P45579	342.1418537
P45748	280.3111739
P45771	122.7353807
P45795	151.4362048
P45799	362.1469927
P45955	1070.484589
P46022	0.412289952
P46118	92.71290502
P46122	29.72280626
P46130	79.38941893
P46144	5.638921567
P46474	17.60596721
P46837	107.2792458
P46852	305.9309955
P46853	321.0288806
P46854	1.793298887
P46859	83.26986139
P46887	4.916996196
P46888	152.8816433
P46889	0.058218721
P50465	10.60883477
P51020	29.4005835
P51024	195.5016308
P51025	26.17312651
P51981	135.3188583
P52006	77.47671667
P52007	201.411513
P52037	4.860915072
P52060	62.86205491
P52061	631.7175292
P52062	13.90073646
P52073	5.395364701
P52076	27.26089984
P52096	199.7061198
P52097	2.955117505
P52106	0.367569966
P52108	197.2580314
P52119	43.44877103
P52598	4.285476452
P52643	613.8344989
P52647	4.720554306
P52697	2900.962269
P54746	3.652897353
P55135	16.36993813
P56262	1728.642704
P56614	12.30828709
P58035	219.3011051
P58094	162.4358966
P60240	36.80010529
P60293	14.54845863
P60340	110.1444073
P60390	391.7868359
P60422	71.28857487
P60438	4135.483322
P60472	5.519858983
P60546	231.5582497
P60560	1226.498281
P60595	894.9764668
P60624	1830.419425
P60651	165.2039941
P60664	729.7337997
P60716	533.2131182
P60720	104.1695062
P60723	7397.5267
P60752	1.190754635
P60757	1396.117129
P60785	126.8228464
P60906	612.1933345
P61175	2902.432016
P61316	801.737074
P61320	400.6771468
P61517	1647.300873
P61714	7296.04852
P61887	32.07549099
P61889	30916.87791
P61949	1653.283637
P62399	11064.02425
P62601	4.424016585
P62615	141.4863179
P62617	20.8858319
P62620	553.6836311
P62623	415.7350024
P62707	8364.39188
P62768	1988.77907
P63020	2738.594179
P63177	261.1045379
P63224	3206.061339
P63228	747.7935925
P63284	218.922442
P63386	200.1212074
P63389	7.96093125
P63417	461.4288954
P63883	14.45540948
P64429	1.751206825
P64451	1112.455288
P64455	499.2855016
P64461	26.11932381
P64463	330.6922419
P64467	92.12340461
P64476	128.2819322
P64479	333.7477485
P64483	206.4082263
P64490	97.16323643
P64493	8.194042973
P64503	1665.049118
P64506	763.8514809
P64517	29.73700959
P64519	439.2819113
P64534	528.1879898
P64540	740.0728201
P64554	68.03086413
P64559	30.41855189
P64574	0.374324928
P64581	1897.825046
P64588	112.1425277
P64594	13.86995121
P64596	83.05205711
P64599	5.51736249
P64602	394.5334642
P64610	0.069287612
P64612	16.40621835
P64614	21.24853765
P64616	115.6069383
P64624	417.3227839
P64636	72.66217208
P64638	0
P65292	275.7694462
P65367	661.3236877
P65556	174.3438967
P65807	2.030578958
P66817	154.4491342
P66948	217.5361247
P67080	78.64016386
P67087	384.961691
P67095	493.1107549
P67338	101.3792351
P67430	0.899577063
P67603	1018.927112
P67624	119.3294895
P67660	95.9209534
P67699	71.96770135
P67826	64.06530421
P67910	1545.81356
P68066	1355.454579
P68187	121.8285822
P68191	2597.759635
P68206	688.5805229
P68398	31.49882616
P68567	114.8259728
P68679	1172.591625
P68688	438.1255541
P68739	155.8704968
P68767	2.096600331
P68919	6544.587798
P69222	5052.224427
P69228	84.04284412
P69346	68.96562213
P69407	1313.342325
P69411	99.71453829
P69425	22.97150862
P69428	2.236593522
P69441	4102.244319
P69451	17.18515333
P69488	303.3012818
P69503	1814.210875
P69506	1.999431314
P69776	387.3726953
P69783	8895.844917
P69786	11.67094842
P69791	12.87942486
P69795	468.562744
P69797	1219.145645
P69805	0
P69811	158.4397869
P69822	54.06467071
P69828	7657.478982
P69829	693.2921645
P69853	25.65848615
P69874	176.0731385
P69908	15.16002167
P69910	23.33423861
P69913	667.4751435
P69924	197.89595
P69931	22.07004763
P71298	0
P75682	122.195895
P75691	1941.584477
P75694	5229.801066
P75713	107.6618925
P75728	60.22134072
P75736	775.3498999
P75745	78.94352325
P75746	82.2149746
P75767	36.57730444
P75779	21.78291498
P75780	8.913117017
P75782	113.7859194
P75785	0.124351265
P75791	83.47369758
P75792	50.69982805
P75804	66.15208598
P75809	112.1560361
P75817	0.064259448
P75818	204.3736305
P75820	4.741683682
P75821	20.31465971
P75823	456.0084941
P75829	9.954872566
P75838	9.912540442
P75849	856.4612198
P75863	81.84989596
P75864	3.767067427
P75867	4.850583523
P75874	1192.566332
P75876	75.55233777
P75913	672.3526634
P75914	55.73354972
P75915	722.038289
P75931	110.7955856
P75937	62.6571919
P75952	81.9701399
P75954	146.2931456
P75957	300.5600846
P75959	55.62860087
P75960	202.4174551
P75974	100.1176837
P75989	12.89465323
P75992	0.726380906
P76002	546.058516
P76004	400.730346
P76008	51.40294943
P76014	262.5828555
P76015	689.4287219
P76027	19.29802781
P76034	220.7958144
P76046	17.79370324
P76049	50.63095713
P76053	77.93353024
P76055	175.356411
P76062	9.2332724
P76073	22.39526239
P76076	43.88710797
P76085	0.713689154
P76097	26.47407533
P76104	10.71532014
P76108	1017.997971
P76112	227.5315163
P76113	358.4971091
P76116	2318.729475
P76121	16.17476542
P76128	309.8556453
P76141	19.71510403
P76142	640.7651898
P76143	392.6598943
P76145	285.8428541
P76149	256.4131237
P76170	1076.768987
P76172	1247.383187
P76176	17.94868691
P76177	1664.457794
P76187	288.7351006
P76190	1.040792191
P76193	398.8666925
P76194	263.0408029
P76206	23.10481474
P76217	4.581901616
P76223	86.93817937
P76227	82.47606716
P76231	195.4686478
P76234	27.31832159
P76243	264.2091776
P76245	0.132750045
P76256	100.7931639
P76268	259.7380874
P76270	840.1847138
P76272	1.063411545
P76273	4.211886114
P76290	152.3510797
P76291	80.47399334
P76316	608.713352
P76318	13.1563268
P76329	146.8667876
P76340	2.496746684
P76341	562.4940166
P76342	8.973388208
P76346	764.4382666
P76372	7.883143576
P76373	1.503978647
P76397	0
P76402	1287.501171
P76403	52.46194573
P76407	62.6803479
P76422	19.72731475
P76423	5.565019585
P76471	74.71119384
P76491	152.9633012
P76501	54.58970125
P76502	259.0940723
P76503	129.8204779
P76507	6.304254672
P76535	139.9395058
P76536	399.6320529
P76539	64.09820158
P76541	172.5681186
P76549	46.62897736
P76550	216.339863
P76558	574.4803306
P76561	187.1156112
P76569	1235.722759
P76575	150.63143
P76576	191.7128214
P76578	46.79818579
P76594	4.602225305
P76621	61.05365286
P76641	7.002708806
P76658	592.5978035
P77148	53.28452509
P77150	72.98325296
P77171	52.23976748
P77181	197.8885965
P77202	134.1462836
P77211	104.8921751
P77212	42.70753493
P77213	78.75606712
P77214	12248.15205
P77221	7.205380429
P77239	1368.88358
P77243	199.7674767
P77245	12.03635213
P77247	424.3500746
P77252	30.2610341
P77258	176.9820696
P77269	10.93395177
P77279	96.04713451
P77285	64.48596432
P77295	130.2396469
P77300	12.36958512
P77302	80.28548694
P77316	4.452330885
P77318	400.334337
P77348	302.3953044
P77360	16.32531683
P77368	39.88616377
P77376	62.40583607
P77395	1492.422715
P77399	0.257521415
P77425	0.899096865
P77433	19.95667506
P77434	41.43918238
P77444	244.4589999
P77454	231.0889378
P77475	92.84810145
P77488	134.9116306
P77499	422.4184027
P77522	43.20058586
P77526	44.33716309
P77529	1.902301031
P77541	588.8773068
P77544	250.5168977
P77552	106.3452423
P77554	365.5300528
P77559	4.973766718
P77561	0
P77562	49.79262753
P77569	67.4749105
P77570	127.2215027
P77580	107.3224911
P77581	93.23547256
P77588	0
P77608	24.5232208
P77609	6.819767775
P77611	5.20143867
P77615	28.37875217
P77619	18.6429317
P77625	602.440675
P77626	26.21075916
P77649	58.67550713
P77667	783.073183
P77674	311.0232918
P77689	280.7979278
P77690	54.49268893
P77695	1605.819141
P77712	175.5449171
P77717	1013.927215
P77718	16.24748116
P77721	72.40819
P77735	539.7023777
P77737	37.7467756
P77739	222.1732086
P77748	22.93588091
P77754	443.3113496
P77756	113.4864903
P77774	88.62650621
P77775	122.2389071
P77781	575.2747892
P77788	78.08824017
P77791	177.6973505
P77795	27.78095646
P77804	512.5736159
P77806	56.21283313
P77808	16.72939977
P78055	31.41271022
P78067	189.0737798
P80668	36.32401852
Q06065	0.103666467
Q2A0K9	67.81689611
Q2M7R5	1318.227493
Q2M7X4	41.110991
Q46798	4.550372554
Q46800	8.901595745
Q46801	7.607614184
Q46803	5.709592197
Q46810	14.74350195
Q46822	108.484813
Q46829	7.831858389
Q46845	1053.229143
Q46851	78.73030527
Q46855	8.113718041
Q46856	508.9083896
Q46857	401.1364168
Q46861	0.449146557
Q46863	144.0562723
Q46864	104.2374076
Q46868	387.7156806
Q46871	139.4667168
Q46891	23.44345547
Q46893	71.47504841
Q46919	110.5781191
Q46920	175.3770212
Q46925	41.38780683
Q46927	65.47883687
Q46938	3.488484271
Q46939	50.47011551
Q46948	749.8926227
Q47083	30.73000128
Q47129	7.906797573
Q47146	0.608718716
Q47147	98.1705037
Q47150	145.0455067
Q47156	16.89777857
Q47537	0.585949479
Q47622	48.43893163
Q47679	69.61506482
Q47690	222.4861419
Q47710	0.564246158
Q57261	157.4929391
Q59385	1584.162743
Q5H772	129.8774831
Q5H776	152.4975948
Q5H777	31.39331757
Q6BF16	12.52901695
Q6BF17	15.14377962
Q7DFV3	0
Q93K97	218.776925
