A5A614	13.8216094186
A5A621	1.850423924
B8LFD5	40.4873672853
D0EX67	101.3891503861
D9IX93	827.9873304181
P00350	10172.4128877622
P00363	93.3146619594
P00370	8123.5411871452
P00393	42.220082825
P00448	4134.4647856237
P00452-2	28.1024536047
P00490	55.4508533794
P00509	4188.3804482916
P00547	1505.2884769988
P00561	203.2813308569
P00562	33.2831766779
P00579	665.9740330121
P00582	411.7215026995
P00803	28.5660519034
P00805	12.103244224
P00811	70.5068622342
P00861	687.7093985034
P00864	646.9477193044
P00887	376.1713897322
P00888	1304.7380104289
P00892	153.4992298283
P00893	618.300060784
P00894	1526.360280984
P00895	213.5940078454
P00903	151.5872357977
P00904	1539.327803575
P00909	459.838990372
P00926	143.8626931576
P00934	6394.4065589908
P00935	500.7071290285
P00944	17.9082006021
P00946	972.778779267
P00954	2661.0963540171
P00956	300.2759226872
P00957	1869.6786806622
P00959	518.8744211578
P00960	560.546490029
P00961	1843.7236792992
P00962	1466.0047389434
P00963	1416.0632548397
P00968	2219.4033119471
P02358	17889.5083267489
P02359	3075.4046515506
P02413	1654.7758492039
P02918	12.7494717756
P02919-2	60.3282875414
P02924	450.8443458252
P02925	3493.8870464639
P02929	37.1645036326
P02930	87.0369941972
P02931	274.6107679061
P02943	21.3351011007
P03004	106.9833803837
P03007	3.6707574706
P03018	4.3875582214
P03023	22.7882787296
P03024	64.4788441713
P03813	309.0274425748
P03817	2014.3073613653
P03841	806.5932556788
P04036	788.2360329183
P04079	2005.3412007552
P04335	23.906847049
P04391	1350.5782464575
P04425	814.5957932753
P04693	1519.742826451
P04805	2047.9865427317
P04816	3670.2738610139
P04825	190.0708922848
P04846	716.3502109126
P04949	42.1027480139
P04951	939.4876631699
P04968	132.5318158375
P04982	674.4441355782
P04983	23.4274803179
P04993	0.3662869451
P05020	4087.7987024317
P05041	33.6433445087
P05042	336.0422508137
P05050	13.482557941
P05055	4268.8939516798
P05194	606.9402583704
P05458	63.7804404078
P05459	585.3157916358
P05637	100.2162145106
P05706	88.6824685323
P05707	4.4202827329
P05719	8.9946824393
P05791	574.1162826614
P05793	15922.1972435762
P05824	0.0065136892
P05825	44.0495164177
P05827	7.7427912438
P05852	246.5428076497
P06129	331.9937314909
P06149	565.4278497849
P06610	1737.0053291544
P06611	62.8418644521
P06612	110.5725478816
P06616	273.3080736309
P06709	3.5181984201
P06710	40.0154768863
P06715	788.8987013795
P06720	35.4854183372
P06721	575.428952052
P06846	44.6343076835
P06959	4396.1397107121
P06960	818.7750023146
P06961	62.6947266966
P06966	14.9001802153
P06968	2289.5189087086
P06971	30.5332131718
P06974	1.4366860416
P06983	314.6276313655
P06986	1325.5503319977
P06987	548.5684626169
P06988	2296.7464537217
P06989	1720.680258267
P06992	191.094107162
P06996	184.5982186243
P06999	1523.6887102063
P07001	79.6294819065
P07003	99.3701987055
P07004	1156.5426505977
P07012	1593.1661724328
P07013	82.5364690428
P07014	1586.1000385198
P07023	109.6013517833
P07024	636.2706019902
P07026	7.8297297895
P07102	36.0977630092
P07109	292.8682481184
P07118	64.3784029231
P07395	2273.2992564377
P07604	37.6401296901
P07623	882.3312502653
P07639	515.9357611971
P07649	45.4532808658
P07650	414.8641603695
P07762	48.5205503699
P07813	105.8335142656
P07821	154.4865915808
P07822	45.6545432757
P07862	514.4469278801
P07913	285.6890728846
P08142	1922.3879102685
P08178	2591.1392081852
P08179	418.2137342686
P08191	16.5862673657
P08192	108.163118361
P08200	17773.3435480047
P08244	923.349435985
P08245	486.2450375513
P08312	3294.944150044
P08331	305.5796376632
P08337	3.6176479093
P08365	8.5149527091
P08368	39.2931153354
P08373	117.9900147069
P08390	1040.7834187034
P08394	40.3460972866
P08395	2.9576702143
P08506	1151.9228456961
P08622	822.5729440639
P08660	324.8004285091
P08839	5478.0648670797
P08956	4.4783722273
P08957	227.0408538487
P08997	469.9613258543
P09029	342.0116658223
P09030	637.3846274787
P09053	26.2128338297
P09099	82.2937550886
P09126	0.0718683789
P09127	10.6108119944
P09147	1254.6860501311
P09148	174.3956037673
P09151	2654.7224367184
P09155	17.0318910337
P09158	1182.8889065851
P09169	385.2303641154
P09184	13.0139304233
P09372	5511.2472094526
P09373	2343.5664126482
P09394	227.1003246919
P09424	1001.2532032186
P09546	70.7423814762
P09549	193.9202245471
P09551	3517.8335562792
P09831	431.7645173157
P09832	4515.0115185277
P09833	13.1392397485
P09980	14.4685629026
P09996	312.9274828959
P0A698	33.956456298
P0A6A3	3047.9095136965
P0A6A6	2988.3854799061
P0A6A8	27869.3412914721
P0A6B4	57.09908963
P0A6B7	7653.1979096341
P0A6C1	84.5462432709
P0A6C5	356.9228539296
P0A6C8	4203.5401406844
P0A6D0	891.2052345057
P0A6D3	1444.1173920779
P0A6D7	1806.6217621369
P0A6E1	1150.8353974589
P0A6E4	6787.9850350955
P0A6E6	5894.3138304334
P0A6E9	24.8455094191
P0A6F1	8486.1345992571
P0A6F3	740.6834970586
P0A6F5	14847.8319820053
P0A6F9	12252.5259249266
P0A6G3	167.3154489955
P0A6G7	2043.2640456305
P0A6H1	2258.5107211737
P0A6H5	1485.4538436091
P0A6I0	1211.9636332228
P0A6I3	64.8754712925
P0A6I6	410.100210789
P0A6I9	53.200961222
P0A6J1	589.4795712385
P0A6J5	158.7776357724
P0A6J8	364.2137192823
P0A6K1	361.880536462
P0A6K3	1316.5551540677
P0A6K6	1863.0740315756
P0A6L0	1123.9483546792
P0A6L2	3441.3061390753
P0A6L4	114.4226635372
P0A6L9	921.2039084173
P0A6M4	121.6376541764
P0A6M8	16692.5977060955
P0A6N4	4600.5671026674
P0A6N8	2633.1695306686
P0A6P1	12668.1783884463
P0A6P5	350.6592863854
P0A6P7	972.3661361897
P0A6P9	17936.9697926371
P0A6Q3	5526.3396265013
P0A6Q6	1992.7345416351
P0A6R0	1971.0734331761
P0A6R3	6007.4269423215
P0A6S7	1420.7145941622
P0A6T1	306.7138665802
P0A6T3	342.3681292007
P0A6T5	4996.8380354326
P0A6T9	1083.271393198
P0A6U3	174.9661510034
P0A6U5	237.7081026179
P0A6U8	13.3398251654
P0A6V1	87.1786269602
P0A6V5	273.4833618312
P0A6V8	236.1786120088
P0A6W0	4.5852693586
P0A6W5	2772.120377184
P0A6W9	45.6000239603
P0A6X1	24.8552969154
P0A6X3	89.5367397596
P0A6X7	4306.6818208603
P0A6Y1	4823.3907168312
P0A6Y5	1003.5323384913
P0A6Y8	10485.7019334771
P0A6Z1	877.8330132716
P0A6Z3	2262.1108228143
P0A6Z6	487.647362173
P0A705	275.0145697854
P0A707	2479.8126122537
P0A715	3017.1084265247
P0A717	5593.8588850136
P0A720	119.5298025864
P0A722	594.654165197
P0A725	118.1560691094
P0A729	1667.1286019932
P0A731	1165.0026454463
P0A734	1551.8035160622
P0A738	376.343559341
P0A744	1202.2237142481
P0A746	3173.1086740343
P0A749	741.9036056612
P0A752	13.3618842043
P0A754	45.397655471
P0A756	114.8721556358
P0A759	1751.4890646197
P0A761	50.3427250851
P0A763	11499.419030708
P0A776	52.5129535429
P0A780	1336.6078572388
P0A784	583.7133789398
P0A786	13270.3451638087
P0A790	2626.0495760553
P0A794	976.2334553652
P0A796	2820.254849392
P0A799	17198.7420896976
P0A7A2	276.8678304654
P0A7A5	169.5648855566
P0A7A7	0.7167006267
P0A7A9	4567.9361924375
P0A7B1	2.5241486695
P0A7B3	36.9055532501
P0A7B5	471.2062589814
P0A7B8	176.885499028
P0A7C2	339.2187320961
P0A7C6	98.3297405807
P0A7D1	659.8359226104
P0A7D4	6543.6389602238
P0A7D7	6404.2608280939
P0A7E1	1279.0439673173
P0A7E3	200.0250496071
P0A7E5	1492.8877345986
P0A7E9	2439.2367746981
P0A7F3	11242.8774575832
P0A7F6	1724.0668578839
P0A7F9	39.1724565059
P0A7G2	2416.4789199219
P0A7G6	1233.1834212897
P0A7H0	34.0266996114
P0A7H6	71.8930207236
P0A7I0	117.0984309355
P0A7I4	551.5359640512
P0A7I7	439.3659946438
P0A7J0	407.8779698636
P0A7J3	12974.5245096376
P0A7J7	7349.4200433239
P0A7K2	19138.0163854605
P0A7K6	2444.3081872745
P0A7L0	10424.3484442593
P0A7L3	413.9363901621
P0A7L8	843.0740151914
P0A7M2	783.8018671446
P0A7M6	14149.8992425646
P0A7M9	10357.1168067823
P0A7N1	2.5334509104
P0A7N4	1680.3335194119
P0A7N9	1360.6373857021
P0A7Q6	2163.2075966299
P0A7R1	13920.242455435
P0A7R5	17111.4636120144
P0A7R9	378.2272118119
P0A7S3	247.4298968709
P0A7S9	2934.861099488
P0A7T3	16837.7043023768
P0A7T7	5021.2843560994
P0A7U3	1135.5890079868
P0A7U7	862.4713790324
P0A7V0	13957.2460834651
P0A7V3	718.3423386469
P0A7V8	745.1139797259
P0A7W1	15185.5692757917
P0A7W7	9021.0621847767
P0A7X3	394.4794937457
P0A7X6	1427.1468244801
P0A7Y0	627.8080575275
P0A7Y4	131.8775281861
P0A7Z0	3698.3738947059
P0A7Z4	9179.863945619
P0A800	4123.351619592
P0A805	4858.0917583665
P0A809	100.6195479159
P0A812	134.6736832492
P0A817	8936.8428296264
P0A821	112.8119348449
P0A823	42.993556244
P0A825	18107.7985695864
P0A832	19.0797600197
P0A836	3905.1880903224
P0A840	230.0845354698
P0A847	736.2600858623
P0A850	10564.0167315258
P0A853	291.1603373297
P0A855	3196.260006219
P0A858	8605.7909744155
P0A862	25777.9157782822
P0A867	1269.4178183371
P0A870	8334.2621574173
P0A873	117.7464997854
P0A877	5011.1461199545
P0A879	3944.7427498445
P0A881	491.4871259448
P0A884	128.7308780048
P0A887	987.5346572428
P0A890	217.4767149131
P0A894	323.2080724236
P0A898	222.7389829348
P0A8A0	1095.2010679374
P0A8A2	1236.4808173512
P0A8A4	265.6042705651
P0A8A8	937.8128262821
P0A8B2	34.918112477
P0A8B5	4323.5766076711
P0A8C1	224.971796641
P0A8C4	1793.8321918995
P0A8D0	376.7253833895
P0A8D3	201.2733111726
P0A8D6	291.4000988061
P0A8E1	1132.7848893641
P0A8E5	170.5989285374
P0A8E7	5020.8750928864
P0A8F0	11594.1580090388
P0A8F4	593.4181107749
P0A8F8	17.1021877279
P0A8G3	45.7235911413
P0A8G6	6429.1589476885
P0A8G9	1538.6794359456
P0A8H6	1101.9544629299
P0A8H8	581.5651569369
P0A8I1	31.3839911643
P0A8I3	723.1674233962
P0A8I5	737.1652636796
P0A8I8	496.0504018983
P0A8J2	148.0176079744
P0A8J4	3265.7575521284
P0A8J8	421.0018147392
P0A8K1	746.6403737375
P0A8K5	1421.7998801788
P0A8L1	2259.7670903761
P0A8L7	140.1436114738
P0A8M0	2689.9163668116
P0A8M3	534.0769433698
P0A8M6	11021.5765429557
P0A8N0	248.2557178963
P0A8N3	1955.8990823086
P0A8N5	273.7913536414
P0A8N7	35.4415489838
P0A8P3	3731.0599187184
P0A8P6	45.8050212743
P0A8R0	1966.1571299157
P0A8R4	536.4381012877
P0A8R9	72.9949681856
P0A8S1	371.2828954981
P0A8T1	137.0635097692
P0A8T7	713.0396591993
P0A8U0	154.9218112168
P0A8U6	2245.326214693
P0A8V0	179.020039221
P0A8V2	3028.4153625901
P0A8V6	259.1897611064
P0A8W0	77.841956007
P0A8W2	635.0292762122
P0A8W5	606.9930696802
P0A8W8	2179.6934878583
P0A8X0	727.8645835213
P0A8X2	1317.0279929431
P0A8Y1	90.3881481962
P0A8Y3	400.4852502116
P0A8Y5	514.1815461608
P0A8Y8	26.7217730562
P0A8Z0	79.0209529111
P0A8Z3	193.2465440608
P0A8Z7	191.7865754864
P0A901	17.5502425076
P0A903	182.7348898587
P0A905	651.3378335777
P0A908	162.1566905673
P0A910	2545.6018488008
P0A912	214.6266807114
P0A915	33.33736163
P0A917	271.1203956168
P0A927	477.8997219986
P0A935	152.526490425
P0A940	1526.0633703688
P0A944	49.62693864
P0A948	172.3234083114
P0A951	197.3558154089
P0A953	12178.7591906794
P0A955	4615.4622593163
P0A959	199.0404254278
P0A962	493.5197979196
P0A964	8.0224858608
P0A968	1435.823810656
P0A972	10861.9544759725
P0A978	45.6895803136
P0A988	630.8776594461
P0A991	88.8739992811
P0A993	652.1529714268
P0A996	3.2730417133
P0A998	146.6194325851
P0A9A2	1.9118765333
P0A9A6	4101.2221603264
P0A9A9	3194.8043525233
P0A9B2	27519.9259554923
P0A9B6	187.5410143235
P0A9C0	10.8988001291
P0A9C3	1593.5145842752
P0A9C5	14058.3249583855
P0A9C9	188.6124383274
P0A9D2	1362.8310058386
P0A9D4	295.4944226751
P0A9D8	7599.3605097913
P0A9E5	642.4279066424
P0A9F1	102.6724061808
P0A9F3	461.7782816149
P0A9F6	16.8868698319
P0A9F9	53.0989015914
P0A9G4	107.9571168522
P0A9G6	15278.9601759513
P0A9G8	122.0172777537
P0A9H1	332.4283910746
P0A9H5	138.174787378
P0A9H7	142.4435668595
P0A9H9	1.7348355561
P0A9I3	318.971816247
P0A9I8	12.8945176172
P0A9J0	44.7288545908
P0A9J4	25.2585028825
P0A9J6	327.7890094166
P0A9J8	1542.3245808394
P0A9K3	1533.2116909795
P0A9K7	15.8668758665
P0A9K9	11313.8049676694
P0A9L3	3302.5540532326
P0A9L5	2118.5274212018
P0A9L8	1506.1530656312
P0A9M0	880.985261745
P0A9M2	929.3184503188
P0A9M5	2904.8238340285
P0A9M8	1235.3944677559
P0A9N4	221.8825359397
P0A9P0	8117.3552980422
P0A9P4	3116.3096311532
P0A9P6	544.5682732289
P0A9P9	600.6664852511
P0A9Q1	2941.4507734701
P0A9Q5	1754.1676373798
P0A9Q7	3406.939331165
P0A9Q9	14132.670827763
P0A9R4	2841.2635962228
P0A9R7	520.9736611596
P0A9S1	53.3701585583
P0A9S3	558.9198029795
P0A9S5	87.0278046426
P0A9S7	568.3363008137
P0A9T0	4340.7186962114
P0A9T4	930.4271091437
P0A9T6	273.0937884264
P0A9T8	279.9495260507
P0A9U3	377.8728884476
P0A9U6	66.1438921178
P0A9V1	703.2491042045
P0A9V5	3.8896093383
P0A9V8	6.083798142
P0A9W0	55.7772546763
P0A9W3	2027.995950013
P0A9W6	821.4000507103
P0A9W9	197.0609445061
P0A9X1	22.0792780023
P0A9X4	4097.9591366669
P0A9X9	1917.7399284974
P0A9Y6	17921.1278553455
P0A9Z1	2732.8662429576
P0AA04	18694.2925177503
P0AA10	13138.5353639174
P0AA16	1638.7104721736
P0AA25	11156.7451799756
P0AA31	2230.7507553837
P0AA37	118.1519162644
P0AA39	19.718346581
P0AA41	50.1258335281
P0AA43	1783.0216730085
P0AA57	296.2344356285
P0AA91	39.103817029
P0AA95	65.6615699339
P0AA97	68.8258931611
P0AA99	168.853898742
P0AAA1	32.7077048381
P0AAA9	44.4875798149
P0AAB4	46.2284416776
P0AAB6	3723.444936702
P0AAB8	318.0328875997
P0AAC0	1120.8233019478
P0AAC8	1450.4387360704
P0AAD6	2.9531463366
P0AAF6	660.5141688355
P0AAG0	186.9094126699
P0AAG3	167.7695625088
P0AAG8	46.5367756711
P0AAH0	67.3314459968
P0AAH4	23.3840771011
P0AAH8	29.8758944589
P0AAI3	9.9014345286
P0AAI5	2190.7748729652
P0AAI9	5268.347365882
P0AAJ5	17.1423198289
P0AAJ8	147.8476483995
P0AAN1	110.4207456477
P0AAN3	22.4234909292
P0AAN5	752.047848317
P0AAN9	1593.8772083356
P0AAP3	489.7969570531
P0AAQ2	264.5297684514
P0AAQ6	75.2964716045
P0AAR3	494.4701669986
P0AAR8	41.070615788
P0AAS7	1535.0473047513
P0AAS9	201.9600517904
P0AAT2	176.6327969531
P0AAT6	963.2466298282
P0AAT9	556.9179207081
P0AAU7	35.2938691325
P0AAV4	285.1919065299
P0AAV6	1111.0103572909
P0AAW1	55.2657051235
P0AAX3	136.2375582668
P0AAX6	6801.3833283544
P0AAX8	2543.03246659
P0AAZ4	65.3048063414
P0AAZ7	1271.8495079991
P0AB10	3.9381089559
P0AB14	2703.9585151932
P0AB18	481.6224390819
P0AB20	14.9708055245
P0AB24	684.6390604736
P0AB26	32.6532614608
P0AB28	1365.8232907841
P0AB35	51.7707572884
P0AB38	146.7779401468
P0AB40	278.8768643215
P0AB43	498.2178392958
P0AB46	4.3011329368
P0AB52	1846.5957288385
P0AB55	1792.7342672517
P0AB58	13.5797660371
P0AB61	839.3607469592
P0AB65	304.4458791221
P0AB67	146.171760258
P0AB71	14634.71771291
P0AB77	161.1503862744
P0AB80	2559.9005768042
P0AB83	87.2827977257
P0AB87	0.6231029088
P0AB89	1156.7647802537
P0AB91	5907.0490529624
P0AB96	74.9941463318
P0ABA0	31.7175704387
P0ABA4	3454.955278618
P0ABA6	2988.3305754392
P0ABB0	10440.3315814661
P0ABB4	12168.8788304262
P0ABC3	131.8962866987
P0ABC7	1080.5536401496
P0ABD3	498.7955486355
P0ABD5	2364.438693074
P0ABD8	2811.698736132
P0ABE2	1802.7664302701
P0ABF1	13.5623893057
P0ABF4	4.863964713
P0ABF6	633.7112279391
P0ABH0	847.0692237155
P0ABH7	3805.221136577
P0ABH9	629.1483098411
P0ABJ1	98.4276761499
P0ABJ9	1.1793093561
P0ABK5	28505.2322064527
P0ABP8	156.3108450347
P0ABQ0	26.3165150195
P0ABQ2	212.3491790574
P0ABQ4	415.0467458255
P0ABR1	194.1580878382
P0ABS1	4415.4836060769
P0ABS5	20.4691615744
P0ABT2	1085.9039706903
P0ABT5	10.7046881139
P0ABU0	650.8966602378
P0ABU2	2577.7023838355
P0ABU5	1693.679785498
P0ABV2	14.7323090694
P0ABY4	116.3885565755
P0ABZ1	1.1931261225
P0ABZ4	621.1920769171
P0ABZ6	2300.206320212
P0AC00	0.8300044847
P0AC02	563.0003850065
P0AC13	183.9702657579
P0AC19	1526.5289182574
P0AC28	35.3326535059
P0AC33	1268.9007522211
P0AC38	668.1678464202
P0AC41	2049.6082347858
P0AC47	190.0492715658
P0AC51	309.4704122047
P0AC53	901.429775874
P0AC55	1003.379502004
P0AC59	2430.4058490367
P0AC62	3785.2036579461
P0AC65	33.4654958035
P0AC69	7340.1337911806
P0AC75	3.8999194482
P0AC81	478.6433764079
P0AC84	159.2010761403
P0AC92	104.1857168555
P0ACA1	304.1498099135
P0ACA3	2982.0573634347
P0ACA7	1818.3805587561
P0ACB0	176.4799586595
P0ACB2	721.3306198185
P0ACB4	256.0413455544
P0ACC1	1.8178219004
P0ACC3	1707.0933343658
P0ACC7	737.2471102659
P0ACD4	10088.0960934927
P0ACE0	3.6057303366
P0ACE3	711.1263433985
P0ACE7	2343.1859053761
P0ACF0	30966.3310443787
P0ACF4	9657.1299492191
P0ACF8	15448.3217454029
P0ACG1	3949.1295693609
P0ACG8	60.6349328565
P0ACI0	131.5077226843
P0ACI3	3.6988235112
P0ACI6	114.1214412308
P0ACJ0	6302.3475665668
P0ACJ8	3004.6814399721
P0ACK2	31.359099457
P0ACK5	164.2769169659
P0ACK8	62.7774403386
P0ACL0	83.3900487952
P0ACL2	85.8404796189
P0ACL5	43.0785219424
P0ACL7	17.3000413836
P0ACL9	430.0756989885
P0ACM2	95.6880687777
P0ACM5	64.6904154755
P0ACM9	5.8809792138
P0ACN2	20.3358153441
P0ACN4	436.3486888209
P0ACN7	43.5492289214
P0ACP1	97.4261114553
P0ACP5	212.349377748
P0ACP7	921.056571833
P0ACQ4	235.0331874638
P0ACR4	117.0034044722
P0ACR9	1069.1839486843
P0ACS2	19.5574206896
P0ACS5	26.2722545327
P0ACS7	31.2174483762
P0ACT6	138.6765718535
P0ACU7	804.6719477366
P0ACV0	0.3512467124
P0ACV6	168.6033523002
P0ACV8	706.0734194556
P0ACW6	141.2673807679
P0ACX3	1254.9225535076
P0ACX5	85.3500842555
P0ACY1	2022.3658196194
P0ACY3	319.3919346578
P0ACY9	258.8443990045
P0ACZ4	106.3618379968
P0ACZ8	518.3824173573
P0AD05	471.011075801
P0AD07	680.4453502119
P0AD10	392.1845159301
P0AD12	742.9568710493
P0AD21	94.8822751643
P0AD24	1165.3391464811
P0AD27	2.6857637142
P0AD33	851.1254641317
P0AD37	3.326561612
P0AD40	78.9023791954
P0AD49	3044.8002223318
P0AD53	32.7042533495
P0AD57	230.4254126905
P0AD59	2502.8450701156
P0AD61	5794.0640136007
P0AD65	3.7769992174
P0AD68	12.604314051
P0AD70	36.374997799
P0AD96	22264.4500692286
P0ADA1	311.3569965831
P0ADA3	180.2939425985
P0ADA5	1005.7041162679
P0ADB1	1219.4880792884
P0ADB7	4.6309641255
P0ADC1	88.4157579026
P0ADC8	24.341927506
P0ADE4	7.632895819
P0ADE6	3288.1217754313
P0ADE8	2229.5485968251
P0ADF6	81.39122197
P0ADF8	2574.9202731128
P0ADG4	1846.3737118092
P0ADG7	2227.0908914517
P0ADI4	329.6501717115
P0ADI7	559.0555148917
P0ADK0	474.9256410385
P0ADK6	31.2182856284
P0ADK8	829.4912737792
P0ADM4	4.3839764481
P0ADN2	5845.4213378522
P0ADN6	78.4889787352
P0ADP0	259.907248077
P0ADP2	180.7825904413
P0ADP9	1813.1548284384
P0ADQ2	187.3003987964
P0ADQ7	762.1765768536
P0ADR6	75.200010181
P0ADR8	3.6162299101
P0ADS2	620.8514549128
P0ADS6	236.8534201436
P0ADS9	295.8409132756
P0ADT2	9.7555476554
P0ADT5	320.0932203799
P0ADT8	90.0232743106
P0ADU2	926.2324734304
P0ADU5	2141.9221779942
P0ADU7	14.2832740546
P0ADV1	1483.5292738482
P0ADV5	93.703151842
P0ADV7	71.9734037787
P0ADW3	23.3945406234
P0ADW8	454.3949654446
P0ADX1	553.3698006583
P0ADX5	123.0422864772
P0ADX7	723.3536428704
P0ADX9	81.9541761991
P0ADY1	40.4162995762
P0ADY3	2879.5715936914
P0ADY7	947.8566242789
P0ADZ0	1430.4663261931
P0ADZ4	9346.074366939
P0ADZ7	12.0383466958
P0AE01	616.8411969079
P0AE06	229.936538213
P0AE08	24566.1573212055
P0AE12	456.6368007641
P0AE18	1898.8771978856
P0AE22	147.3317898332
P0AE28	177.732649643
P0AE39	51.093177888
P0AE48	1276.2519284423
P0AE52	4876.6086122997
P0AE60	79.917833868
P0AE63	489.7062942379
P0AE67	81.8488623467
P0AE70	227.4141436602
P0AE72	29.8591326162
P0AE76	29.8895206991
P0AE78	194.6958302025
P0AE85	208.3665916331
P0AE88	1214.4005589651
P0AE91	589.9594218714
P0AEA2	27.0748223679
P0AEA8	53.5167895361
P0AEB2	1613.4957503493
P0AEB7	3871.2328565981
P0AEC3	107.8596541452
P0AED0	17753.3494245444
P0AED5	88.2234443875
P0AED7	355.2838718665
P0AED9	42.5915018427
P0AEE1	599.6017131304
P0AEE5	1710.7594703315
P0AEE8	74.4721082239
P0AEF0	59.4274529188
P0AEF4	8.0015083179
P0AEF8	3.7963292597
P0AEG4	2686.2354841823
P0AEG6	1128.4131522664
P0AEH3	203.3380896272
P0AEH5	2397.6894009327
P0AEI1	509.6700561889
P0AEI4	316.7353993356
P0AEI6	318.6438036549
P0AEJ2	272.3469887564
P0AEK0	16.6125613926
P0AEK2	3724.4238892755
P0AEK4	6861.1213401759
P0AEL3	13.431472062
P0AEL6	212.281344086
P0AEM0	960.2986802875
P0AEM4	200.1217593087
P0AEM6	6.7415751947
P0AEM9	2893.0615682936
P0AEN1	484.9208702468
P0AEN8	59.0962131247
P0AEP3	3390.4504128277
P0AEQ1	5.039551898
P0AEQ3	4459.8033855413
P0AES0	83.7758390895
P0AES2	51.0392239906
P0AES4	119.1063751811
P0AES6	922.3641324329
P0AES9	19122.1213011039
P0AET2	4263.7413639212
P0AET8	651.8439009501
P0AEU0	6039.3117748612
P0AEU7	5681.8011803756
P0AEV1	1.7179181887
P0AEW4	262.3607561923
P0AEW6	133.8161654502
P0AEW9	47.8270524884
P0AEX5	187.8141680307
P0AEX9	824.7209496322
P0AEY3	5.8182498956
P0AEY5	268.2452329047
P0AEY8	17.0426153507
P0AEZ1	3725.371043924
P0AEZ3	2393.5019222229
P0AEZ9	943.0219198259
P0AF03	424.0395763383
P0AF08	964.2693521229
P0AF12	2533.2193838059
P0AF18	160.0594008142
P0AF20	16.7440923245
P0AF24	837.4924681427
P0AF28	630.4366343272
P0AF36	7325.0496362586
P0AF48	199.8392555644
P0AF50	688.6255268261
P0AF56	127.6174723883
P0AF59	104.2548465031
P0AF63	872.1404880963
P0AF67	1013.4703991168
P0AF70	504.6189866557
P0AF82	4.4522166941
P0AF90	5662.5843109586
P0AF93	11526.9246874734
P0AF96	17841.9227270822
P0AFB5	108.8803444838
P0AFB8	74.5051727321
P0AFC0	8.8984444003
P0AFC7	914.3705191231
P0AFD1	1017.6933988088
P0AFD6	338.4203424788
P0AFF6	2507.4754173038
P0AFG0	4820.1422177694
P0AFG3	1252.8567423934
P0AFG6	465.0727278125
P0AFG8	4937.6427611834
P0AFH0	56.6848203608
P0AFH8	4756.7362807048
P0AFI2	8.5713897505
P0AFI5	98.9595242264
P0AFI7	917.126518083
P0AFJ1	550.0935937217
P0AFJ5	204.1635419595
P0AFK0	1059.7080081637
P0AFK9	1261.7568984288
P0AFL3	3338.5866008724
P0AFL6	15.7148314108
P0AFM2	350.4702542181
P0AFM4	270.2205695878
P0AFM6	699.4346388393
P0AFP4	34.6078382118
P0AFP6	249.4798138038
P0AFQ7	247.8896097388
P0AFR0	83.4676379211
P0AFR4	1236.0766584664
P0AFS3	228.2507511385
P0AFT5	147.3802908331
P0AFU4	9.331612361
P0AFU8	645.1171053092
P0AFV4	51.4274673376
P0AFW0	214.9057941787
P0AFW2	138.3590056028
P0AFW4	709.1323350103
P0AFW8	528.590993037
P0AFX0	4146.4946556495
P0AFX4	433.4762917324
P0AFX7	356.6257202921
P0AFX9	288.4429749685
P0AFY8	1105.5023525199
P0AFZ1	521.6917674708
P0AFZ3	539.3845444991
P0AG07	524.082886542
P0AG16	467.9798744962
P0AG18	2831.6362763497
P0AG20	1.0508516411
P0AG27	34.3717135692
P0AG30	2960.4704972391
P0AG40	45.5713266703
P0AG44	1218.2256888062
P0AG48	8499.8002035523
P0AG51	6726.4998947965
P0AG55	19723.1233886073
P0AG59	196.750738837
P0AG63	9140.088340084
P0AG67	16452.2360248195
P0AG76	41.8344748796
P0AG78	152.9332177304
P0AG80	1049.254586017
P0AG82	180.6748040073
P0AG84	189.0937504515
P0AG86	7718.2035563533
P0AG90	0.1457895223
P0AG99	12.9370225083
P0AGA6	68.8113782323
P0AGB0	14.9940530729
P0AGB6	387.4028000146
P0AGC3	197.0169126622
P0AGD1	827.58637587
P0AGD3	2229.8759804076
P0AGD7	266.2845831718
P0AGE0	1508.5318249815
P0AGE6	1134.9127397421
P0AGE9	5967.4390864069
P0AGF2	250.6085991311
P0AGG0	48.3719380223
P0AGG2	494.1507664197
P0AGG4	548.1553547949
P0AGG8	703.288483077
P0AGI8	93.5594643319
P0AGJ2	10.9183949058
P0AGJ5	1011.5010609756
P0AGJ7	96.9487531562
P0AGJ9	768.7711036663
P0AGK4	4032.575648529
P0AGK8	2188.1547290385
P0AGL5	32.6468600126
P0AGL7	265.9863736304
P0C018	5223.4183884514
P0C037	2374.2528383743
P0C054	586.0448019143
P0C058	1049.1009302234
P0C066	80.2667950208
P0C079	410.2971214083
P0C093	79.3735451708
P0C0K3	53.1354104375
P0C0L2	5263.3785594415
P0C0L9	2607.3311096556
P0C0R7	253.0549808434
P0C0T5	52.7899514128
P0C0U4	49.5039233937
P0C0V0	2586.5626657596
P0C8J6	4024.1755243484
P0C8J8	1027.5070369701
P0C8K0	5.8496496618
P0C960	290.7853896741
P0CB39	7.0925925428
P0CE47	58506.1093517825
P0CE49	56.2041468409
P0CE60	21.2013381196
P0CF40	33.7077249634
P0CG19	71.4166454327
P10100	364.6680091732
P10121	1219.262728083
P10346	432.3195495827
P10371	1081.2232984805
P10378	17.6173978511
P10384	23.4142350535
P10408	422.7585946897
P10423	15.3832776537
P10441	29.632850179
P10442	81.6880614073
P10443	4.1899607415
P10902	2.4230590483
P10907	54.2662393873
P10908	43.1205337623
P11349	0.8096022444
P11446	3897.440428709
P11447	1385.9801492397
P11458	230.6301149544
P11557	11.5696839875
P11875	738.4343527958
P11880	144.6970083633
P12008	983.0477191536
P12281	515.7964497984
P12282	93.8026574916
P12295	201.0380320274
P12758	1607.9164146096
P12994	807.0665934056
P12995	107.2484246478
P12996	185.517201397
P12998	210.6439128718
P12999	6.1694859489
P13000	688.3848592358
P13001	100.7423845
P13009	307.1193102597
P13016	167.2366084804
P13024	171.4826843262
P13029	1095.4074171015
P13033	7.2640726306
P13035	156.7570364265
P13036	1.2211491078
P13039	5.8515165539
P13445	96.1035610031
P13458	5.3083932118
P13482	324.7657628526
P13656	3.0208875377
P13669	53.551946532
P13857	46.5394724437
P14081	236.6548434987
P14175	69.5159662125
P14294	4.1264391804
P14407	15.3272333405
P14900	728.1814213109
P15028	10.9200985444
P15031	13.7951436784
P15034	347.2696193903
P15038	11.8605943714
P15042	149.2872355738
P15047	89.2467246838
P15078	4.3132761614
P15082	55.2828375931
P15254	393.592989121
P15288	2971.2541960939
P15373	259.5660610265
P15639	3103.5716386443
P15640	1770.3141757797
P15770	220.1357009292
P15877	4.4957487516
P16095	212.4838082656
P16384	75.0852852818
P16456	697.2027571724
P16525	18.2010140589
P16528	63.5249309949
P16659	3338.3762290216
P16676	654.2227366954
P16681	427.4335587433
P16691	340.44560659
P16692	51.0589407336
P16700	3017.060643042
P16703	2068.9065067636
P16926	8.2705927949
P17109	1.5436327445
P17115	64.5714429231
P17117	772.7374532916
P17169	790.4640748639
P17315	175.9619690043
P17443	196.1664955534
P17445	250.4628072331
P17846	1962.4258393884
P17854	1526.8696417319
P17888	3.3319879922
P17952	452.2675800238
P17993	968.8092750308
P18133	182.4301564672
P18196	226.3117506001
P18335	4328.9595011486
P18390	604.2924178315
P18393	66.6158096216
P18843	3595.3768293724
P18956	238.2381243138
P19624	104.3462087727
P19636	80.2144801823
P19926	851.1515544318
P20083	24.1436978152
P20099	9.9713416235
P20605	283.493491768
P21151	251.5099365895
P21156	2605.6437041564
P21165	1381.5968795902
P21169	60.1050130028
P21170	719.7058423233
P21177	5.345376431
P21179	316.2379115697
P21338	461.2449222365
P21361	0.9067715365
P21362	359.7569996877
P21363	395.1185359884
P21367	1702.8845777047
P21369	128.2685237214
P21420	16.8740422321
P21499	33.1638304172
P21507	255.2515886694
P21513	915.6859139744
P21515	21.8643456085
P21599	1715.0339861259
P21645	984.1655186999
P21693	9.6978813081
P21829	313.6963070411
P21866	59.084530418
P21888	820.9383288366
P21889	1563.3702543615
P21893	5.0907433752
P22106	345.162368547
P22186	84.7367950277
P22188	345.8460960811
P22255	1081.7888716528
P22256	239.9101363958
P22259	1835.3269445456
P22333	610.4459775388
P22523	35.5411157812
P22524	288.5077541431
P22525	65.1990000659
P22564	68.3515596972
P22634	179.4082228546
P22731	907.3521816556
P22939	382.5053585433
P23003	144.4835919783
P23305	19.469246022
P23331	547.8669480288
P23367	46.9639309785
P23485	2.9868891063
P23522	31.2225657415
P23538	830.5387455847
P23721	8827.2846029356
P23827	380.9666390239
P23830	27.1592418055
P23836	1656.7571233343
P23839	679.4159386334
P23840	0.4947452009
P23843	7261.6967633827
P23845	42.637303265
P23847	6461.3325700314
P23857	790.9190916222
P23862	8.3732850998
P23865	796.3649734031
P23869	6296.7359962078
P23871	66.5027930361
P23882	795.0724400775
P23883	27.8066160353
P23893	1768.9238370855
P23894	36.9120311675
P23908	1939.6071969926
P23909	65.8428540305
P23917	293.7765961655
P24171	187.3596908181
P24173	61.9862652601
P24178	794.8495051403
P24182	1744.4795394498
P24186	1663.5407830409
P24188	92.208732792
P24197	207.9007202083
P24202	87.0642876376
P24203	95.4773210511
P24205	39.9529558457
P24215	248.8586758107
P24224	32.6209964854
P24228	102.1885368244
P24230	3.3068554454
P24232	193.068148744
P24242	16.6242509737
P24251	1042.6970797157
P24252	40.1060419287
P24255	195.8560419992
P24554	144.9728106049
P25397	160.2851939202
P25437	1113.9183071307
P25516	219.8291994044
P25519	100.1407534879
P25522	240.4840542524
P25524	190.8971911238
P25526	305.2604921945
P25534	63.2331883845
P25535	31.156549543
P25536	136.6598378357
P25539	118.2368713484
P25553	2311.6269147077
P25665	14994.3984331717
P25718	23.0119704653
P25738	4322.0443848013
P25740	49.2793664935
P25745	947.1196226029
P25746	87.5758984444
P25748	7.6821884361
P25894	407.8132494462
P25906	492.629294196
P26281	213.9785589482
P26365	134.4181749625
P26602	97.6684889425
P26612	65.7460883448
P26616	1063.1394135613
P26646	388.3049050347
P26648	144.3279121974
P26649	27.2010200417
P27238	14.5289519724
P27247	14.3290299268
P27248	989.6557925178
P27249	10.6629695485
P27250	152.6634885132
P27278	98.2666549296
P27298	268.3590611251
P27302	3319.2176577484
P27305	47.5626320489
P27306	645.5171477934
P27431	850.5147710987
P27434	7.8177447003
P27550	184.3880220887
P27828	180.8108026927
P27829	106.9250704458
P27830	107.4967519181
P27832	28.9816857198
P27833	31.5434985645
P27836	29.523798118
P27838	624.3344328325
P27848	335.5637716768
P27859	10.2878790195
P27862	107.7482154177
P28248	396.6599053172
P28304	905.2603177482
P28305	28.0273415867
P28631	42.9867747337
P28632	311.6777306199
P28634	318.2372045952
P28635	2893.9343669894
P28861	436.5837286874
P28903	21.780606532
P28904	30.5074251364
P28905	121.6102955507
P29012	34.3529431245
P29013	1.9302190389
P29018	53.612848319
P29131	4.0524612944
P29208	43.5020250838
P29217	480.6569885404
P29680	167.6663540325
P29745	568.7488204267
P30011	447.9608047471
P30014	249.0013568735
P30125	5278.9054224018
P30126	4419.718511264
P30128	72.9336424653
P30147	5.6160651631
P30177	1093.8258169746
P30178	1296.139871462
P30744	212.0596476178
P30748	804.0618521566
P30749	765.122441206
P30750	411.4949721009
P30843	133.4673937335
P30850	1099.5252043052
P30859	2581.6052771191
P30860	5195.8755308655
P30863	187.3982290278
P30864	29.7707505666
P30871	33.6845359916
P30958	283.69799226
P31057	109.7010705311
P31060	9.5162773303
P31063	236.2299419583
P31069	41.7360282401
P31120	1251.2896732393
P31130	835.8246231434
P31131	128.9974656801
P31133	2051.6977931391
P31134	71.0409714622
P31142	715.3972644878
P31441	32.2530198292
P31455	71.8848813919
P31459	11.9318499759
P31460	102.6234490532
P31467	21.357417311
P31473	6.5726463063
P31475	89.2675109982
P31545	10.4460180422
P31550	110.4538768182
P31551	59.3768775364
P31554	135.2630524302
P31600	0.3627385742
P31658	1793.4073490101
P31660	1.1992475657
P31663	1412.206888082
P31677	298.8087485524
P31678	54.875264206
P31697	58.4692406739
P31802	216.5421749894
P31806	111.3873768573
P31808	126.6006763845
P31825	28.8362721944
P31827	1.4328444013
P31828	28.9192205357
P31979	200.0552689517
P31992	258.3709444009
P32099	84.4770927661
P32125	24.4883087181
P32131	3.2430386588
P32132	2441.4244171179
P32134	12.2304041338
P32141	19.3341764858
P32144	52.4649173938
P32157	136.6832588823
P32160	46.2638510318
P32162	562.3839819047
P32173	174.3738977282
P32176	12.4500311922
P32177	21.6471466124
P32662	842.8262001602
P32664	178.6641845582
P32677	1.7493442873
P32680	244.3379459846
P32684	44.9967337759
P32685	110.5082802024
P32695	401.1332282163
P32705	0.2167282801
P33012	499.0100387994
P33014	6275.1829679686
P33015	8.1662331183
P33018	344.5421227488
P33025	50.7375908411
P33029	0.4892169892
P33030	50.6153855829
P33136	1856.4847953502
P33195	86.8373146497
P33218	210.4894806975
P33219	2332.8757296572
P33221	420.1737969613
P33232	359.0504910605
P33355	37.6040975526
P33360	117.8216167122
P33362	504.4375494611
P33363	269.6592826062
P33368	165.7324443283
P33371	11.6847903194
P33570	999.2167844926
P33599	26.681689289
P33602	397.6972692989
P33643	610.9207192747
P33644	88.4966048417
P33667	11.1787494674
P33913	10.3511069724
P33920	123.9219269279
P33937	0.6967617753
P33940	166.9207201553
P34209	491.2765015339
P35340	1484.3910999382
P36548	26.7695367548
P36553	115.9006454815
P36562	108.0484343899
P36566	10.6337536655
P36649	1264.4023047429
P36659	156.0964294594
P36667	3.2343317734
P36672	2.1269036813
P36673	65.5880547185
P36680	59.032402455
P36683	4637.2380780967
P36767	607.0000413809
P36771	56.5012026703
P36879	323.858883628
P36928	29.4208056938
P36929	2.6654870113
P36930	7.1842378254
P36938	1302.9391002198
P36979	133.6253455992
P36995	2.0033845643
P36999	96.117922919
P37005	100.0692188029
P37028	21.2134479259
P37051	1450.6981249853
P37052	187.2427941569
P37095	438.8086038031
P37127	5.2553500769
P37128	193.4798034687
P37146	71.9189061705
P37177	0.9186588062
P37182	59.6592545226
P37188	6988.6250686014
P37194	379.495801758
P37313	187.810423617
P37325	5.0029840897
P37329	1523.3623583271
P37330	618.4840807433
P37338	5.6380997748
P37339	7.8024639565
P37344	45.9150346681
P37348	1.0847431801
P37349	471.0337690239
P37351	108.738518534
P37387	142.9684404516
P37440	286.8156392528
P37590	352.9941946259
P37595	187.9788923753
P37610	1.9245694124
P37613	164.4970324098
P37626	13.4184864554
P37631	52.5612192273
P37634	831.6903127488
P37636	1.244509608
P37642	7.1936292709
P37645	19.8059526218
P37647	386.5348077175
P37648	375.0016431268
P37659	0
P37661	19.7570201446
P37665	7.0736022656
P37666	3092.7102953489
P37671	210.4806546934
P37676	9.5405499242
P37678	45.8271919412
P37685	80.5781835468
P37689	2880.650724551
P37690	23.2428119156
P37691	125.6711207247
P37692	189.3963780419
P37744	1049.2557321534
P37745	674.4434420738
P37747	1355.7076501106
P37749	22.5967909384
P37757	135.9520885082
P37759	1175.8404816312
P37760	784.1987708494
P37765	28.5152003624
P37767	44.0907708015
P37769	51.8352350909
P37773	362.5067241701
P37774	306.4517779176
P37794	39.3355775984
P37902	3514.4431379788
P37903	1117.2077236949
P38038	3236.6781291687
P38051	1.2329295309
P38104	4.8468066889
P38105	0.9778317081
P38489	3010.7637273615
P38506	47.7749403887
P38521	1928.9290421312
P38684	0.982196422
P39099	649.5671201072
P39160	70.1343757913
P39161	121.7668979145
P39172	515.2610398698
P39173	2140.0882939988
P39176	124.9716330989
P39177	1464.6378021707
P39180	163.6255631344
P39187	76.1007408363
P39199	483.5103891126
P39208	14.7634512944
P39265	55.4648318544
P39280	13.2024247236
P39286	361.1673885955
P39310	106.3454394391
P39315	284.5281463332
P39325	548.4482550487
P39332	15.4618184542
P39334	254.4355750943
P39337	45.7710407283
P39342	36.1708149144
P39346	273.6208274266
P39353	9.5678973851
P39356	87.4064664195
P39359	26.2639794646
P39363	8.8026066133
P39364	76.7223276364
P39366	2.1584167787
P39371	6.5559090216
P39380	1.5457397313
P39401	2.1168951263
P39405	61.791801637
P39406	613.3826977698
P39407	4.0735516244
P39408	114.1657413601
P39411	415.2773539366
P39451	0.3598011108
P39829	24.9575376307
P39831	3008.472573542
P39838	0.1715740078
P40120	111.1764622732
P40191	355.2543488951
P40710	30.5944719111
P40874	1183.0780185474
P41039	13.6433924028
P41052	224.9489401093
P41407	2065.7196251467
P41409	49.5423897135
P42588	50.6733303657
P42593	13.4768709819
P42596	42.191001924
P42597	0.5351797196
P42599	71.5668937685
P42616	503.4114085203
P42620	182.9336263061
P42624	33.1418175234
P42626	1.6446724933
P42632	30.4810737761
P42641	572.6836044992
P42904	97.7334690389
P43329	14.455894319
P43337	16.896664649
P43340	44.9547287668
P43671	1.059948896
P43672	77.3720621824
P45395	322.6905730133
P45424	129.0479206475
P45425	82.9475681353
P45464	274.9447860529
P45469	93.7210186485
P45470	368.2709515574
P45523	3545.1037339338
P45524	18.4107426305
P45530	184.0413520292
P45531	93.7778581276
P45532	24.630183788
P45544	12.1817609161
P45552	38.8068378389
P45568	72.1932116986
P45577	789.2458301273
P45578	5948.9636589214
P45579	364.5753416023
P45748	418.650229668
P45771	108.7284685112
P45795	301.8847680694
P45799	437.1594846972
P45955	1608.1636876512
P46022	0.1950221656
P46118	57.5488470283
P46122	191.6263895739
P46130	355.9543143344
P46144	1.6740940604
P46474	3.0156322556
P46837	326.2308047297
P46852	215.1771656211
P46853	435.8624016768
P46854	5.5961941683
P46859	152.6670031046
P46887	3.289046052
P46888	260.1696993763
P46889	0.5104093856
P50465	21.7997011291
P51020	73.2624272412
P51024	255.0686850961
P51025	51.9620442428
P51981	102.409729458
P52006	20.8491219482
P52007	293.6640782402
P52037	17.7334042618
P52060	71.3174915505
P52061	832.4180591641
P52062	7.1466325103
P52073	8.4687295985
P52076	70.3622344503
P52096	189.3763203906
P52097	7.9088417256
P52106	0.2124454725
P52108	249.5696083307
P52119	100.4798370111
P52598	1.5522514485
P52643	644.7013704157
P52647	8.6248166164
P52697	3369.7268092442
P54746	2.0166142277
P55135	18.0017367695
P56262	1416.2968522341
P56614	16.5094748506
P58035	146.578945508
P58094	104.5220528497
P60240	83.8234234248
P60293	24.9242675999
P60340	157.8631782566
P60390	580.3120692099
P60422	207.1130230112
P60438	7551.0992135136
P60472	31.399949649
P60546	517.347838762
P60560	1564.2614696522
P60595	1484.6785987841
P60624	2618.2841417319
P60651	426.644464231
P60664	1406.9665375402
P60716	526.1113107891
P60720	136.6807089494
P60723	11478.1453188767
P60752	5.3265534683
P60757	2458.4041584814
P60785	351.9989290272
P60906	1076.1970917223
P61175	5100.2514934634
P61316	1192.1376179027
P61320	612.9397424839
P61517	3905.8154700675
P61714	7500.396608614
P61887	48.8528938635
P61889	20054.160135899
P61949	2165.8610897555
P62399	16322.9185906456
P62601	11.1427544329
P62615	92.2130652978
P62617	16.0064407922
P62620	746.3977973366
P62623	554.4151161932
P62707	10944.3962519908
P62768	2194.8848517367
P63020	4132.1783876271
P63177	531.2067436713
P63224	3158.5865700431
P63228	853.9359452082
P63284	318.9322862846
P63386	257.3660477295
P63389	20.8319671126
P63417	682.1497784972
P63883	20.1646645078
P64429	8.0901859341
P64451	1256.617372183
P64455	846.0499046605
P64461	23.9368781795
P64463	295.8315206315
P64467	42.9092393073
P64476	161.1602456818
P64479	410.996503845
P64483	362.1750226276
P64490	19.1162738064
P64493	6.388793398
P64503	1679.5607385622
P64506	1513.2351712891
P64517	22.3242817217
P64519	524.6528013684
P64534	720.241109131
P64540	1079.247854377
P64554	150.0418039379
P64559	190.0383784362
P64574	0.7332486198
P64581	2146.3863497593
P64588	172.0877554792
P64594	7.536614967
P64596	160.0604650305
P64599	5.803490095
P64602	470.414097197
P64610	30.5065777265
P64612	17.5490369342
P64614	35.0280679742
P64616	259.3342464282
P64624	575.0762881256
P64636	61.5938571467
P64638	4.2288911334
P65292	255.2693218538
P65367	674.199421182
P65556	343.1931350637
P65807	10.0043518011
P66817	230.5708625646
P66948	275.0477920136
P67080	165.7565450667
P67087	395.2161338474
P67095	820.7980068787
P67338	84.2079148143
P67430	3.0936529184
P67603	1277.2579794314
P67624	187.1410635345
P67660	121.0889844695
P67699	21.7346117529
P67826	89.1441018771
P67910	2179.6130043742
P68066	1105.4440086878
P68187	91.7517467659
P68191	1835.3465575338
P68206	750.5666090165
P68398	26.3905224137
P68567	246.3758574397
P68679	1657.9052274391
P68688	756.9199374057
P68739	219.5210443917
P68767	12.1901892416
P68919	10903.4036402945
P69222	7999.4472764426
P69228	155.9815031284
P69346	53.4957389845
P69407	1637.9616925045
P69411	340.1515422434
P69425	62.3621896444
P69428	83.9111088994
P69441	4604.1718039411
P69451	0.1265784202
P69488	427.8124863724
P69503	2863.0327753389
P69506	6.0906678422
P69776	753.1701849141
P69783	13462.8422605151
P69786	247.6828188866
P69791	0.6250970553
P69795	285.4624909665
P69797	2565.8668119141
P69805	6.0516340154
P69811	282.627084639
P69822	28.2448861556
P69828	3921.8193507798
P69829	798.5582963538
P69853	14.5266016013
P69874	327.3239258476
P69908	97.6512418487
P69910	133.9483498083
P69913	882.5970225656
P69924	331.6834360391
P69931	10.6486045726
P71298	0.0273774642
P75682	22.4271482378
P75691	2285.1180969151
P75694	5742.1723403432
P75713	95.8394982172
P75728	100.3412626799
P75736	747.4665359369
P75745	123.0870124631
P75746	71.5215196052
P75767	32.5545796332
P75779	144.4249357664
P75780	21.5277734807
P75782	143.3160822885
P75785	0.3286454471
P75791	157.6331220164
P75792	148.1936629927
P75804	86.6756789444
P75809	106.3932876291
P75817	3.9323331004
P75818	307.853873142
P75820	5.8643864472
P75821	11.3254728947
P75823	642.8188085114
P75829	12.1525413462
P75838	11.8771545484
P75849	1123.8881301932
P75863	121.3609231894
P75864	21.0263841869
P75867	13.3922353222
P75874	1548.4865144501
P75876	185.184516602
P75913	807.2248277944
P75914	128.4740768483
P75915	1173.3329123682
P75931	191.4991367789
P75937	39.8693353035
P75952	63.394265185
P75954	129.8511352576
P75957	529.9104756009
P75959	107.7476652468
P75960	307.374910879
P75974	156.8999173487
P75989	5.1139272235
P75992	0
P76002	732.8050022891
P76004	568.6530474394
P76008	92.5244399579
P76014	396.0655123466
P76015	699.7176015907
P76027	10.6252977253
P76034	231.0385107291
P76046	14.4372483375
P76049	47.9683287666
P76053	56.6337141665
P76055	382.1394713891
P76062	81.0043589698
P76073	31.2560393292
P76076	2.7501303254
P76085	2.8867237946
P76097	8.0152367084
P76104	27.2283801656
P76108	541.6781937444
P76112	258.6385848173
P76113	466.9918571712
P76116	2927.847264752
P76121	10.7282108858
P76128	127.898610268
P76141	44.8924485562
P76142	320.6234586167
P76143	286.6624166471
P76145	266.7495466765
P76149	168.2317970466
P76170	1214.365894371
P76172	1066.3127523456
P76176	14.7042050672
P76177	2481.629174046
P76187	441.6113434922
P76190	0.3155204542
P76193	631.3036803473
P76194	242.7543437583
P76206	2.467057203
P76217	2.2196500452
P76223	84.8974418279
P76227	139.2318257614
P76231	176.486334076
P76234	29.7077845124
P76243	386.992033766
P76245	2.557741158
P76256	197.2871880128
P76268	321.3688727655
P76270	1244.3163639372
P76272	11.1530139309
P76273	4.3498929368
P76290	247.3761067711
P76291	53.977336883
P76316	940.3168095526
P76318	6.2756580934
P76329	153.5384259481
P76340	9.7842316874
P76341	1275.2237718018
P76342	23.6983294273
P76346	373.6135000163
P76372	36.0638709176
P76373	9.9083180606
P76397	9.9098591948
P76402	1639.6835745324
P76403	108.6935630447
P76407	114.0857892404
P76422	27.883235137
P76423	3.4772479074
P76471	3.4661845968
P76491	132.6134462017
P76501	103.7901028437
P76502	403.8358333949
P76503	49.4796506234
P76507	16.8034164766
P76535	59.1582578498
P76536	511.9129896191
P76539	99.4826190387
P76541	117.9089049756
P76549	53.4139331883
P76550	230.4619866263
P76558	512.4776334084
P76561	364.5845568061
P76569	1883.0984303751
P76575	252.2152632736
P76576	509.5666329781
P76578	49.7302550573
P76594	3.080013928
P76621	0.9920323935
P76641	5.3742994718
P76658	792.5285250009
P77148	69.7936902061
P77150	119.9812425961
P77171	53.4226005799
P77181	190.1445440016
P77202	238.9710177706
P77211	214.1466537007
P77212	53.3522261202
P77213	141.0779750199
P77214	16184.0782266993
P77221	1.0219796394
P77239	2141.0538259291
P77243	28.2869121813
P77245	4.8296342018
P77247	610.8838683408
P77252	28.1812323983
P77258	289.8938609411
P77269	24.0109662718
P77279	82.7310055227
P77285	120.4986047293
P77295	142.5948181788
P77300	36.9436984987
P77302	61.0778914682
P77316	18.8577246088
P77318	139.9525209999
P77348	219.1652074729
P77360	2.3188195731
P77368	9.740211342
P77376	81.2157735953
P77395	1887.4811273284
P77399	2.8485671951
P77425	0.1190652857
P77433	13.2697459259
P77434	74.6202689701
P77444	336.2546503706
P77454	351.7791780264
P77475	115.5346978701
P77488	168.0593147393
P77499	697.0202664929
P77522	97.4327784688
P77526	75.3655878537
P77529	6.5640551332
P77541	156.7800982364
P77544	392.0822071925
P77552	153.3861972201
P77554	320.1800368861
P77559	3.3256083501
P77561	6.4586560819
P77562	72.9995067558
P77569	21.4400711334
P77570	133.3142348787
P77580	256.2895805982
P77581	67.2612636188
P77588	3.9813875438
P77608	7.2603386009
P77609	6.9823939333
P77611	2.43856762
P77615	16.007931917
P77619	14.3725606881
P77625	737.4238660137
P77626	14.5987360981
P77649	69.8222838583
P77667	1086.3989768431
P77674	29.31185114
P77689	416.1185020783
P77690	81.8172862857
P77695	2467.1031642449
P77712	140.214725583
P77717	2007.8063416176
P77718	21.2226469901
P77721	45.5127666586
P77735	589.9559235365
P77737	48.5706382592
P77739	361.6765015646
P77748	40.1705461453
P77754	582.9199165293
P77756	192.2461040077
P77774	201.6445477776
P77775	108.9010638702
P77781	877.7376065337
P77788	271.4310257612
P77791	121.0329411977
P77795	16.2663112714
P77804	882.2893404789
P77806	42.5985138446
P77808	6.8244161113
P78055	50.7672773232
P78067	128.2891396188
P80668	38.8619242617
Q06065	7.3786039478
Q2A0K9	94.2675192072
Q2M7R5	1696.7546268969
Q2M7X4	104.5797955208
Q46798	2.9638467352
Q46800	9.0531444148
Q46801	1.9820017734
Q46803	4.854976638
Q46810	44.1597298939
Q46822	255.492742361
Q46829	24.2087289442
Q46845	984.3657270511
Q46851	186.2006213327
Q46855	55.510364832
Q46856	1389.647173469
Q46857	614.5732097686
Q46861	0.1002793643
Q46863	47.3718357645
Q46864	123.8400189282
Q46868	472.204601946
Q46871	187.2470987291
Q46891	7.2973923733
Q46893	94.9891215371
Q46919	131.9733227425
Q46920	214.7493298358
Q46925	89.0485796543
Q46927	47.7509123159
Q46938	18.7884213567
Q46939	12.0028621048
Q46948	798.8450838451
Q47083	167.9534503972
Q47129	3.5964953339
Q47146	0.2514909487
Q47147	125.0930510857
Q47150	214.5043814736
Q47156	17.5017968648
Q47537	1.2824014848
Q47622	56.7236369816
Q47679	218.7554388208
Q47690	354.456985031
Q47710	0
Q57261	268.9321351313
Q59385	1771.6719345367
Q5H772	147.8711692164
Q5H776	222.3867663277
Q5H777	105.3094957867
Q6BF16	8.7860582026
Q6BF17	18.6209172358
Q7DFV3	0
Q93K97	287.0119263877
